S.no,Player Name,Nationality,Role,Test Runs,ODI Runs,T20 Runs,Wickets,No. of 50's,No. of 100's
1,Shakib Al Hasan,Bangladesh,All-rounder,4356,6638,6556,906,111,13
2,V Kohli,India,Batsman,9230,14819,13315,13,213,93
3,RA Jadeja,India,All-rounder,4097,2880,4034,802,46,6
4,R Ashwin,India,All-rounder,3485,707,1071,948,16,6
5,DJ Bravo,West Indies,All-rounder,1855,2760,5951,828,36,5
6,JM Anderson,England,All-rounder,1290,254,7,984,1,0
7,JE Root,England,All-rounder,14180,7578,3046,136,136,60
8,CH Gayle,West Indies,All-rounder,3927,6433,12776,196,127,40
9,SCJ Broad,England,All-rounder,3662,509,143,849,13,1
10,DA Warner,Australia,Batsman,8786,6623,12553,4,178,55
11,SR Watson,Australia,All-rounder,3684,5357,8236,408,105,19
12,RG Sharma,India,All-rounder,4301,11532,11373,27,158,51
13,TG Southee,New Zealand,All-rounder,2245,715,626,881,9,0
14,MM Ali,England,All-rounder,3094,2278,6734,565,51,11
15,JO Holder,West Indies,All-rounder,3062,2144,3471,692,30,3
16,AB de Villiers,South Africa,Batsman,8182,9435,8753,9,157,50
17,KC Sangakkara,Sri Lanka,Batsman,8489,11640,6091,0,147,53
18,MA Starc,Australia,All-rounder,2498,579,224,869,14,0
19,KS Williamson,New Zealand,All-rounder,9515,7145,6627,77,131,48
20,JH Kallis,South Africa,All-rounder,7405,4929,3711,329,91,36
21,SPD Smith,Australia,All-rounder,10920,5668,6523,74,112,56
22,BA Stokes,England,All-rounder,7273,3469,2323,402,68,21
23,TA Boult,New Zealand,All-rounder,759,216,384,877,1,0
24,AD Russell,West Indies,All-rounder,2,1034,9588,566,40,2
25,DW Steyn,South Africa,All-rounder,1226,365,245,858,3,0
26,AD Mathews,Sri Lanka,All-rounder,8073,5646,3239,237,94,18
27,Mohammad Hafeez,Pakistan,All-rounder,3321,6351,5218,294,72,19
28,K Rabada,South Africa,All-rounder,1102,401,564,826,1,0
29,SP Narine,West Indies,All-rounder,40,363,4910,715,17,1
30,Shoaib Malik,Pakistan,All-rounder,1288,5981,8856,242,88,7
31,KA Pollard,West Indies,All-rounder,0,2608,12798,296,73,5
32,Q de Kock,South Africa,Batsman,3300,7014,12145,0,134,37
33,JC Buttler,England,Batsman,2907,5536,13678,0,148,22
34,MS Dhoni,India,Batsman,4721,10274,7023,1,129,15
35,HK Matthews,West Indies,All-rounder,0,3211,7647,475,50,16
36,TM Dilshan,Sri Lanka,All-rounder,4384,9212,3705,151,86,36
37,SFM Devine,New Zealand,All-rounder,0,3085,9987,368,73,14
38,Babar Azam,Pakistan,Batsman,4674,6328,10575,2,153,39
39,GJ Maxwell,Australia,All-rounder,339,3695,10369,277,76,12
40,EA Perry,Australia,All-rounder,904,3750,9013,303,96,7
41,F du Plessis,South Africa,Batsman,4163,5445,11396,11,135,31
42,NR Sciver,England,All-rounder,866,4013,8435,314,82,13
43,NM Lyon,Australia,All-rounder,1705,77,44,644,0,0
44,MG Johnson,Australia,All-rounder,2065,934,280,659,13,1
45,HM Amla,South Africa,Batsman,9146,7834,3667,0,102,56
46,LRPL Taylor,New Zealand,Batsman,7597,8126,4704,3,103,39
47,AC Kerr,New Zealand,All-rounder,0,2402,6244,498,39,7
48,Shahid Afridi,Pakistan,All-rounder,401,3913,3162,508,24,5
49,Harbhajan Singh,India,All-rounder,1554,917,1062,591,8,2
50,Sikandar Raza,Zimbabwe,All-rounder,1120,3707,6068,340,52,8
51,PJ Cummins,Australia,All-rounder,1584,525,991,632,6,0
52,M Kapp,South Africa,All-rounder,376,2590,4663,479,30,4
53,M Morkel,South Africa,All-rounder,944,268,178,666,0,0
54,BB McCullum,New Zealand,Batsman,5778,5157,8022,1,102,20
55,Mahmudullah,Bangladesh,All-rounder,2900,5131,5102,208,67,9
56,DPMD Jayawardene,Sri Lanka,Batsman,6615,8069,4036,3,100,35
57,Tamim Iqbal,Bangladesh,Batsman,5019,7648,6086,0,128,25
58,Mushfiqur Rahim,Bangladesh,Batsman,6592,7096,4780,0,97,23
59,MJ Clarke,Australia,All-rounder,8146,6988,586,91,76,35
60,MJ Santner,New Zealand,All-rounder,1089,1641,2858,489,15,1
61,SL Malinga,Sri Lanka,All-rounder,255,508,246,695,2,0
62,MJ Guptill,New Zealand,Batsman,2586,7125,8140,12,103,25
63,JJ Bumrah,India,All-rounder,348,110,89,701,0,0
64,KP Pietersen,England,All-rounder,8079,4202,4904,25,89,34
65,Imran Tahir,South Africa,All-rounder,130,157,317,720,0,0
66,AU Rashid,England,All-rounder,540,942,637,641,3,0
67,Mehedi Hasan Miraz,Bangladesh,All-rounder,2237,1408,2065,434,19,3
68,S Dhawan,India,Batsman,2208,6733,8858,4,107,25
69,DL Vettori,New Zealand,All-rounder,2874,1450,412,447,16,5
70,RS Bopara,England,All-rounder,575,2689,8260,255,61,6
71,V Sehwag,India,All-rounder,5969,5763,3118,97,71,27
72,CR Woakes,England,All-rounder,2034,1514,717,501,15,1
73,SM Curran,England,All-rounder,815,658,6039,407,41,1
74,A Gardner,Australia,All-rounder,326,1604,5335,408,40,4
75,JR Hazlewood,Australia,All-rounder,575,135,60,615,0,0
76,Yuvraj Singh,India,All-rounder,1534,6932,4209,163,74,14
77,MR Marsh,Australia,All-rounder,2083,3066,6714,187,71,12
78,JP Duminy,South Africa,All-rounder,2103,4928,5071,165,69,9
79,Mohammed Shami,India,All-rounder,750,224,158,606,2,0
80,SK Raina,India,All-rounder,768,5585,7715,89,91,9
81,Mohammad Amir,Pakistan,All-rounder,751,363,418,598,2,0
82,SR Tendulkar,India,All-rounder,6416,6433,2344,39,81,35
83,AJ Finch,Australia,Batsman,278,5188,10657,11,102,24
84,I Sharma,India,All-rounder,778,72,65,545,1,0
85,DB Sharma,India,All-rounder,402,2387,2741,434,29,0
86,JM Bairstow,England,Batsman,6042,3671,6378,0,79,27
87,AD Hales,England,Batsman,573,2330,13163,0,100,14
88,MP Stoinis,Australia,All-rounder,0,1489,7928,278,46,3
89,HMRKB Herath,Sri Lanka,All-rounder,1589,140,8,488,3,0
90,Shaheen Shah Afridi,Pakistan,All-rounder,269,321,979,585,2,0
91,DJ Willey,England,All-rounder,0,656,4879,435,25,2
92,NLTC Perera,Sri Lanka,All-rounder,203,2233,3891,384,19,2
93,B Lee,Australia,All-rounder,834,865,307,518,5,0
94,AN Cook,England,Batsman,12472,3204,91,1,76,38
95,KL Rahul,India,Batsman,4116,3283,8290,0,107,27
96,HH Pandya,India,All-rounder,461,1897,5572,314,36,1
97,Z Khan,India,All-rounder,930,531,130,516,3,0
98,JDS Neesham,New Zealand,All-rounder,709,1508,4708,358,24,2
99,AC Jayangani,Sri Lanka,All-rounder,0,3300,6971,213,46,13
100,DA Miller,South Africa,Batsman,0,4573,10898,0,69,11
101,CJ Jordan,England,All-rounder,180,184,2463,529,3,0
102,Shadab Khan,Pakistan,All-rounder,300,814,3624,443,24,0
103,A Zampa,Australia,All-rounder,0,398,357,614,0,0
104,GC Smith,South Africa,Batsman,7584,5280,1676,20,76,31
105,S Ecclestone,England,All-rounder,257,421,1441,543,1,0
106,JL Jonassen,Australia,All-rounder,291,533,3405,460,12,0
107,MN Samuels,West Indies,All-rounder,3021,4205,3565,150,61,16
108,SW Bates,New Zealand,All-rounder,0,3389,8618,125,70,9
109,M Muralitharan,Sri Lanka,All-rounder,275,317,22,539,0,0
110,IR Bell,England,Batsman,7416,5289,2025,7,90,27
111,B Kumar,India,All-rounder,552,552,466,532,4,0
112,PD Collingwood,England,All-rounder,3931,4148,2183,167,50,14
113,AR Patel,India,All-rounder,688,918,3311,390,15,0
114,HC Knight,England,All-rounder,974,3493,6889,131,62,6
115,MEK Hussey,Australia,Batsman,5779,5076,3470,9,90,21
116,JJ Roy,England,Batsman,187,4237,10045,0,88,18
117,KA Maharaj,South Africa,All-rounder,1334,324,542,454,6,0
118,AM Rahane,India,Batsman,5067,2906,6424,1,91,17
119,RT Ponting,Australia,Batsman,6733,6979,646,1,83,33
120,DJG Sammy,West Indies,All-rounder,1323,1853,3322,278,19,1
121,TM Head,Australia,All-rounder,4653,2948,4962,67,65,21
122,BL Mooney,Australia,Batsman,578,3155,10613,0,111,13
123,Mustafizur Rahman,Bangladesh,Bowler,66,165,202,576,0,0
124,EJG Morgan,England,Batsman,700,6953,6659,0,80,14
125,BKG Mendis,Sri Lanka,Batsman,4826,4491,4945,1,88,18
126,KAJ Roach,West Indies,All-rounder,1400,308,56,448,1,0
127,MJ Henry,New Zealand,All-rounder,676,270,434,511,4,0
128,Saeed Ajmal,Pakistan,All-rounder,451,323,133,494,1,0
129,G Gambhir,India,Batsman,3733,4981,5361,0,96,19
130,SD Hope,West Indies,Batsman,2505,5865,5646,0,67,27
131,AS Joseph,West Indies,All-rounder,804,478,535,481,2,0
132,Hasan Ali,Pakistan,All-rounder,407,377,768,513,2,0
133,JM Vince,England,Batsman,548,590,12685,3,90,9
134,N Pooran,West Indies,Batsman,0,1829,11876,6,81,9
135,Wahab Riaz,Pakistan,All-rounder,306,725,991,465,4,0
136,Imad Wasim,Pakistan,All-rounder,0,937,3468,384,14,0
137,TWM Latham,New Zealand,Batsman,6450,4583,2717,0,75,27
138,S Mandhana,India,Batsman,780,4728,8045,4,93,18
139,Rashid Khan,Not available,All-rounder,0,0,1942,507,3,0
140,PR Stirling,Ireland,All-rounder,415,3548,7475,81,66,12
141,LS Livingstone,England,All-rounder,16,912,8256,180,50,3
142,C Munro,New Zealand,All-rounder,15,1249,11224,35,80,6
143,RL Chase,West Indies,All-rounder,2806,1037,2490,245,31,6
144,PWH de Silva,Sri Lanka,All-rounder,196,1031,2087,429,11,0
145,GP Swann,England,All-rounder,1370,475,104,402,5,0
146,AK Markram,South Africa,All-rounder,3192,2539,5593,69,60,14
147,Mohammad Rizwan,Pakistan,Batsman,2674,2881,7527,0,92,10
148,LD Chandimal,Sri Lanka,Batsman,6427,3657,2884,0,74,18
149,L Wolvaardt,South Africa,Batsman,255,5384,7247,0,78,16
150,SR Patel,England,All-rounder,151,482,4783,304,25,0
151,Kuldeep Yadav,India,All-rounder,243,202,282,492,0,0
152,Younis Khan,Pakistan,Batsman,7135,4777,431,11,55,29
153,Mashrafe Mortaza,Bangladesh,All-rounder,513,1304,871,372,4,0
154,DJ Mitchell,New Zealand,All-rounder,2411,2810,5072,97,57,15
155,PM Siddle,Australia,All-rounder,1164,31,118,415,2,0
156,H Kaur,India,All-rounder,287,3328,6814,85,57,7
157,D Wiese,Namibia,All-rounder,0,328,4249,327,10,0
158,UT Yadav,India,All-rounder,434,79,286,436,0,0
159,DN Wyatt,England,All-rounder,188,1716,8905,57,69,6
160,Shubman Gill,India,Batsman,2867,3141,6079,0,65,25
161,DJ Malan,England,Batsman,1074,1418,9332,9,85,11
162,A Flintoff,England,All-rounder,2228,2168,233,262,26,5
163,Umar Gul,Pakistan,All-rounder,532,442,216,404,1,0
164,IK Pathan,India,All-rounder,744,1226,1622,323,8,1
165,R Dravid,India,Batsman,5925,3723,2205,0,72,17
166,IS Sodhi,New Zealand,All-rounder,561,210,438,425,4,0
167,SC Williams,Zimbabwe,All-rounder,1428,4351,1861,142,49,9
168,MM Lanning,Australia,Batsman,325,3555,7779,2,79,13
169,JC Archer,England,All-rounder,316,205,837,417,1,0
170,Misbah-ul-Haq,Pakistan,Batsman,5102,4752,1652,0,83,10
171,SR Taylor,West Indies,All-rounder,0,2728,4556,171,36,5
172,Taijul Islam,Bangladesh,All-rounder,941,89,189,356,0,0
173,GD Phillips,New Zealand,All-rounder,956,1191,6990,83,51,7
174,DJS Dottin,West Indies,All-rounder,0,1788,5026,185,29,4
175,DM de Silva,Sri Lanka,All-rounder,4400,1769,1505,123,34,13
176,A Sutherland,Australia,All-rounder,715,1062,2730,284,11,7
177,WD Parnell,South Africa,All-rounder,67,574,1741,369,5,0
178,JP Faulkner,Australia,All-rounder,45,1025,1845,352,5,1
179,YS Chahal,India,Bowler,0,77,48,468,0,0
180,Taskin Ahmed,Bangladesh,All-rounder,334,253,454,406,1,0
181,M Ntini,South Africa,Bowler,370,101,23,389,0,0
182,TT Bresnan,England,All-rounder,575,871,1296,321,5,0
183,DT Christian,Australia,All-rounder,0,273,5050,242,16,2
184,DP Conway,New Zealand,Batsman,2761,1672,6618,0,71,15
185,TT Beaumont,England,Batsman,614,4400,6004,0,53,15
186,TK Curran,England,All-rounder,66,303,2839,330,6,0
187,ML Schutt,Australia,Bowler,12,84,373,437,0,0
188,Liton Das,Bangladesh,Batsman,3239,2478,5165,0,59,11
189,UT Khawaja,Australia,Batsman,6229,1539,3092,0,57,20
190,VD Philander,South Africa,All-rounder,1779,151,574,302,8,0
191,Haris Rauf,Pakistan,Bowler,12,104,359,447,0,0
192,SE Marsh,Australia,Batsman,2265,2622,5946,0,75,13
193,S Lamichhane,Nepal,All-rounder,0,476,199,438,0,0
194,WG Jacks,England,All-rounder,234,679,6902,122,50,5
195,Fakhar Zaman,Pakistan,Batsman,192,3803,6658,4,66,14
196,SS Iyer,India,Batsman,811,3053,6861,1,77,9
197,KMDN Kulasekara,Sri Lanka,All-rounder,391,1323,201,325,5,0
198,Mohammed Siraj,India,Bowler,167,57,147,400,0,0
199,S Chanderpaul,West Indies,Batsman,5995,3804,715,1,62,23
200,BM Duckett,England,Batsman,3335,1491,5723,0,62,11
201,RE van der Merwe,Netherlands,All-rounder,0,334,2297,328,5,0
202,RR Rossouw,South Africa,Batsman,0,1239,9124,4,60,11
203,JE Taylor,West Indies,All-rounder,701,258,245,347,1,0
204,RAS Lakmal,Sri Lanka,All-rounder,934,229,74,307,0,0
205,Sohail Tanvir,Pakistan,All-rounder,17,399,1450,341,2,0
206,Mohammad Nawaz,Pakistan,All-rounder,144,498,2678,280,6,0
207,M Jansen,South Africa,All-rounder,624,553,1246,314,11,0
208,Yasir Shah,Pakistan,All-rounder,918,127,113,311,0,1
209,M Labuschagne,Australia,All-rounder,4730,1966,1725,66,48,13
210,ST Finn,England,Bowler,279,136,61,375,1,0
211,A Mishra,India,All-rounder,648,43,438,350,4,0
212,D van Niekerk,South Africa,All-rounder,0,1336,3455,213,20,1
213,Faheem Ashraf,Pakistan,All-rounder,687,408,1932,283,10,0
214,ST Jayasuriya,Sri Lanka,All-rounder,582,4414,1402,132,26,15
215,AJ Healy,Australia,Batsman,502,3338,6120,0,51,12
216,RR Pant,India,Batsman,3581,871,5464,0,51,12
217,LA Dawson,England,All-rounder,110,133,2764,287,10,0
218,CH Morris,South Africa,All-rounder,173,467,1654,320,5,0
219,S Ismail,South Africa,All-rounder,0,273,301,382,0,0
220,AJ Hosein,West Indies,All-rounder,0,309,1262,343,2,0
221,PD Salt,England,Batsman,0,976,8832,0,62,5
222,AJ Tye,Australia,All-rounder,0,57,893,387,0,0
223,SA Yadav,India,Batsman,8,773,8925,2,67,6
224,DR Smith,West Indies,All-rounder,66,1261,5668,105,44,4
225,A Symonds,Australia,All-rounder,1386,3589,1311,120,41,8
226,KH Brunt,England,All-rounder,176,813,1413,287,3,0
227,BRM Taylor,Zimbabwe,Batsman,2128,5150,2188,5,48,17
228,ML Hayden,Australia,Batsman,4136,3939,1533,0,46,21
229,CR Brathwaite,West Indies,All-rounder,181,527,2313,272,8,1
230,Azhar Ali,Pakistan,Batsman,7142,1806,183,12,48,22
231,CA Lynn,Australia,Batsman,0,75,9368,3,61,8
232,N Wagner,New Zealand,All-rounder,875,0,181,299,1,0
233,HC Brook,England,Batsman,3486,1294,4582,2,44,17
234,AJ Strauss,England,Batsman,5605,3729,73,0,46,19
235,CA Ingram,South Africa,All-rounder,0,761,7724,38,44,7
236,SO Hetmyer,West Indies,Batsman,825,1509,7025,0,47,6
237,DR Sams,Not available,All-rounder,0,0,2598,294,7,0
238,WU Tharanga,Sri Lanka,Batsman,1682,6482,1159,0,49,17
239,T Shamsi,South Africa,Bowler,20,39,89,385,0,0
240,S Luus,South Africa,All-rounder,299,2945,2428,140,33,3
241,L Ngidi,South Africa,Bowler,97,123,103,371,0,0
242,TM McGrath,Australia,All-rounder,371,861,4137,154,28,0
243,R Shepherd,West Indies,All-rounder,0,449,2615,258,8,0
244,A Wellington,Australia,All-rounder,2,6,1725,320,1,0
245,SM Pollock,South Africa,All-rounder,1072,1358,233,225,11,1
246,R Rampaul,West Indies,All-rounder,335,338,180,328,1,0
247,AE Satterthwaite,New Zealand,All-rounder,0,2895,3743,101,35,7
248,DM Bravo,West Indies,Batsman,3538,3007,2471,0,45,12
249,HE van der Dussen,South Africa,Batsman,905,2529,5522,1,54,9
250,KD Karthik,India,Batsman,863,1624,6425,0,43,1
251,A King,Australia,All-rounder,74,295,923,321,1,0
252,L Lee,South Africa,Batsman,36,2516,6270,2,52,9
253,R Ravindra,New Zealand,All-rounder,1865,1392,2477,126,23,10
254,J Charles,West Indies,Batsman,0,1544,7240,2,49,5
255,LMP Simmons,West Indies,Batsman,278,1958,6309,10,64,4
256,G Wareham,Australia,All-rounder,2,342,2243,262,7,0
257,BAC Howell,Not available,All-rounder,0,0,3040,248,8,0
258,A Kumble,India,All-rounder,893,108,35,264,2,1
259,KE Bryce,Scotland,All-rounder,0,594,3695,191,31,1
260,KJ O'Brien,Ireland,All-rounder,190,1990,3120,141,18,3
261,R Powell,West Indies,All-rounder,0,915,6960,34,29,2
262,AC Gilchrist,Australia,Batsman,2005,4355,2341,1,46,16
263,KR Mayers,West Indies,All-rounder,949,660,4122,116,25,4
264,H Klaasen,South Africa,Batsman,104,2131,6433,1,50,8
265,SW Billings,England,Batsman,66,690,7930,0,45,2
266,Mohammad Nabi,Not available,All-rounder,0,0,3311,226,8,0
267,MR Adair,Ireland,All-rounder,382,448,1284,271,3,0
268,MD Shanaka,Sri Lanka,All-rounder,140,1153,4069,134,20,2
269,MS Wade,Australia,Batsman,1613,1792,5226,0,41,6
270,CL Tryon,South Africa,All-rounder,89,2000,2700,143,15,0
271,RR Hendricks,South Africa,Batsman,0,930,7520,5,64,5
272,LH Ferguson,New Zealand,Bowler,1,122,288,342,0,0
273,MDKJ Perera,Sri Lanka,Batsman,1177,3077,4287,0,52,10
274,CJ Green,Not available,All-rounder,0,0,2234,263,1,0
275,MG Bracewell,New Zealand,All-rounder,339,1042,2658,173,18,3
276,PP Chawla,India,All-rounder,6,38,998,312,0,0
277,JDP Oram,New Zealand,All-rounder,1158,1546,612,185,14,5
278,MA Wood,England,All-rounder,811,147,104,274,1,0
279,D Elgar,South Africa,All-rounder,5347,104,1955,35,38,14
280,AE Jones,England,Batsman,294,2623,5423,0,44,2
281,SA Abbott,Australia,All-rounder,0,374,943,304,2,1
282,C de Grandhomme,New Zealand,All-rounder,1432,742,2458,125,21,2
283,E Lewis,West Indies,Batsman,0,2051,6268,0,48,11
284,D Pretorius,South Africa,All-rounder,83,192,2282,242,5,0
285,ADS Fletcher,West Indies,Batsman,0,305,7879,4,45,5
286,FDM Karunaratne,Sri Lanka,Batsman,7113,1044,0,2,46,17
287,GH Dockrell,Ireland,All-rounder,34,1197,1956,205,9,0
288,JEC Franklin,New Zealand,All-rounder,639,1107,1974,168,10,1
289,CA Pujara,India,Batsman,7160,51,1013,0,41,20
290,MG Erasmus,Namibia,All-rounder,0,2161,2816,134,35,2
291,LE Plunkett,England,All-rounder,229,536,398,279,1,0
292,L Gregory,England,All-rounder,0,117,3299,206,13,0
293,DJM Short,Australia,All-rounder,0,211,6103,77,45,2
294,KD Mills,New Zealand,All-rounder,210,871,137,268,3,0
295,Kamran Akmal,Pakistan,Batsman,1867,2746,3543,0,43,10
296,Rubel Hossain,Bangladesh,Bowler,265,112,86,291,0,0
297,SB Styris,New Zealand,All-rounder,867,3184,1100,108,28,6
298,MC Henriques,Australia,All-rounder,164,117,5470,94,29,1
299,SV Samson,India,Batsman,0,510,7559,0,47,9
300,JA Morkel,South Africa,All-rounder,58,705,2406,199,9,0
301,SN Thakur,India,All-rounder,377,329,462,284,6,0
302,LMM Tahuhu,New Zealand,All-rounder,0,360,738,283,0,0
303,H Masakadza,Zimbabwe,All-rounder,1649,3955,1318,35,37,6
304,SR Harmer,South Africa,All-rounder,273,0,1434,254,2,0
305,LJ Wright,England,All-rounder,0,707,6101,43,36,6
306,E Chigumbura,Zimbabwe,All-rounder,428,3266,986,118,20,2
307,N de Klerk,South Africa,All-rounder,114,1058,1677,205,6,0
308,TL Seifert,New Zealand,Batsman,0,59,7806,0,44,6
309,JL Denly,England,All-rounder,827,446,5154,58,31,4
310,JI Rodrigues,India,Batsman,339,1768,5607,6,45,4
311,Soumya Sarkar,Bangladesh,All-rounder,799,2337,3227,58,32,4
312,M Theekshana,Sri Lanka,All-rounder,59,284,295,295,0,0
313,TS Mills,Not available,Bowler,0,0,254,330,0,0
314,HH Gibbs,South Africa,Batsman,2103,3766,1917,0,48,13
315,Nida Dar,Pakistan,All-rounder,0,1171,1934,185,16,0
316,Sarfraz Ahmed,Pakistan,Batsman,3031,2289,2412,0,42,6
317,T Bavuma,South Africa,Batsman,3810,1894,1971,1,38,10
318,BAW Mendis,Sri Lanka,Bowler,213,185,27,279,1,0
319,H Graham,Australia,All-rounder,0,4,2300,235,3,0
320,Abdur Razzak,Bangladesh,All-rounder,204,644,102,249,1,0
321,P Nissanka,Sri Lanka,Batsman,1310,2311,3966,0,53,12
322,A Nortje,South Africa,Bowler,187,40,201,294,0,0
323,Washington Sundar,India,All-rounder,885,426,1743,176,12,1
324,DS Airee,Nepal,All-rounder,0,1598,2617,133,22,3
325,BJ Haddin,Australia,Batsman,3266,3003,1299,0,42,6
326,SC Ganguly,India,All-rounder,2577,2452,1349,38,36,9
327,Mominul Haque,Bangladesh,Batsman,5028,495,1378,21,36,12
328,CE Dean,England,All-rounder,41,556,762,258,1,0
329,CJ Anderson,New Zealand,All-rounder,683,1102,2756,115,20,2
330,AF Milne,New Zealand,All-rounder,0,180,425,289,0,0
331,Nazmul Hossain Shanto,Bangladesh,Batsman,2424,1742,3064,9,28,12
332,M Vijay,India,Batsman,3877,339,3128,2,32,14
333,BJ Dwarshuis,Australia,All-rounder,0,65,1272,267,1,0
334,PVD Chameera,Sri Lanka,All-rounder,104,292,246,274,0,0
335,Mohammad Yousuf,Pakistan,Batsman,2837,4523,50,1,47,13
336,Umar Akmal,Pakistan,Batsman,1003,3032,3391,0,45,2
337,Abdul Razzaq,Pakistan,All-rounder,470,2327,527,149,11,2
338,Junaid Khan,Pakistan,Bowler,122,68,30,274,0,0
339,RR Sarwan,West Indies,Batsman,2558,3717,497,20,40,11
340,TH David,Australia,Batsman,0,45,6821,18,24,1
341,C Green,Australia,All-rounder,1920,946,1770,97,22,5
342,KC Brathwaite,West Indies,All-rounder,5931,278,0,30,32,12
343,WPUJC Vaas,Sri Lanka,All-rounder,918,579,114,202,5,1
344,LV van Beek,Netherlands,All-rounder,0,554,1048,240,3,0
345,AT Carey,Australia,Batsman,2387,2351,2549,0,40,6
346,J Botha,South Africa,All-rounder,83,594,1331,199,1,0
347,FH Edwards,West Indies,Bowler,271,70,107,250,0,0
348,GM Harris,Australia,All-rounder,0,14,4841,102,26,2
349,GF Linde,South Africa,All-rounder,135,29,2456,193,4,0
350,MW Short,Australia,All-rounder,0,442,4708,87,34,3
351,Ahmed Shehzad,Pakistan,Batsman,982,2555,3541,5,40,10
352,MRJ Watt,Scotland,All-rounder,0,916,648,224,3,1
353,PWA Mulder,South Africa,All-rounder,1253,272,2171,136,11,3
354,S Molineux,Australia,All-rounder,97,143,1930,211,7,0
355,NJ Carey,Australia,All-rounder,0,249,2495,186,8,0
356,KJ Garth,Australia,All-rounder,103,254,1232,227,1,0
357,RV Uthappa,India,Batsman,0,934,6187,0,41,0
358,IJL Trott,England,Batsman,3835,2819,178,7,42,13
359,YK Pathan,India,All-rounder,0,810,3872,94,16,3
360,Karan KC,Nepal,All-rounder,0,708,650,242,1,0
361,T Kohler-Cadmore,Not available,Batsman,0,0,7080,0,46,2
362,LJ Evans,Not available,Batsman,0,0,7039,0,38,3
363,Naseem Shah,Pakistan,All-rounder,144,196,232,255,1,0
364,JS Patel,New Zealand,All-rounder,379,91,242,234,0,0
365,MDK Perera,Sri Lanka,All-rounder,1303,152,25,180,7,0
366,GB Hogg,Australia,All-rounder,161,647,131,238,3,0
367,NT Ellis,Australia,All-rounder,0,130,514,271,0,0
368,Ishan Kishan,India,Batsman,78,901,5975,0,46,5
369,KL Cross,England,All-rounder,55,270,571,241,0,0
370,A Balbirnie,Ireland,Batsman,429,2628,3849,1,37,9
371,A Shrubsole,England,Bowler,111,199,189,257,0,0
372,CN Ackermann,Netherlands,All-rounder,0,380,4246,93,27,0
373,M du Preez,South Africa,Batsman,0,2223,4629,1,34,0
374,B Muzarabani,Zimbabwe,Bowler,231,119,65,258,0,0
375,KA Jamieson,New Zealand,All-rounder,523,101,476,226,1,0
376,D Ramdin,West Indies,Batsman,2591,2072,2163,0,30,6
377,AR McBrine,Ireland,All-rounder,622,812,824,171,9,0
378,AT Rayudu,India,Batsman,0,1637,5093,3,35,4
379,DW Lawrence,England,All-rounder,722,0,4343,73,29,1
380,Arshdeep Singh,India,Bowler,0,71,143,285,0,0
381,A Capsey,England,All-rounder,30,514,3518,116,19,0
382,KW Richardson,Australia,Bowler,0,75,408,268,0,0
383,PP Ojha,India,Bowler,89,46,29,238,0,0
384,Rohan Mustafa,United Arab Emirates,All-rounder,0,1401,1429,152,11,1
385,SJ Harmison,England,All-rounder,616,80,0,205,0,0
386,Asad Shafiq,Pakistan,Batsman,4660,1312,578,3,38,12
387,FH Allen,New Zealand,Batsman,0,582,6064,0,41,7
388,JM Clarke,Not available,Batsman,0,0,6631,0,42,4
389,SIR Dunkley,England,All-rounder,228,1049,4541,34,34,2
390,Z Crawley,England,Batsman,3586,205,2809,0,37,6
391,MJ McClenaghan,New Zealand,Bowler,0,108,212,264,0,0
392,J Overton,England,All-rounder,106,240,2001,180,3,0
393,DA Payne,England,Bowler,0,0,257,278,0,0
394,AL Phehlukwayo,South Africa,All-rounder,19,827,757,204,2,0
395,HM Nicholls,New Zealand,Batsman,3358,2415,794,0,32,12
396,VVS Laxman,India,Batsman,5411,828,282,1,39,16
397,S Glenn,England,All-rounder,0,68,668,250,0,0
398,N Dickwella,Sri Lanka,Batsman,2847,1604,2078,0,39,2
399,Shafali Verma,India,Batsman,640,745,4559,24,37,1
400,GJ Bailey,Australia,Batsman,183,3011,3314,0,41,3
401,Agha Salman,Pakistan,All-rounder,1708,1507,1661,53,29,6
402,Shan Masood,Pakistan,Batsman,2799,163,3472,2,34,7
403,KH Pandya,India,All-rounder,0,130,2704,148,8,0
404,ST Gabriel,West Indies,Bowler,229,22,4,216,0,0
405,Mohammad Sami,Pakistan,All-rounder,297,246,179,216,0,0
406,O Prendergast,Ireland,All-rounder,0,1264,2300,116,20,1
407,BA King,West Indies,Batsman,494,1494,4422,0,39,5
408,Shoriful Islam,Bangladesh,Bowler,176,98,192,244,0,0
409,JM Kerr,New Zealand,All-rounder,0,367,1017,204,4,0
410,Nasir Hossain,Bangladesh,All-rounder,1044,1240,1669,92,18,2
411,MS Panesar,England,Bowler,217,26,1,192,0,0
412,Imrul Kayes,Bangladesh,Batsman,1751,2242,2354,0,29,7
413,RJ Harris,Australia,All-rounder,603,48,148,212,3,0
414,KIC Asalanka,Sri Lanka,All-rounder,88,2420,2890,36,29,5
415,YBK Jaiswal,India,Batsman,2543,171,3593,0,37,11
416,DAJ Bracewell,New Zealand,All-rounder,568,221,854,170,4,0
417,MV Boucher,South Africa,Batsman,2926,2617,737,1,32,2
418,P Kumar,India,All-rounder,149,292,388,207,1,0
419,ML Green,New Zealand,All-rounder,0,2176,3493,27,22,2
420,Sompal Kami,Nepal,All-rounder,0,753,491,208,2,0
421,RJW Topley,England,Bowler,0,20,137,262,0,0
422,MK Pandey,India,Batsman,0,558,5730,0,32,4
423,SE Rutherford,West Indies,Batsman,0,849,4922,20,32,1
424,CL White,Australia,Batsman,146,2053,3527,18,33,2
425,A Nehra,India,Bowler,1,90,69,247,0,0
426,AC Agar,Australia,All-rounder,195,322,1347,171,3,0
427,RD Berrington,Scotland,All-rounder,0,2972,2303,36,24,7
428,SK Warne,Australia,All-rounder,590,0,198,203,3,0
429,Waseem Muhammad,United Arab Emirates,Batsman,0,1745,4356,3,37,4
430,D Bishoo,West Indies,All-rounder,707,164,32,176,0,0
431,BW Hilfenhaus,Australia,All-rounder,355,29,156,206,1,0
432,NM Coulter-Nile,Australia,All-rounder,0,252,577,224,1,0
433,HG Munsey,Scotland,Batsman,0,2557,3535,0,40,6
434,RP Singh,India,Bowler,116,103,56,228,0,0
435,CR Ervine,Zimbabwe,Batsman,1732,2923,1423,0,34,7
436,ER Oza,United Arab Emirates,All-rounder,0,148,3208,116,13,5
437,LK Bell,England,Bowler,22,58,51,246,0,0
438,DJ Hussey,Australia,All-rounder,0,1672,2964,55,24,0
439,L Wood,England,All-rounder,0,15,502,235,0,0
440,T Banton,England,Batsman,0,172,5816,0,32,4
441,CS Delport,Not available,All-rounder,0,0,4678,55,21,4
442,S Sreesanth,India,Bowler,252,44,54,206,0,0
443,CS Martin,New Zealand,Bowler,92,2,5,197,0,0
444,G Motie,West Indies,All-rounder,265,425,296,201,3,0
445,A Khaka,South Africa,Bowler,0,146,68,227,0,0
446,DR Briggs,England,Bowler,0,0,404,240,0,0
447,Fatima Sana,Pakistan,All-rounder,0,857,1049,164,8,0
448,SM Katich,Australia,Batsman,3625,1041,846,15,33,11
449,ASS Fletcher,West Indies,All-rounder,0,394,364,211,0,0
450,P Litchfield,Australia,Batsman,156,1604,4158,0,30,3
451,JJ Smit,Namibia,All-rounder,0,1022,1420,145,6,1
452,HT Tector,Ireland,All-rounder,458,1775,2790,35,31,4
453,PI Walter,Not available,All-rounder,0,0,3134,120,14,0
454,BR McDermott,Australia,Batsman,0,223,5681,0,38,4
455,HV Patel,Not available,All-rounder,0,0,1029,212,3,0
456,Mahedi Hasan,Bangladesh,All-rounder,0,125,1559,175,6,0
457,MF Maharoof,Sri Lanka,All-rounder,451,799,246,161,4,0
458,Abhishek Sharma,Not available,All-rounder,0,0,4886,39,30,6
459,R Ngarava,Zimbabwe,All-rounder,135,271,121,215,0,0
460,A Vala,Papua New Guinea,All-rounder,0,1783,1671,95,20,2
461,EJ Villani,Australia,Batsman,47,468,5139,6,39,1
462,JT Smuts,South Africa,All-rounder,0,180,3326,94,18,2
463,MA Leask,Scotland,All-rounder,0,1558,1040,129,9,1
464,Saim Ayub,Pakistan,All-rounder,364,751,3085,65,25,3
465,SJ Benn,West Indies,All-rounder,482,182,57,165,0,0
466,Virandeep Singh,Malaysia,All-rounder,0,0,3124,117,22,0
467,JNT Seales,West Indies,Bowler,251,70,28,207,0,0
468,AJ Turner,Australia,All-rounder,0,192,4475,46,21,0
469,GD McGrath,Australia,Bowler,169,18,9,207,1,0
470,C Overton,England,All-rounder,182,68,814,191,1,0
471,RJ Peterson,South Africa,All-rounder,403,523,349,169,3,0
472,CBRLS Kumara,Sri Lanka,Bowler,166,58,30,204,0,0
473,BA Carse,England,All-rounder,357,264,818,165,3,0
474,BM Scholtz,Namibia,Bowler,0,312,99,215,0,0
475,OJ Pope,England,Batsman,3732,0,1928,0,25,9
476,Junaid Siddique,United Arab Emirates,Bowler,0,152,107,224,0,0
477,MS Chapman,New Zealand,Batsman,0,1005,4309,14,28,5
478,HDRL Thirimanne,Sri Lanka,Batsman,2088,3164,308,3,31,7
479,CRD Fernando,Sri Lanka,Bowler,142,175,29,196,0,0
480,Zeeshan Maqsood,Oman,All-rounder,0,1196,1422,121,10,3
481,GH Lewis,Ireland,Batsman,0,1900,3453,9,38,2
482,KJ Abbott,South Africa,Bowler,95,76,297,204,0,0
483,RD Rickelton,South Africa,Batsman,897,351,4332,0,27,6
484,LM Kasperek,New Zealand,All-rounder,0,148,526,213,1,0
485,N Pradeep,Sri Lanka,Bowler,132,35,29,197,0,0
486,MJJ Critchley,Not available,All-rounder,0,0,2308,140,6,0
487,SM Sharif,Scotland,All-rounder,0,583,198,194,0,0
488,RK Paudel,Nepal,All-rounder,0,2189,2338,43,21,2
489,LCN Smith,England,Bowler,0,53,290,221,0,0
490,WL Madsen,Not available,Batsman,0,0,5012,21,33,2
491,MJ Prior,England,Batsman,4099,1229,198,0,31,7
492,RN ten Doeschate,Netherlands,All-rounder,0,594,3623,54,19,3
493,AG Cremer,Zimbabwe,All-rounder,537,507,66,155,0,1
494,Mohammad Ashraful,Bangladesh,All-rounder,1523,2301,780,32,20,7
495,JA Duffy,New Zealand,Bowler,78,18,173,219,0,0
496,JP Inglis,Australia,Batsman,184,969,4328,0,29,6
497,Mohammad Saifuddin,Bangladesh,All-rounder,0,360,776,184,4,0
498,Bismah Maroof,Pakistan,All-rounder,0,1938,2551,38,24,0
499,S Dube,India,All-rounder,0,43,3696,73,15,0
500,JP Behrendorff,Australia,Bowler,0,21,165,226,0,0
501,AAP Atkinson,England,All-rounder,516,127,133,189,0,1
502,SN Netravalkar,United States of America,Bowler,0,163,68,214,0,0
503,BCJ Cutting,Australia,All-rounder,0,53,2608,116,4,0
504,JD Ryder,New Zealand,All-rounder,1025,1242,2270,34,24,7
505,JK Fuller,Not available,All-rounder,0,0,1830,155,3,0
506,MM Patel,India,Bowler,52,74,40,201,0,0
507,AG Prince,South Africa,Batsman,3261,761,1347,1,23,10
508,GD Elliott,New Zealand,All-rounder,86,1913,969,100,13,2
509,K Bhurtel,Nepal,All-rounder,0,1598,2519,53,25,5
510,GA Elwiss,England,All-rounder,145,244,2122,116,8,0
511,SR Hain,England,Batsman,0,106,5269,0,40,1
512,CP Wood,Not available,All-rounder,0,0,514,210,0,0
513,C Campher,Ireland,All-rounder,417,963,1492,100,14,2
514,A Lyth,England,Batsman,265,0,4539,24,33,3
515,DJ Bell-Drummond,Not available,Batsman,0,0,5238,5,40,3
516,JD Unadkat,India,All-rounder,36,0,483,205,1,0
517,Mujeeb Ur Rahman,Not available,Bowler,0,0,267,212,0,0
518,T Stubbs,South Africa,Batsman,759,361,3987,9,23,3
519,JT Ball,England,Bowler,67,38,62,220,0,0
520,MJ Leach,England,All-rounder,498,0,12,159,1,0
521,R McLaren,South Africa,All-rounder,47,485,860,158,4,0
522,Imam-ul-Haq,Pakistan,Batsman,1865,2854,563,0,33,12
523,DE Bollinger,Australia,Bowler,54,50,38,204,0,0
524,J Little,Ireland,Bowler,0,81,216,208,0,0
525,BJ Hodge,Australia,Batsman,218,516,3979,23,29,1
526,N Rana,India,All-rounder,0,7,4469,33,31,1
527,SS Cottrell,West Indies,Bowler,11,88,200,206,0,0
528,L Delany,Ireland,All-rounder,0,1110,1495,107,9,1
529,BJ McCarthy,Ireland,All-rounder,68,169,425,190,1,0
530,WTS Porterfield,Ireland,Batsman,49,2670,2501,0,28,7
531,Iftikhar Ahmed,Pakistan,All-rounder,61,527,3015,63,14,2
532,R Vinay Kumar,India,All-rounder,11,86,573,188,0,0
533,WA Young,New Zealand,Batsman,1215,1996,1967,0,36,6
534,RP Meredith,Australia,Bowler,0,2,85,223,0,0
535,RP Burl,Zimbabwe,All-rounder,16,761,2535,77,11,0
536,MA Agarwal,India,Batsman,1488,86,3568,0,24,5
537,BA Raine,Not available,All-rounder,0,0,1462,161,4,1
538,M de Lange,South Africa,All-rounder,9,0,494,197,0,0
539,Shafiul Islam,Bangladesh,Bowler,211,132,146,179,1,0
540,SC Kuggeleijn,New Zealand,All-rounder,92,11,913,177,0,0
541,CA Young,Ireland,Bowler,16,149,136,202,0,0
542,Nashra Sandhu,Pakistan,Bowler,0,123,64,193,0,0
543,Sabbir Rahman,Bangladesh,Batsman,481,1259,2995,11,19,2
544,RL Haynes,Australia,Batsman,383,1966,2555,5,32,2
545,A Nel,South Africa,Bowler,300,123,0,164,0,0
546,CJ McKay,Australia,Bowler,10,190,172,192,0,0
547,L Winfield,England,Batsman,166,858,3997,0,16,2
548,JN Frylinck,Namibia,All-rounder,0,1224,1482,96,12,4
549,Rehan Ahmed,England,All-rounder,103,99,1322,144,2,0
550,JR Hopes,Australia,All-rounder,0,1326,729,110,7,0
551,CA Henry,West Indies,All-rounder,0,894,1528,100,8,0
552,SW Tait,Australia,Bowler,20,25,62,202,0,0
553,Bilal Khan,Oman,Bowler,0,30,29,208,0,0
554,S Pandey,India,All-rounder,49,271,636,161,1,0
555,SE Bond,New Zealand,Bowler,115,173,22,184,0,0
556,TL Chatara,Zimbabwe,Bowler,94,176,23,176,0,0
557,Mohammad Irfan,Pakistan,Bowler,28,48,17,188,0,0
558,P Utseya,Zimbabwe,All-rounder,62,1114,77,120,3,0
559,AY Patel,New Zealand,Bowler,219,0,130,173,0,0
560,GL Adams,Not available,All-rounder,0,0,2375,110,8,0
561,MP O'Dowd,Netherlands,Batsman,0,2258,2494,5,31,2
562,NL McCullum,New Zealand,All-rounder,0,1070,381,131,4,0
563,WP Saha,India,Batsman,1353,41,3495,0,22,5
564,OE Robinson,England,All-rounder,440,0,231,163,1,0
565,Asif Ali,Pakistan,Batsman,0,375,3931,24,15,1
566,GC Viljoen,South Africa,All-rounder,26,0,760,176,0,0
567,Zahoor Khan,United Arab Emirates,Bowler,0,143,17,194,0,0
568,Abdur Rehman,Pakistan,All-rounder,395,132,51,141,2,0
569,BFW de Leede,Netherlands,All-rounder,0,1336,1097,100,13,1
570,RD Gaikwad,India,Batsman,0,228,4604,0,36,4
571,KMA Paul,West Indies,All-rounder,96,308,1276,128,3,0
572,Towhid Hridoy,Bangladesh,Batsman,12,1493,3315,0,32,3
573,BJ McMullen,Scotland,All-rounder,0,1572,1211,82,17,5
574,Nahida Akter,Bangladesh,Bowler,0,235,139,184,0,0
575,CS MacLeod,Scotland,Batsman,0,2015,2418,11,20,7
576,Hasan Mahmud,Bangladesh,Bowler,199,37,89,180,0,0
577,Abrar Ahmed,Pakistan,Bowler,68,28,88,184,0,0
578,ME Trescothick,England,Batsman,2291,2109,283,2,22,13
579,JA Thompson,Not available,All-rounder,0,0,1405,147,5,0
580,RF Higgins,Not available,All-rounder,0,0,2350,105,6,0
581,Noor Ahmad,Not available,Bowler,0,0,206,195,0,0
582,I Udana,Sri Lanka,All-rounder,0,227,904,150,4,0
583,L Ronchi,New Zealand,Batsman,319,1397,3012,0,26,2
584,AN Kelly,Ireland,All-rounder,0,422,360,165,0,0
585,NW Bracken,Australia,Bowler,8,174,15,176,0,0
586,Naveen-ul-Haq,Not available,Bowler,0,0,299,191,0,0
587,HM Rowe,New Zealand,All-rounder,0,332,1053,133,2,0
588,MG Neser,Australia,All-rounder,131,11,757,161,1,0
589,Danish Kaneria,Pakistan,Bowler,231,9,0,135,0,0
590,M Klinger,Not available,Batsman,0,0,4670,0,24,7
591,NA Sowter,Not available,Bowler,0,0,264,190,0,0
592,RJ Gleeson,Not available,Bowler,0,0,68,201,0,0
593,Shoaib Akhtar,Pakistan,Bowler,203,217,23,162,0,0
594,BL D'Oliveira,Not available,All-rounder,0,0,2763,79,15,0
595,DL Chahar,India,All-rounder,0,191,321,176,3,0
596,C Bosch,South Africa,All-rounder,245,270,843,139,4,1
597,M Prasidh Krishna,India,Bowler,14,2,18,189,0,0
598,JL Gunn,England,All-rounder,252,322,426,144,2,0
599,JA Richardson,Australia,Bowler,25,93,378,175,0,0
600,CV Varun,India,Bowler,0,0,40,200,0,0
601,TT Samaraweera,Sri Lanka,Batsman,3890,669,0,2,19,13
602,SR Clark,Australia,Bowler,248,69,0,155,0,0
603,SM Boland,Australia,Bowler,125,9,71,175,0,0
604,PHKD Mendis,Sri Lanka,All-rounder,1469,539,1850,28,19,5
605,JJ Cobb,Not available,All-rounder,0,0,3330,51,21,1
606,Salman Butt,Pakistan,Batsman,1619,2186,724,1,23,8
607,KL Gordon,Scotland,Bowler,0,0,350,184,0,0
608,Khushdil Shah,Pakistan,All-rounder,0,329,2312,82,6,0
609,AJ Hose,Not available,Batsman,0,0,4566,0,23,2
610,WK Dilhari,Sri Lanka,All-rounder,0,886,738,119,4,0
611,T van der Gugten,Netherlands,All-rounder,0,116,647,162,0,0
612,Afif Hossain,Bangladesh,All-rounder,0,594,3121,35,12,0
613,NE Bolton,Australia,All-rounder,91,1443,1806,48,11,4
614,NM Hauritz,Australia,All-rounder,426,295,37,129,3,0
615,Sana Mir,Pakistan,All-rounder,0,714,633,125,3,0
616,JA Rudolph,South Africa,Batsman,1517,820,2004,5,27,3
617,MJ Potts,England,Bowler,105,45,297,164,0,0
618,Anamul Haque,Bangladesh,Batsman,162,1322,3014,0,20,4
619,HNK Jensen,New Zealand,All-rounder,0,284,822,139,2,0
620,BF Smith,England,All-rounder,0,0,3081,61,13,0
621,PA Patel,India,Batsman,505,693,3291,0,26,0
622,OC McCoy,West Indies,Bowler,0,0,200,185,0,0
623,Mohammad Wasim,Pakistan,Bowler,55,94,322,167,0,0
624,M Raj,India,Batsman,137,2949,1379,0,41,2
625,Ehsan Khan,Hong Kong,Bowler,0,100,376,174,0,0
626,KY Chan,Hong Kong,All-rounder,0,0,1447,132,3,0
627,XC Bartlett,Australia,All-rounder,0,64,624,163,2,0
628,JW Hastings,Australia,All-rounder,52,271,732,140,4,0
629,BJ Watling,New Zealand,Batsman,3790,573,75,0,24,8
630,I Ranaweera,Sri Lanka,Bowler,0,190,60,166,0,0
631,JL Pattinson,Australia,All-rounder,417,41,107,145,0,0
632,MM Sharma,India,Bowler,0,31,132,178,0,0
633,Mohammad Asif,Pakistan,Bowler,120,26,12,155,0,0
634,A Dananjaya,Sri Lanka,All-rounder,135,321,123,150,1,0
635,T Putthawong,Thailand,Bowler,0,77,183,182,0,0
636,D Brevis,South Africa,Batsman,138,230,3608,17,17,3
637,Syed Aziz,Malaysia,All-rounder,0,0,2619,75,18,0
638,PA van Meekeren,Netherlands,Bowler,0,111,201,168,0,0
639,L Tucker,Ireland,Batsman,680,844,2817,0,24,1
640,SL Kalis,Netherlands,Batsman,0,106,4056,7,21,1
641,OA Shah,England,Batsman,143,1579,2416,7,23,1
642,JM Cox,England,Batsman,125,22,4165,0,21,1
643,SJ Coyte,Australia,All-rounder,3,154,421,155,1,0
644,R Trumpelmann,Namibia,All-rounder,0,510,368,139,2,0
645,Usama Mir,Pakistan,All-rounder,0,38,464,163,0,0
646,JG Bethell,England,All-rounder,579,712,2033,39,20,3
647,EA Burns,Not available,All-rounder,0,0,2397,82,10,0
648,MD Patel,United States of America,Batsman,0,2221,2056,0,28,5
649,J Goswami,India,All-rounder,108,419,162,138,1,0
650,ME Bouchier,England,Batsman,154,541,3564,0,16,2
651,LA Marsh,England,All-rounder,151,264,438,126,2,0
652,Ravi Bishnoi,India,Bowler,0,4,141,177,0,0
653,RJ Sidebottom,England,Bowler,309,124,7,137,0,0
654,GJ Delany,Ireland,All-rounder,0,217,2023,85,9,0
655,Sandeep Sharma,Not available,Bowler,0,0,81,176,0,0
656,MK Villiers,England,All-rounder,36,32,1115,132,1,0
657,SJ Croft,Not available,All-rounder,0,0,3048,50,16,1
658,Tilak Varma,India,Batsman,0,68,3997,7,26,3
659,BM Tickner,New Zealand,Bowler,17,53,52,174,0,0
660,MP Vaughan,England,Batsman,2483,1382,27,10,19,7
661,WIA Fernando,Sri Lanka,Batsman,0,1405,2807,0,25,5
662,Mohammad Rafique,Bangladesh,All-rounder,470,492,0,101,2,0
663,N Vanua,Papua New Guinea,All-rounder,0,769,638,112,5,0
664,AM Hardie,Australia,All-rounder,0,180,2081,82,8,0
665,Fawad Ahmed,Australia,Bowler,0,4,86,174,0,0
666,CF Parkinson,Not available,Bowler,0,0,297,169,0,0
667,F Behardien,South Africa,Batsman,0,1074,2633,17,15,0
668,AB Agarkar,India,All-rounder,88,352,194,137,1,0
669,FJ Klaassen,Netherlands,Bowler,0,48,197,165,0,0
670,BJ Webster,Australia,All-rounder,469,0,2541,45,22,1
671,AC Voges,Australia,Batsman,1485,798,1608,10,14,6
672,FA Allen,West Indies,All-rounder,0,200,1483,102,4,0
673,S Prasanna,Sri Lanka,All-rounder,5,421,1016,103,6,0
674,JL du Plooy,Not available,Batsman,0,0,4107,2,23,0
675,NG Smith,New Zealand,All-rounder,210,115,550,135,1,0
676,NGRP Jayasuriya,Sri Lanka,Bowler,287,11,0,128,0,0
677,SP Fleming,New Zealand,Batsman,1690,2133,306,0,23,5
678,BM Halliday,New Zealand,All-rounder,0,1462,1601,44,11,1
679,DN Wellalage,Sri Lanka,All-rounder,29,389,828,119,2,0
680,SR Taylor,United States of America,All-rounder,0,1139,1571,54,13,2
681,Milind Kumar,United States of America,All-rounder,0,1209,1543,56,14,4
682,N Mlaba,South Africa,Bowler,46,63,26,156,0,0
683,EL Lamb,England,All-rounder,76,618,2271,48,17,2
684,Mosaddek Hossain,Bangladesh,All-rounder,113,691,1620,63,8,0
685,Aqib Ilyas,Oman,All-rounder,0,1191,1236,69,18,2
686,RP Yadav,India,Bowler,0,105,344,154,1,0
687,RTM Mendis,Sri Lanka,All-rounder,408,50,551,112,0,0
688,MD Gunathilaka,Sri Lanka,Batsman,299,1592,1636,20,22,2
689,Abdullah Shafique,Pakistan,Batsman,1870,679,1519,0,23,7
690,P Vastrakar,India,All-rounder,111,579,513,115,4,0
691,RS Gayakwad,India,Bowler,0,15,22,161,0,0
692,N Boochatham,Thailand,All-rounder,0,165,1047,121,1,0
693,TA Blundell,New Zealand,Batsman,2482,266,1313,0,23,6
694,RM Ghosh,India,Batsman,225,1208,2630,0,18,0
695,Sohag Gazi,Bangladesh,All-rounder,325,182,266,118,1,1
696,CJA Amini,Papua New Guinea,All-rounder,0,952,1073,80,11,0
697,KK Cooper,Not available,All-rounder,0,0,577,153,0,0
698,S Mahmood,England,Bowler,52,31,84,166,0,0
699,Harmeet Singh,United States of America,All-rounder,0,295,632,129,2,0
700,IJR Zwilling,Netherlands,All-rounder,0,145,892,128,2,0
701,KK Jennings,England,Batsman,781,0,2727,22,13,3
702,KM Jadhav,India,All-rounder,0,1318,2009,26,16,2
703,KJ Coetzer,Scotland,Batsman,0,2280,1659,3,23,4
704,CE McConchie,New Zealand,All-rounder,0,126,1903,84,10,0
705,WCF Smeed,Not available,Batsman,0,0,4025,0,28,1
706,T Brits,South Africa,Batsman,36,1848,2133,0,20,8
707,MJ Hoggard,England,Bowler,263,5,0,127,0,0
708,Avesh Khan,India,Bowler,0,23,115,166,0,0
709,OP Stone,England,Bowler,102,24,191,155,0,0
710,Aasif Sheikh,Nepal,Batsman,0,1962,2046,0,26,1
711,C Karunaratne,Sri Lanka,All-rounder,22,451,1292,90,6,0
712,Aizaz Khan,Hong Kong,All-rounder,0,143,1118,117,0,0
713,Nigar Sultana,Bangladesh,Batsman,0,1436,2560,0,20,2
714,Mohammad Abbas,Pakistan,Bowler,162,0,25,132,0,0
715,SNJ O'Keefe,Australia,Bowler,86,0,349,140,0,0
716,PL Harris,South Africa,Bowler,450,0,0,102,0,0
717,Saad Bin Zafar,Canada,All-rounder,0,456,570,118,1,0
718,AM Rossington,Not available,Batsman,0,0,3954,0,23,1
719,AM Fernando,Sri Lanka,Bowler,58,7,12,144,0,0
720,Aliya Riaz,Pakistan,All-rounder,0,1564,1445,34,12,0
721,SJ Taylor,England,Batsman,264,1651,2016,0,23,2
722,BC Fortuin,South Africa,Bowler,0,61,413,143,0,0
723,TB Abell,Not available,Batsman,0,0,3868,2,18,1
724,S Rana,India,All-rounder,170,403,219,121,2,0
725,SS Eskinazi,Not available,Batsman,0,0,3918,0,28,1
726,DP Hughes,Not available,Batsman,0,0,3917,0,23,1
727,G Coetzee,South Africa,All-rounder,67,57,381,147,0,0
728,RE Levi,Not available,Batsman,0,0,3916,0,26,2
729,BC Lara,West Indies,Batsman,2036,1878,0,0,15,8
730,AM Phangiso,South Africa,Bowler,0,81,255,148,0,0
731,CR Knott,Not available,All-rounder,0,0,1978,83,9,0
732,Azhar Mahmood,Pakistan,All-rounder,0,126,1295,105,6,0
733,Al-Amin Hossain,Bangladesh,Bowler,90,4,61,154,0,0
734,M Strano,Not available,Bowler,0,0,412,151,0,0
735,CAK Rajitha,Sri Lanka,Bowler,145,104,54,135,0,0
736,DR Martyn,Australia,Batsman,1442,2239,139,1,26,7
737,WB Rankin,Ireland,Bowler,43,78,70,147,0,0
738,KM Jarvis,Zimbabwe,Bowler,128,195,48,132,0,0
739,JH Davey,Scotland,All-rounder,0,194,335,145,0,0
740,DS Kulkarni,India,Bowler,0,27,173,154,0,0
741,C Sutthiruang,Thailand,All-rounder,0,209,1188,101,0,0
742,MW Parkinson,England,Bowler,8,7,56,166,0,0
743,G Clark,Not available,Batsman,0,0,3836,0,19,2
744,AJ Hall,South Africa,All-rounder,533,387,11,108,4,1
745,G Voll,Australia,Batsman,30,549,2715,22,14,3
746,R Parag,India,All-rounder,0,15,2859,39,19,0
747,SJ Johnson,Not available,All-rounder,0,0,1056,119,2,0
748,Poonam Yadav,India,Bowler,0,53,26,151,0,0
749,Rumana Ahmed,Bangladesh,All-rounder,0,346,764,115,3,0
750,AN Petersen,South Africa,Batsman,2093,498,1114,4,15,6
751,PSP Handscomb,Australia,Batsman,1079,632,2100,0,16,4
752,Rishad Hossain,Bangladesh,All-rounder,0,183,344,141,1,0
753,SJ Bryce,Scotland,Batsman,0,298,3490,0,13,0
754,MT Renshaw,Australia,Batsman,653,217,2357,23,15,2
755,G Redmayne,Not available,Batsman,0,0,3781,0,22,0
756,RRS Cornwall,West Indies,All-rounder,256,0,1523,71,7,1
757,KV Sharma,India,All-rounder,8,0,882,121,0,0
758,Jatinder Singh,Oman,Batsman,0,1957,1788,1,22,5
759,MS Crane,England,Bowler,6,0,225,153,0,0
760,Basil Hameed,United Arab Emirates,All-rounder,0,1051,758,82,7,0
761,CJ Chibhabha,Zimbabwe,All-rounder,175,1987,512,39,17,0
762,SO Ngoche,Kenya,All-rounder,0,37,666,133,0,0
763,Simi Singh,Ireland,All-rounder,0,406,829,106,5,1
764,JR Philippe,Australia,Batsman,0,102,3650,0,23,0
765,RW Price,Zimbabwe,Bowler,134,315,14,111,0,0
766,MH Wessels,Not available,Batsman,0,0,3742,0,19,1
767,DR Mousley,England,All-rounder,0,69,1890,77,14,0
768,RK Kleinveldt,South Africa,All-rounder,27,105,576,124,0,0
769,EA Osborne,Australia,All-rounder,38,151,835,109,2,0
770,SA Campbelle,West Indies,Batsman,0,1406,1939,15,5,1
771,AN Davidson-Richards,England,All-rounder,107,160,1596,80,3,1
772,RA Whiteley,Not available,Batsman,0,0,3522,8,7,0
773,SJ Mullaney,Not available,All-rounder,0,0,1434,97,2,0
774,MP Breetzke,South Africa,Batsman,14,706,2985,0,28,1
775,Shahadat Hossain,Bangladesh,All-rounder,507,60,13,100,0,0
776,RH Priest,New Zealand,Batsman,0,661,3039,0,17,3
777,T Taibu,Zimbabwe,Batsman,657,2837,196,0,27,2
778,CT Bancroft,Australia,Batsman,446,0,3248,0,24,0
779,Kushal Malla,Nepal,All-rounder,0,801,1453,57,10,2
780,O Kamchomphu,Thailand,Bowler,0,51,160,150,0,0
781,D Brown,Australia,Bowler,13,19,38,145,0,0
782,CO Obuya,Kenya,All-rounder,0,737,1876,42,15,0
783,JL Smith,England,Batsman,1412,383,1864,0,20,2
784,Nizakat Khan,Hong Kong,Batsman,0,508,2699,19,17,0
785,JN Gillespie,Australia,Bowler,332,115,24,111,1,0
786,N McAndrew,Not available,All-rounder,0,0,702,127,0,0
787,KK Ahmed,India,Bowler,0,8,7,155,0,0
788,Mohammad Mithun,Bangladesh,Batsman,333,711,2589,0,20,0
789,LL Tsotsobe,South Africa,Bowler,19,58,2,139,0,0
790,HASD Siriwardene,Sri Lanka,All-rounder,0,679,744,86,2,0
791,Sidra Ameen,Pakistan,Batsman,0,2652,974,0,20,7
792,AGS Gous,United States of America,Batsman,0,415,3203,0,22,3
793,H Thaker,Canada,All-rounder,0,903,870,74,6,2
794,M Hill,Hong Kong,All-rounder,0,0,2199,60,8,2
795,Haris Sohail,Pakistan,Batsman,847,1709,363,24,19,4
796,IECM Wong,England,All-rounder,8,15,774,116,1,0
797,TG Helm,Not available,Bowler,0,0,293,143,0,0
798,S Joseph,West Indies,Bowler,399,34,47,125,0,0
799,KK Nair,India,Batsman,579,46,2914,2,17,3
800,Gulsan Jha,Nepal,All-rounder,0,927,877,71,6,0
801,Tanzid Hasan,Bangladesh,Batsman,140,985,2439,0,27,5
802,DJ Hooda,India,All-rounder,0,153,2723,26,15,1
803,DR Gibson,England,All-rounder,0,21,1463,87,2,0
804,JN Loftie-Eaton,Namibia,All-rounder,0,1034,967,64,6,1
805,D Ferreira,South Africa,All-rounder,0,10,2816,28,11,0
806,OF Smith,West Indies,All-rounder,0,199,812,108,0,0
807,SA Northeast,Not available,Batsman,0,0,3531,0,26,1
808,TMJ Smith,Not available,Bowler,0,0,221,144,0,0
809,W O'Rourke,New Zealand,Bowler,38,13,49,136,0,0
810,JW Dernbach,England,Bowler,0,19,117,140,0,0
811,HJ Armitage,England,Batsman,0,78,3077,16,15,0
812,Aayan Afzal Khan,United Arab Emirates,All-rounder,0,601,236,109,3,0
813,DJ Vilas,South Africa,Batsman,94,0,3427,0,11,0
814,Qais Ahmad,Not available,Bowler,0,0,439,132,1,0
815,BW Sanderson,Not available,Bowler,0,0,160,147,0,0
816,H Madavi,Sri Lanka,Batsman,0,1610,1895,0,18,2
817,H Ishimwe,Not available,All-rounder,0,0,916,115,1,0
818,HF Gurney,England,Bowler,0,15,22,149,0,0
819,DM Nakrani,Uganda,All-rounder,0,0,1407,92,5,1
820,MH Cross,Scotland,Batsman,0,2152,1350,0,16,2
821,SA Edwards,Netherlands,Batsman,0,2156,1343,0,23,0
822,AL Davies,Not available,Batsman,0,0,3494,0,19,0
823,RA Mair,New Zealand,All-rounder,0,46,490,118,0,0
824,BGF Green,Not available,All-rounder,0,0,960,112,0,0
825,AA Alleyne,West Indies,All-rounder,0,571,493,97,0,0
826,M Klaas,South Africa,Bowler,15,139,47,126,0,0
827,KA Levick,Not available,Bowler,0,0,82,149,0,0
828,Ali Khan,United States of America,Bowler,0,20,101,141,0,0
829,J Blackwood,West Indies,Batsman,2898,23,387,4,19,3
830,KTGD Prasad,Sri Lanka,All-rounder,473,120,7,100,0,0
831,N Chantam,Thailand,Batsman,0,716,2562,8,16,2
832,S Laomi,Thailand,Bowler,0,78,188,137,0,0
833,TW Hartley,England,All-rounder,185,12,369,116,0,0
834,DMW Rawlins,Not available,All-rounder,0,0,2189,54,12,1
835,BR Dunk,Not available,Batsman,0,0,3382,3,17,0
836,M Pathirana,Sri Lanka,Bowler,0,10,27,148,0,0
837,Renuka Singh,India,Bowler,9,21,46,136,0,0
838,W Madhevere,Zimbabwe,All-rounder,321,841,1233,39,16,0
839,SC van Schalkwyk,United States of America,All-rounder,0,138,378,126,1,0
840,TD Paine,Australia,Batsman,1534,861,1051,0,21,1
841,NP Kenjige,United States of America,Bowler,0,440,34,116,0,0
842,B Laughlin,Australia,Bowler,0,1,143,142,0,0
843,CAK Walton,West Indies,Batsman,13,53,3377,0,13,0
844,STR Binny,India,All-rounder,194,230,1303,69,3,0
845,VR Iyer,India,All-rounder,0,24,2711,30,17,1
846,TJ Moores,Not available,Batsman,0,0,3431,0,15,0
847,TC Bruce,Scotland,Batsman,0,33,3041,15,20,0
848,Nasum Ahmed,Bangladesh,Bowler,0,171,222,124,0,0
849,RR Patel,Kenya,All-rounder,0,168,2296,41,14,2
850,FR Davies,England,Bowler,0,13,99,139,0,0
851,Naved-ul-Hasan,Pakistan,All-rounder,26,449,50,114,0,0
852,J Mbabazi,Not available,All-rounder,0,0,1310,91,4,0
853,Rizwan Butt,Not available,Bowler,0,0,270,139,0,0
854,D Padikkal,India,Batsman,301,0,3088,0,22,2
855,DM Kimmince,Australia,All-rounder,0,37,641,115,2,0
856,OEG Baartman,South Africa,Bowler,0,16,30,148,0,0
857,K Fraser,Scotland,All-rounder,0,229,744,102,2,0
858,Shahriar Nafees,Bangladesh,Batsman,1188,1216,961,0,17,4
859,CK Langeveldt,South Africa,Bowler,6,70,12,128,0,0
860,J Nkomo,Zimbabwe,All-rounder,0,482,530,99,5,0
861,Bilal Zalmai,Austria,All-rounder,0,0,1630,73,13,0
862,CA Soper,Papua New Guinea,All-rounder,0,653,135,103,0,0
863,Karanbir Singh,Not available,All-rounder,0,0,2537,36,20,4
864,IA Cockbain,Not available,Batsman,0,0,3322,0,18,1
865,TLW Cooper,Netherlands,Batsman,0,576,2269,18,14,0
866,TP Ura,Papua New Guinea,Batsman,0,1196,2119,0,20,4
867,AZ Lees,England,Batsman,453,0,2862,0,19,2
868,KOK Williams,West Indies,Bowler,0,19,77,139,0,0
869,Saud Shakeel,Pakistan,Batsman,1821,374,840,11,19,4
870,Nauman Ali,Pakistan,Bowler,391,0,5,103,1,0
871,D Hazell,England,Bowler,9,109,224,117,0,0
872,Arafat Sunny,Bangladesh,Bowler,0,48,243,127,0,0
873,Rahat Ali,Pakistan,Bowler,136,8,3,110,0,0
874,M Brown,Not available,All-rounder,0,0,972,97,0,0
875,JA Burns,Australia,Batsman,1442,146,1620,3,14,5
876,V Sibanda,Zimbabwe,Batsman,545,2125,498,3,17,1
877,Anshuman Rath,Hong Kong,Batsman,0,393,2416,19,15,2
878,KOA Powell,West Indies,Batsman,2113,934,221,0,15,3
879,CM Edwards,England,Batsman,563,1054,1511,4,18,5
880,Fahima Khatun,Bangladesh,All-rounder,0,357,355,102,0,0
881,Mohammad Hasnain,Pakistan,Bowler,0,53,102,130,0,0
882,MS Pepper,Not available,Batsman,0,0,3249,0,19,2
883,Jasdeep Singh,United States of America,Bowler,0,297,177,112,0,0
884,CB Mpofu,Zimbabwe,Bowler,99,40,35,105,0,0
885,DM Bess,England,All-rounder,319,0,366,96,2,0
886,J Theron,United States of America,Bowler,0,50,158,129,0,0
887,GC Wilson,Ireland,Batsman,45,1232,1956,0,14,0
888,Muneeba Ali,Pakistan,Batsman,0,1448,1785,0,8,3
889,PR Brown,Not available,Bowler,0,0,67,139,0,0
890,R Frylinck,Not available,All-rounder,0,0,842,103,0,0
891,A Mohammed,West Indies,Bowler,0,232,133,114,0,0
892,JA Simpson,England,Batsman,0,20,3195,0,13,0
893,JB Lintott,Not available,Bowler,0,0,321,125,0,0
894,JM Bird,Australia,Bowler,43,0,91,122,0,0
895,RA Tripathi,Not available,Batsman,0,0,3109,4,18,0
896,MG Hogan,Not available,Bowler,0,0,80,137,0,0
897,DA Douthwaite,Not available,All-rounder,0,0,1058,93,4,0
898,HD Rutherford,New Zealand,Batsman,755,15,2380,2,11,2
899,AF Giles,England,All-rounder,607,288,0,70,2,0
900,Khaled Ahmed,Bangladesh,Bowler,55,1,117,116,0,0
901,G Stewart,Not available,All-rounder,0,0,963,96,3,0
902,Imran Anwar,Bahrain,All-rounder,0,0,1144,88,7,0
903,PADLR Sandakan,Sri Lanka,Bowler,117,64,46,110,0,0
904,DBL Powell,West Indies,Bowler,256,105,1,90,0,0
905,Inzamam-ul-Haq,Pakistan,Batsman,1259,1916,11,0,19,5
906,CJ Ferguson,Australia,Batsman,4,663,2515,0,15,2
907,J Clark,Not available,All-rounder,0,0,1132,88,1,0
908,MD Bimenyimana,Not available,All-rounder,0,0,1194,87,1,0
909,JMR Taylor,Not available,All-rounder,0,0,2462,29,6,0
910,JC Tredwell,England,Bowler,45,163,138,107,0,0
911,Babar Hayat,Hong Kong,Batsman,0,539,2622,0,19,2
912,B Sai Sudharsan,India,Batsman,302,127,2733,0,25,3
913,EL Arlott,England,All-rounder,0,25,602,112,0,0
914,Sadia Iqbal,Pakistan,Bowler,0,47,19,127,0,0
915,WA Duraisingam,Malaysia,All-rounder,0,0,1477,68,4,0
916,Diana Baig,Pakistan,Bowler,0,352,71,102,0,0
917,CJ Boyce,Not available,Bowler,0,0,374,119,1,0
918,GHS Garton,Not available,All-rounder,0,0,835,100,0,0
919,RA Reifer,West Indies,All-rounder,298,51,1088,72,5,0
920,Naeem Islam,Bangladesh,All-rounder,383,842,664,45,8,1
921,RR Emrit,West Indies,Bowler,0,13,406,116,1,0
922,PP Shaw,India,Batsman,339,189,2610,0,21,2
923,K Ndlovu,Zimbabwe,All-rounder,0,476,1193,61,8,0
924,LN Rajbanshi,Nepal,Bowler,0,42,27,124,0,0
925,LBK Hollman,Not available,All-rounder,0,0,1118,88,1,0
926,A Hunter,Ireland,Batsman,0,1323,1801,0,16,3
927,RM Farrell,Australia,Bowler,20,92,251,114,0,0
928,Rahmanullah Gurbaz,Not available,Batsman,0,0,3117,0,20,0
929,K Ramharack,West Indies,Bowler,0,157,44,115,0,0
930,BE Hendricks,South Africa,Bowler,9,24,68,128,0,0
931,RK Singh,India,Batsman,0,55,2916,6,16,0
932,S Randiv,Sri Lanka,Bowler,147,280,10,92,1,0
933,AJ Blackwell,Australia,Batsman,417,953,1721,0,18,0
934,S Badree,Not available,Bowler,0,0,135,124,0,0
935,SA Zaib,Not available,All-rounder,0,0,2150,40,10,0
936,AB Dinda,India,Bowler,0,21,107,123,0,0
937,ZGF Foulkes,New Zealand,Bowler,45,49,292,111,0,0
938,R Tewatia,Not available,All-rounder,0,0,1895,49,3,0
939,Tanzim Hasan Sakib,Bangladesh,Bowler,41,134,312,110,1,0
940,EJ Carson,New Zealand,Bowler,0,12,117,123,0,0
941,S Shillingford,West Indies,Bowler,266,0,44,93,1,0
942,AR Nurse,West Indies,All-rounder,0,454,529,77,0,0
943,JP Greaves,West Indies,All-rounder,1006,506,374,40,5,3
944,HWR Cartwright,Australia,Batsman,55,2,2873,4,11,0
945,SW Currie,Scotland,Bowler,0,10,207,125,0,0
946,Aaron Jones,United States of America,Batsman,0,1620,1211,7,14,1
947,Khawar Ali,Oman,All-rounder,0,620,481,78,6,0
948,Mandeep Singh,Not available,Batsman,0,0,2917,4,15,0
949,N Burger,South Africa,Bowler,33,39,114,119,0,0
950,KKN Egodage,United Arab Emirates,All-rounder,0,0,1843,51,6,0
951,Imran Farhat,Pakistan,Batsman,1568,1232,76,4,19,2
952,SL Bates,Not available,Bowler,0,0,35,126,0,0
953,Ebadat Hossain,Bangladesh,Bowler,105,3,6,102,0,0
954,NM Hancock,Not available,Bowler,0,0,324,115,0,0
955,WP Masakadza,Zimbabwe,All-rounder,159,246,215,86,1,0
956,JW Wells,Not available,Batsman,0,0,2996,0,15,0
957,BJ Bennett,Zimbabwe,Batsman,450,362,1920,9,16,3
958,D Olivier,South Africa,Bowler,66,0,55,116,0,0
959,Azam Khan,Not available,Batsman,0,0,2996,0,14,1
960,JA Warrican,West Indies,Bowler,367,0,4,89,0,0
961,Sahibzada Farhan,Pakistan,Batsman,0,101,2895,0,20,4
962,KM Mack,Not available,Batsman,0,0,2994,0,14,0
963,Aqib Iqbal,Austria,All-rounder,0,0,1083,82,4,0
964,JC Tongue,England,Bowler,76,0,16,116,0,0
965,NND de Silva,Sri Lanka,Batsman,0,1207,1337,17,6,0
966,L Paul,Ireland,All-rounder,0,1263,836,35,11,1
967,A Dutt,Netherlands,Bowler,0,219,136,103,0,0
968,RC Belbashi,Nepal,All-rounder,0,0,1128,79,1,1
969,EG Barnard,Not available,All-rounder,0,0,1359,66,3,0
970,MDE Holden,Not available,Batsman,0,0,2980,0,16,2
971,K Verreynne,South Africa,Batsman,1266,521,1184,0,11,5
972,L Balaji,India,Bowler,15,104,36,115,0,0
973,MK Tiwary,India,Batsman,0,287,2216,19,9,1
974,SSB Magala,South Africa,Bowler,0,18,408,108,1,0
975,N Boje,South Africa,All-rounder,576,215,50,66,3,0
976,KA Green,Namibia,All-rounder,0,0,1225,72,2,0
977,OB Cox,Not available,Batsman,0,0,2947,0,10,0
978,Mohammad Nadeem,Oman,All-rounder,0,827,763,54,9,0
979,V Shankar,India,All-rounder,0,194,2109,25,10,0
980,LM Jongwe,Zimbabwe,All-rounder,56,315,483,86,0,0
981,NJ Astle,New Zealand,Batsman,693,1571,74,21,13,5
982,R Clarke,England,All-rounder,96,91,902,76,4,0
983,MJ Owen,Australia,All-rounder,0,37,1813,47,5,3
984,S Bau,Papua New Guinea,All-rounder,0,874,1209,33,10,0
985,K Santokie,Not available,Bowler,0,0,167,121,0,0
986,Salma Khatun,Bangladesh,All-rounder,0,232,317,97,0,0
987,MW Forde,West Indies,All-rounder,0,224,380,97,2,0
988,D Paterson,South Africa,Bowler,101,0,92,111,0,0
989,Javeria Khan,Pakistan,Batsman,0,1408,1226,11,12,1
990,N Koncharoenkai,Thailand,Batsman,0,303,2603,0,13,0
991,Kaleem Sana,Canada,Bowler,0,135,51,114,0,0
992,BMAJ Mendis,Sri Lanka,All-rounder,0,593,501,72,2,0
993,AR Ramjani,Not available,All-rounder,0,0,778,95,5,0
994,JA Leaning,Not available,All-rounder,0,0,2233,28,8,0
995,AH Maqsood,Scotland,Bowler,0,20,77,117,0,0
996,NJ Maddinson,Australia,Batsman,27,0,2553,13,12,0
997,CJ Dala,South Africa,Bowler,0,8,178,117,0,0
998,Riazat Ali Shah,Uganda,All-rounder,0,0,1798,47,7,0
999,XJ Doherty,Australia,Bowler,51,101,49,96,0,0
1000,PBB Rajapaksa,Sri Lanka,Batsman,0,89,2761,1,13,0
1001,SS Connell,West Indies,Bowler,0,114,68,103,0,0
1002,P Simran Singh,Not available,Batsman,0,0,2867,0,21,2
1003,Abbas Afridi,Not available,Bowler,0,0,392,111,0,0
1004,G Scrivens,Not available,All-rounder,0,0,1736,49,10,0
1005,MVT Fernando,Sri Lanka,Bowler,161,30,12,93,0,0
1006,S Kaul,India,Bowler,0,1,32,121,0,0
1007,T Westley,England,Batsman,193,0,2488,7,11,2
1008,Vaishnave Mahesh,United Arab Emirates,Bowler,0,75,111,118,0,0
1009,Farhad Reza,Bangladesh,All-rounder,0,316,469,84,0,0
1010,AI Ross,Not available,Batsman,0,0,2856,0,14,0
1011,Sohail Khan,Pakistan,Bowler,252,25,153,91,1,0
1012,SJ Cook,England,Bowler,0,0,70,119,0,0
1013,O Thomas,West Indies,Bowler,0,22,19,119,0,0
1014,TG Norris,United States of America,Bowler,0,59,280,107,0,0
1015,LB Williams,South Africa,Bowler,25,18,69,118,0,0
1016,A Sharafu,United Arab Emirates,Batsman,0,433,2406,0,18,0
1017,Yasim Murtaza,Not available,All-rounder,0,0,893,84,3,0
1018,HJ Darlington,Australia,Bowler,0,0,387,108,0,0
1019,BMSM Kumari,Sri Lanka,Bowler,0,192,93,98,0,0
1020,RM Patidar,India,Batsman,63,22,2744,0,26,1
1021,W Mwatile,Not available,All-rounder,0,0,985,75,1,0
1022,N Thushara,Not available,Bowler,0,0,30,121,0,0
1023,Junaid Siddique,Bangladesh,Batsman,897,896,1016,0,16,1
1024,Usman Khan,Pakistan,Batsman,0,51,2757,0,12,6
1025,Ahmed Raza,United Arab Emirates,All-rounder,0,391,109,87,1,0
1026,S Muthusamy,South Africa,All-rounder,388,22,497,77,3,1
1027,Pavandeep Singh,Malaysia,Bowler,0,0,38,120,0,0
1028,FG Kemp,England,All-rounder,0,161,1545,47,6,0
1029,BV Sears,New Zealand,Bowler,19,11,104,115,0,0
1030,Fazalhaq Farooqi,Not available,Bowler,0,0,34,121,0,0
1031,Zulfiqar Babar,Pakistan,Bowler,144,35,50,84,1,0
1032,TL Best,West Indies,Bowler,232,72,47,89,1,0
1033,Aarif Sheikh,Nepal,Batsman,0,1518,838,13,9,0
1034,DP Nannes,Not available,Bowler,0,0,34,120,0,0
1035,DT Tiripano,Zimbabwe,All-rounder,429,343,122,61,2,0
1036,T Panyangara,Zimbabwe,Bowler,73,192,6,90,0,0
1037,RD Chahar,India,Bowler,0,13,166,111,0,0
1038,Anwar Ali,Pakistan,All-rounder,0,300,515,79,0,0
1039,T Thushara,Sri Lanka,Bowler,70,357,16,88,1,0
1040,MJ Swepson,Australia,Bowler,28,2,138,104,0,0
1041,MN van Wyk,South Africa,Batsman,0,425,2356,0,21,1
1042,KU Carty,West Indies,Batsman,235,1814,721,0,10,4
1043,HR Walsh,West Indies,Bowler,0,172,289,95,0,0
1044,Taranjeet Singh,Not available,All-rounder,0,0,1644,49,10,1
1045,S Samarawickrama,Sri Lanka,Batsman,281,1268,1219,0,11,2
1046,Theertha Satish,United Arab Emirates,Batsman,0,219,2548,0,15,0
1047,Nahid Rana,Bangladesh,Bowler,21,12,6,108,0,0
1048,DJ Hawoe,Indonesia,All-rounder,0,0,624,91,0,0
1049,CK Kapugedera,Sri Lanka,Batsman,418,1505,748,2,13,0
1050,SMSM Senanayake,Sri Lanka,Bowler,5,290,103,90,0,0
1051,GS Ballance,England,Batsman,1653,454,646,0,13,5
1052,L Embuldeniya,Sri Lanka,Bowler,191,0,7,85,0,0
1053,JJ Weatherley,Not available,Batsman,0,0,2746,0,13,0
1054,DI Stevens,Not available,All-rounder,0,0,1299,62,4,0
1055,Nurul Hasan,Bangladesh,Batsman,440,282,2015,0,4,0
1056,MN Waller,Zimbabwe,Batsman,577,1039,603,17,9,0
1057,JN Malan,South Africa,Batsman,0,958,1775,0,13,4
1058,LM Reece,Not available,All-rounder,0,0,1942,33,15,0
1059,AM Lilley,Not available,All-rounder,0,0,1663,44,5,0
1060,EAJ Richardson,Ireland,All-rounder,0,106,961,69,2,0
1061,Ali Dawood,Not available,Bowler,0,0,98,117,0,0
1062,DJ Worrall,Australia,Bowler,0,6,162,106,1,0
1063,MJ North,Australia,Batsman,1171,6,820,24,8,5
1064,AP Devcich,New Zealand,All-rounder,0,195,1559,39,11,1
1065,NE Farrant,England,Bowler,0,41,332,102,0,0
1066,IO Okpe,Nigeria,All-rounder,0,0,829,82,2,0
1067,CJ Bowes,New Zealand,Batsman,0,99,2620,0,21,0
1068,SR Mukkamalla,United States of America,Batsman,0,1532,1183,0,15,5
1069,L Harris,Not available,Batsman,0,0,2416,13,6,0
1070,Mohammad Naim,Bangladesh,Batsman,24,58,2620,0,13,1
1071,Ritu Moni,Bangladesh,All-rounder,0,524,527,67,1,0
1072,TAI Taylor,Not available,All-rounder,0,0,565,93,1,0
1073,D Heyliger,Canada,All-rounder,0,213,379,87,1,0
1074,V Aravind,United Arab Emirates,Batsman,0,1865,831,0,13,2
1075,Miles Hammond,Not available,Batsman,0,0,2695,0,9,0
1076,RJ Burns,England,Batsman,1789,0,906,0,14,3
1077,KDU Prabodhani,Sri Lanka,Bowler,0,148,101,94,0,0
1078,MJG Rippon,Netherlands,All-rounder,0,112,909,69,2,0
1079,Aamir Kaleem,Oman,All-rounder,0,160,795,74,4,0
1080,C Aweko,Uganda,Bowler,0,0,107,110,0,0
1081,Mohammad Naveed,United Arab Emirates,Bowler,0,275,166,93,0,0
1082,Yasir Arafat,Pakistan,Bowler,94,64,231,94,1,0
1083,JM Watkin,New Zealand,All-rounder,0,24,1069,66,5,0
1084,P Maya,Thailand,All-rounder,0,161,514,85,0,0
1085,TS Rogers,Not available,Bowler,0,0,396,98,0,0
1086,R Rijke,Netherlands,All-rounder,0,238,1487,40,5,0
1087,Abu Jayed,Bangladesh,Bowler,36,0,39,102,0,0
1088,FL Mackay,New Zealand,All-rounder,0,125,990,64,4,0
1089,JM Coles,Not available,All-rounder,0,0,1423,52,7,0
1090,D Madushanka,Sri Lanka,Bowler,0,36,34,108,0,0
1091,RW Chakabva,Zimbabwe,Batsman,984,1106,563,0,9,2
1092,Azmatullah Omarzai,Not available,All-rounder,0,0,915,75,1,0
1093,SR Magar,Nepal,All-rounder,0,0,962,72,1,0
1094,KJ Martin,New Zealand,Batsman,0,1161,1486,0,11,0
1095,JDF Vandersay,Sri Lanka,Bowler,71,132,99,95,1,0
1096,C Murray,Ireland,Bowler,0,122,40,100,0,0
1097,CG Harrison,Not available,Bowler,0,0,415,97,0,0
1098,HDJ Siegers,Netherlands,All-rounder,0,105,1475,45,4,1
1099,Hussain Talat,Pakistan,All-rounder,0,224,1687,31,8,0
1100,Hassan Khan,Not available,All-rounder,0,0,1188,59,1,0
1101,OU Ranasinghe,Sri Lanka,All-rounder,0,279,323,83,1,0
1102,RMS Eranga,Sri Lanka,Bowler,193,34,6,80,0,0
1103,VR Aaron,India,Bowler,35,8,64,99,0,0
1104,NJ O'Brien,Ireland,Batsman,18,1692,902,0,12,1
1105,IK Gamantika,Indonesia,All-rounder,0,0,1156,63,1,0
1106,HH Streak,Zimbabwe,All-rounder,309,736,0,55,8,0
1107,V Permaul,West Indies,Bowler,145,19,102,85,0,0
1108,Usman Shinwari,Pakistan,Bowler,0,6,78,107,0,0
1109,Fargana Hoque,Bangladesh,Batsman,0,1485,1110,0,15,3
1110,D Foxcroft,New Zealand,All-rounder,98,171,1714,25,16,0
1111,PM Seelaar,Netherlands,All-rounder,0,218,557,72,1,0
1112,Aamer Jamal,Pakistan,All-rounder,355,5,395,74,3,0
1113,C de Lange,Netherlands,Bowler,0,103,120,98,0,0
1114,I Nakisuuyi,Uganda,All-rounder,0,0,1295,55,2,0
1115,DKH Mitchell,Not available,All-rounder,0,0,1435,47,7,0
1116,TB de Bruyn,South Africa,Batsman,468,0,2068,1,10,2
1117,GI Hume,Ireland,All-rounder,36,65,406,86,1,0
1118,V Saini,Not available,All-rounder,0,0,1417,48,7,0
1119,Z Bimenyimana,Rwanda,Bowler,0,0,320,97,0,0
1120,GJ Batty,England,Bowler,46,25,101,92,0,0
1121,BTJ Wheal,Scotland,Bowler,0,47,50,106,0,0
1122,Alok Kapali,Bangladesh,All-rounder,143,613,508,52,1,1
1123,Q Abel,Kenya,All-rounder,0,0,1083,66,6,1
1124,MT Steketee,Not available,Bowler,0,0,199,104,0,0
1125,GLS Scrimshaw,England,Bowler,0,0,32,112,0,0
1126,C Connolly,Australia,All-rounder,4,281,1424,36,7,2
1127,JL Langer,Australia,Batsman,2558,0,0,0,7,8
1128,J Weatherald,Australia,Batsman,224,0,2324,0,16,1
1129,DAS Gunaratne,Sri Lanka,All-rounder,455,575,467,41,7,2
1130,TU Deshpande,Not available,Bowler,0,0,67,108,0,0
1131,DP Sibley,England,Batsman,1042,0,1358,5,14,2
1132,MNM Aslam,Not available,All-rounder,0,0,801,75,3,0
1133,Sami Sohail,Malawi,All-rounder,0,0,1482,46,10,0
1134,MD Taylor,Not available,Bowler,0,0,243,99,0,0
1135,IE O'Brien,New Zealand,Bowler,210,3,0,80,0,0
1136,Asif Khan,United Arab Emirates,Batsman,0,1270,1264,0,13,3
1137,PA Chatterji,Scotland,All-rounder,0,236,665,66,1,0
1138,PJ Hughes,Australia,Batsman,1535,826,173,0,13,5
1139,Fawad Alam,Pakistan,Batsman,1011,966,199,13,8,6
1140,L Filer,England,Bowler,45,24,153,91,0,0
1141,ND McKenzie,South Africa,Batsman,1610,182,727,0,8,3
1142,TP Alsop,Not available,Batsman,0,0,2521,0,14,0
1143,Sajid Khan,Pakistan,Bowler,321,0,0,77,0,0
1144,MP Siboto,Not available,Bowler,0,0,80,105,0,0
1145,MP Kuhnemann,Australia,Bowler,18,54,86,94,0,0
1146,H Kerr,Not available,All-rounder,0,0,635,82,1,0
1147,Shakeel Ahmed,Oman,Bowler,0,169,243,87,0,0
1148,FC Jonas,New Zealand,Bowler,0,14,28,98,0,0
1149,CB Cooke,Not available,Batsman,0,0,2492,0,5,1
1150,SA Wittmann,Namibia,All-rounder,0,0,1533,40,8,0
1151,F Banunaek,Indonesia,Bowler,0,0,322,92,1,0
1152,E Jones,Not available,Batsman,0,0,2359,5,11,0
1153,CD Collymore,West Indies,Bowler,86,39,0,73,0,0
1154,SSJ Brooks,West Indies,Batsman,442,842,1191,0,10,2
1155,Rabeya Khan,Bangladesh,Bowler,0,165,144,86,0,0
1156,MJ Lumb,England,Batsman,0,165,2299,0,11,1
1157,M Akayezu,Not available,All-rounder,0,0,535,83,1,0
1158,B Fernando,Sri Lanka,Bowler,0,26,111,100,0,0
1159,B Ward,Jersey,All-rounder,0,69,708,74,2,0
1160,R Bhatia,Not available,All-rounder,0,0,542,80,0,0
1161,T Natarajan,India,Bowler,1,0,4,102,0,0
1162,H Deol,India,Batsman,0,1064,1119,11,8,1
1163,WA Agar,Australia,Bowler,0,50,108,100,0,0
1164,JM Kemp,South Africa,All-rounder,0,1226,487,28,10,1
1165,T de Zorzi,South Africa,Batsman,919,626,898,0,7,3
1166,FC Wilson,England,Batsman,13,412,2012,0,8,0
1167,SB Harper,Not available,Batsman,0,0,2437,0,15,1
1168,HR Huddleston,New Zealand,Bowler,0,57,404,82,1,0
1169,JC Silk,Not available,Batsman,0,0,2429,0,8,0
1170,EC Joyce,Ireland,Batsman,47,1845,532,0,12,4
1171,Sharjeel Khan,Pakistan,Batsman,44,787,1593,0,13,3
1172,B Stanlake,Australia,Bowler,0,4,42,99,0,0
1173,SA Okpe,Nigeria,All-rounder,0,0,840,67,0,0
1174,NH Patel,New Zealand,All-rounder,0,12,691,72,1,0
1175,JE Cameron,Australia,Batsman,104,452,1851,0,11,0
1176,Shoaib Bashir,England,Bowler,106,0,0,77,0,0
1177,SCG MacGill,Australia,Bowler,60,0,6,79,0,0
1178,NT Broom,New Zealand,Batsman,32,919,1449,0,14,1
1179,K Pierre,West Indies,Bowler,47,81,127,85,1,0
1180,AC Thomas,Not available,Bowler,0,0,147,97,0,0
1181,Akif Javed,Pakistan,Bowler,0,10,55,102,0,0
1182,AHT Donald,Not available,Batsman,0,0,2392,0,18,0
1183,SC Selman,West Indies,Bowler,0,136,82,84,0,0
1184,GG White,Not available,Bowler,0,0,415,83,0,0
1185,Shubham Ranjane,United States of America,All-rounder,0,190,1272,38,7,0
1186,N Chaiwai,Thailand,Batsman,0,475,1908,0,10,0
1187,GS Sandhu,Australia,Bowler,0,0,157,96,0,0
1188,HAM Shah,Denmark,All-rounder,0,0,1629,34,11,1
1189,H Davids,South Africa,Batsman,0,8,2113,10,10,0
1190,H Ssenyondo,Uganda,Bowler,0,0,26,103,0,0
1191,Harshit Rana,India,Bowler,7,124,160,88,1,0
1192,DG Bedingham,South Africa,Batsman,828,0,1549,0,12,1
1193,UWMBCA Welegedara,Sri Lanka,Bowler,218,4,2,71,0,0
1194,Mas Elysa,Malaysia,All-rounder,0,0,1517,36,7,0
1195,NK Patel,United States of America,All-rounder,0,477,189,69,1,0
1196,DS Smith,West Indies,Batsman,1112,973,282,0,12,1
1197,NJ Rimmington,Not available,Bowler,0,0,179,94,0,0
1198,MS Atapattu,Sri Lanka,Batsman,336,2025,5,0,12,3
1199,P Coughlin,Not available,All-rounder,0,0,792,69,1,0
1200,NF Kelly,New Zealand,Batsman,0,265,2029,3,15,0
1201,LG Smith,Not available,Bowler,0,0,322,87,0,0
1202,Fayyaz Butt,Oman,Bowler,0,201,147,82,0,0
1203,Ayan Khan,Oman,All-rounder,0,948,540,31,5,1
1204,Waqar Salamkheil,Not available,Bowler,0,0,23,102,0,0
1205,C Kieswetter,England,Batsman,0,985,1359,0,16,1
1206,LWP Wells,Not available,All-rounder,0,0,1359,40,7,0
1207,E Gray,Not available,Bowler,0,0,353,85,0,0
1208,D Cleaver,New Zealand,Batsman,0,32,2297,0,11,1
1209,GG Wagg,Not available,All-rounder,0,0,723,69,3,0
1210,Abu Hider,Bangladesh,Bowler,0,0,295,87,0,0
1211,DEM Carter,Scotland,All-rounder,0,225,1192,37,11,0
1212,PG Fulton,New Zealand,Batsman,892,1216,215,0,13,2
1213,S Ravichandran,Not available,All-rounder,0,0,952,61,5,0
1214,Mohammad Haris,Pakistan,Batsman,0,30,2281,0,8,1
1215,W Sutherland,Australia,All-rounder,0,18,958,55,3,0
1216,SH Johnson,Australia,Bowler,0,12,95,94,0,0
1217,P Subrayen,South Africa,Bowler,12,18,241,84,0,0
1218,L Cheatle,Australia,Bowler,6,13,90,93,0,0
1219,Haider Ali,Pakistan,Batsman,0,42,2261,0,9,0
1220,SM Solia,Samoa,All-rounder,0,0,1424,37,6,0
1221,Shahbaz Ahmed,India,All-rounder,0,0,897,58,3,0
1222,S Gopal,Not available,Bowler,0,0,245,90,0,0
1223,TS Sekhukhune,South Africa,Bowler,61,55,17,85,0,0
1224,IDR Bradshaw,West Indies,Bowler,74,259,0,69,0,0
1225,Tanvir Islam,Bangladesh,Bowler,0,31,79,92,0,0
1226,A Brindle,England,All-rounder,75,608,469,46,3,1
1227,JA Clarkson,New Zealand,Batsman,0,37,1725,22,6,0
1228,GWHM Perera,Sri Lanka,Batsman,0,1288,997,0,6,0
1229,T Lungameni,Namibia,Bowler,0,46,17,90,0,0
1230,E Bisht,India,Bowler,0,73,21,86,0,0
1231,HG Kuhn,South Africa,Batsman,113,0,2158,0,13,0
1232,Q Joseph,West Indies,All-rounder,0,486,769,41,6,0
1233,DR Tuffey,New Zealand,Bowler,177,188,5,68,1,0
1234,TJ Murtagh,Ireland,Bowler,28,143,23,82,0,0
1235,GA Priandana,Not available,All-rounder,0,0,1577,30,8,0
1236,TM Odoyo,Kenya,All-rounder,0,830,66,53,3,1
1237,AL Hughes,Not available,All-rounder,0,0,898,55,0,0
1238,FMK Morris,Not available,All-rounder,0,0,857,59,1,0
1239,IG Holland,United States of America,All-rounder,0,368,308,66,3,0
1240,A Hartley,England,Bowler,0,4,28,89,0,0
1241,K Kunwar,Not available,All-rounder,0,0,500,75,0,0
1242,Jaker Ali,Bangladesh,Batsman,337,328,1573,0,11,0
1243,S Nadeem,India,Bowler,1,0,105,85,0,0
1244,MD Craig,New Zealand,All-rounder,589,0,20,50,3,0
1245,Zaman Khan,Pakistan,Bowler,0,0,29,95,0,0
1246,B de Leede,Netherlands,Batsman,0,289,1933,0,11,0
1247,HK Bennett,New Zealand,Bowler,4,10,20,91,0,0
1248,R Dhawan,India,All-rounder,0,12,678,64,2,0
1249,SM Ervine,Zimbabwe,All-rounder,59,321,867,38,2,0
1250,Nayeem Hasan,Bangladesh,Bowler,227,0,96,69,0,0
1251,A Reddy,India,Bowler,0,58,241,78,0,0
1252,JM Sharma,Not available,Batsman,0,0,2217,0,6,0
1253,Shuvagata Hom,Bangladesh,All-rounder,244,70,826,40,3,0
1254,B Evans,Zimbabwe,Bowler,11,240,181,73,2,0
1255,DC Drakes,West Indies,Bowler,0,11,473,72,0,0
1256,ZJ Chappell,Not available,Bowler,0,0,269,86,0,0
1257,Mahirah Izzati Ismail,Malaysia,All-rounder,0,0,700,63,0,0
1258,Jahanara Alam,Bangladesh,Bowler,0,80,140,77,0,0
1259,SS Tiwary,India,Batsman,0,49,2150,0,12,0
1260,Mukesh Kumar,India,Bowler,0,10,19,91,0,0
1261,J Edwards,Not available,All-rounder,0,0,865,58,0,0
1262,TS Roland-Jones,England,Bowler,82,37,301,76,0,0
1263,JF Mooney,Ireland,All-rounder,0,610,262,54,1,0
1264,I Barma,Nepal,All-rounder,0,0,1252,40,1,0
1265,L Trevaskis,Not available,Bowler,0,0,473,72,0,0
1266,S Dharnidharka,United Arab Emirates,All-rounder,0,122,441,69,1,0
1267,KS Carlson,Not available,Batsman,0,0,2144,2,7,2
1268,Ali Naseer,United Arab Emirates,All-rounder,0,396,376,59,4,0
1269,L Tshuma,Zimbabwe,All-rounder,0,286,235,68,0,1
1270,LG Pretorius,South Africa,Batsman,235,142,1806,0,15,2
1271,M Penna,Not available,Batsman,0,0,1621,24,8,0
1272,Shayan Jahangir,United States of America,Batsman,0,765,1408,0,9,1
1273,CT Tremlett,England,Bowler,113,50,19,68,0,0
1274,Kaleemullah,Oman,Bowler,0,125,99,74,0,0
1275,Ahmed Faiz,Malaysia,Batsman,0,0,2140,1,9,2
1276,Nasir Jamshed,Pakistan,Batsman,51,1418,697,0,12,3
1277,S Jimmy,Papua New Guinea,All-rounder,0,155,544,62,2,0
1278,CB Sole,Scotland,Bowler,0,67,73,83,0,0
1279,P Siaka,Papua New Guinea,All-rounder,0,320,543,55,2,0
1280,MS Kasprowicz,Australia,Bowler,129,11,3,75,0,0
1281,Sohaib Maqsood,Pakistan,Batsman,0,768,1354,1,13,0
1282,E Bosch,South Africa,Bowler,0,7,452,72,0,0
1283,DL Lloyd,Not available,Batsman,0,0,1985,7,12,0
1284,BWM Mike,Not available,All-rounder,0,0,719,62,0,0
1285,MJ Humphreys,Ireland,Bowler,67,6,109,79,0,0
1286,KM Beams,Australia,Bowler,26,27,44,83,0,0
1287,AR Cusack,Ireland,Bowler,0,264,184,71,1,0
1288,N Shree Charani,India,Bowler,3,22,33,87,0,0
1289,Umaima Sohail,Pakistan,All-rounder,0,766,450,36,3,0
1290,LPC Silva,Sri Lanka,Batsman,537,1279,233,3,13,2
1291,MTC Waller,Not available,Bowler,0,0,90,86,0,0
1292,M Kartik,India,Bowler,2,102,113,69,0,0
1293,L Siaka,Papua New Guinea,Batsman,0,749,972,17,5,0
1294,Taufeeq Umar,Pakistan,Batsman,1867,262,0,0,10,5
1295,A Bosch,South Africa,Batsman,88,494,1180,14,9,0
1296,LJ Fletcher,Not available,Bowler,0,0,169,85,0,0
1297,Salman Irshad,Not available,Bowler,0,0,36,91,0,0
1298,A Bohara,Nepal,Bowler,0,13,28,91,0,0
1299,N Deonarine,West Indies,All-rounder,622,546,92,28,8,0
1300,Nithish Kumar Reddy,India,Batsman,396,100,969,24,5,1
1301,JL Barsby,Not available,Bowler,0,0,243,80,0,0
1302,Asmavia Iqbal,Pakistan,All-rounder,0,225,309,63,0,0
1303,HAPW Jayawardene,Sri Lanka,Batsman,2106,4,0,0,5,4
1304,S Vijay Unni,Not available,Bowler,0,0,319,78,0,0
1305,CS Mugeri,Zimbabwe,Batsman,0,554,1453,4,9,0
1306,S Muniandy,Malaysia,All-rounder,0,0,1145,41,1,0
1307,AM Kimote,Not available,Bowler,0,0,295,81,0,0
1308,MK Andersson,Not available,All-rounder,0,0,1060,45,7,0
1309,GH Worker,New Zealand,Batsman,0,272,1641,8,10,1
1310,I Danladi,Nigeria,All-rounder,0,0,1326,34,5,0
1311,JK Silva,Sri Lanka,Batsman,2099,0,0,0,12,3
1312,GH Vihari,India,Batsman,839,0,858,15,8,1
1313,Mohammad Ali,Pakistan,Bowler,4,0,25,85,0,0
1314,JA Diergaardt,Namibia,All-rounder,0,0,863,51,1,0
1315,C Webb,Not available,Batsman,0,0,1835,11,3,0
1316,PJ Moor,Zimbabwe,Batsman,722,520,853,0,10,0
1317,M Vohra,Not available,Batsman,0,0,2093,0,10,1
1318,M Mupachikwa,Zimbabwe,Batsman,0,621,1467,0,7,0
1319,SC Getkate,Ireland,All-rounder,0,23,829,54,1,0
1320,K Zondo,South Africa,Batsman,120,146,1601,9,8,1
1321,CJL Rogers,Australia,Batsman,2015,0,63,0,14,5
1322,Yasir Ali,Spain,All-rounder,0,0,845,55,3,0
1323,P Negi,Not available,All-rounder,0,0,612,62,0,0
1324,L Bruce,Not available,All-rounder,0,0,1266,33,12,0
1325,MA Carberry,England,Batsman,345,114,1611,0,16,0
1326,Yasmeen Khan,Namibia,Batsman,0,0,1964,4,8,0
1327,A Athanaze,West Indies,Batsman,781,405,735,5,9,0
1328,NV Ojha,India,Batsman,56,1,2009,0,9,0
1329,Muhammad Jawadullah,United Arab Emirates,Bowler,0,15,15,86,0,0
1330,R MacDonald-Gay,England,Bowler,22,17,120,82,0,0
1331,A Dercksen,South Africa,Batsman,60,751,615,24,7,1
1332,Ainna Hamizah Hashim,Not available,All-rounder,0,0,803,51,2,0
1333,MA Jones,Scotland,Batsman,0,506,1549,0,7,0
1334,Harpreet Brar,Not available,Bowler,0,0,340,73,0,0
1335,E Rukiriza,Not available,Bowler,0,0,217,80,0,0
1336,Iftikhar Anjum,Pakistan,Bowler,9,203,0,68,0,0
1337,JA Raval,New Zealand,Batsman,1143,0,864,1,13,1
1338,Shaiman Anwar,United Arab Emirates,Batsman,0,947,994,4,13,2
1339,BT Foakes,England,Batsman,1139,61,835,0,9,2
1340,BR Hampton,Not available,All-rounder,0,0,1168,38,6,0
1341,Ziaur Rahman,Bangladesh,All-rounder,14,83,903,42,1,0
1342,Vikramjit Singh,Netherlands,Batsman,0,1304,400,13,9,1
1343,DJ Lamb,Not available,All-rounder,0,0,578,61,0,0
1344,PD Trego,Not available,Batsman,0,0,1719,13,10,0
1345,Zahir Khan,Not available,Bowler,0,0,57,83,0,0
1346,Usman Tariq,Not available,Bowler,0,0,25,88,0,0
1347,S Tippoch,Thailand,Bowler,0,89,367,66,0,0
1348,T Sangha,Australia,Bowler,0,6,50,84,0,0
1349,AC Evans,Scotland,Bowler,0,66,10,80,0,0
1350,SR Dickson,Not available,Batsman,0,0,2017,0,12,0
1351,P Marange,Zimbabwe,Bowler,0,128,293,63,0,0
1352,L Vincent,New Zealand,Batsman,590,1089,305,1,9,4
1353,DY Pennington,Not available,Bowler,0,0,148,80,0,0
1354,Sohail Ahmed,Not available,Batsman,0,0,1905,4,16,0
1355,B White,Ireland,Bowler,1,0,69,81,0,0
1356,K Klein,Netherlands,Bowler,0,160,50,76,0,0
1357,BJ Currie,Scotland,Bowler,0,16,24,85,0,0
1358,CD Nash,Not available,Batsman,0,0,1752,10,15,1
1359,DT Johnston,Ireland,All-rounder,0,361,160,57,0,0
1360,M Kaif,India,Batsman,421,1314,259,0,13,1
1361,G Matome,Not available,All-rounder,0,0,579,61,0,0
1362,NS Dhaliwal,Canada,Batsman,0,456,1420,5,14,0
1363,CW Perchard,Jersey,Bowler,0,31,136,80,0,0
1364,Manpreet Singh,Singapore,Batsman,0,0,1571,18,5,1
1365,NO Miller,West Indies,Bowler,5,279,57,60,1,0
1366,Meet Bhavsar,Not available,Batsman,0,0,1644,15,12,0
1367,AJ Blake,Not available,Batsman,0,0,1950,1,10,0
1368,HJH Marshall,New Zealand,Batsman,337,661,984,0,12,1
1369,IKEG Artawan,Not available,Bowler,0,0,457,65,0,0
1370,DL Piedt,South Africa,Bowler,214,0,44,60,1,0
1371,EJ Black,Not available,Bowler,0,0,112,80,0,0
1372,YH Bhatia,India,Batsman,223,666,1083,0,8,1
1373,SO Tikolo,Kenya,All-rounder,0,705,302,38,6,0
1374,Aftab Ahmed,Bangladesh,Batsman,425,1061,216,8,7,0
1375,HH Dippenaar,South Africa,Batsman,684,1283,1,0,13,3
1376,S Sesazi,Not available,Batsman,0,0,1970,0,15,1
1377,AG Salter,Not available,Bowler,0,0,387,67,0,0
1378,BG Lister,New Zealand,Bowler,0,12,73,79,0,0
1379,HMD Rasangika,Sri Lanka,Batsman,0,232,1242,20,5,2
1380,M Bibi,Not available,All-rounder,0,0,559,60,0,0
1381,M van Lingen,Namibia,Batsman,0,1394,507,2,8,5
1382,JR Lennox,New Zealand,Bowler,0,3,67,82,0,0
1383,WW Hinds,West Indies,All-rounder,131,1066,30,28,4,4
1384,KG Anderson,Not available,Batsman,0,0,1692,11,9,0
1385,Muhammad Nadir,Not available,Bowler,0,0,174,76,0,0
1386,J Fraser-McGurk,Australia,Batsman,0,98,1852,0,11,0
1387,Anam Amin,Pakistan,Bowler,0,28,3,77,0,0
1388,Sharmin Akhter,Bangladesh,Batsman,0,1232,717,0,11,0
1389,L Sipamla,South Africa,Bowler,15,14,44,79,0,0
1390,M Ashwin,Not available,Bowler,0,0,77,79,0,0
1391,R Musamali,Uganda,All-rounder,0,0,1332,25,1,0
1392,PJ Scholfield,England,Batsman,0,59,1451,18,5,0
1393,T Chetty,South Africa,Batsman,0,1414,525,0,10,0
1394,LN Oluoch,Kenya,Bowler,0,0,399,66,0,0
1395,V Chopra,Not available,Batsman,0,0,1938,0,14,2
1396,VP Thamotharam,Not available,All-rounder,0,0,1179,31,7,1
1397,C Rububagumya,Rwanda,All-rounder,0,0,697,53,0,0
1398,TAM Siriwardana,Sri Lanka,All-rounder,298,516,355,28,5,0
1399,N Senamontree,Thailand,Bowler,0,0,159,78,0,0
1400,CN Greaves,Scotland,All-rounder,0,355,278,55,2,0
1401,S Snater,Netherlands,Bowler,0,21,226,72,0,0
1402,J Liyanage,Sri Lanka,Batsman,0,984,736,5,11,1
1403,JJ Peirson,Not available,Batsman,0,0,1914,0,7,0
1404,Rony Talukdar,Bangladesh,Batsman,0,4,1909,0,11,0
1405,S Chaturongrattana,Thailand,Bowler,0,34,102,77,0,0
1406,HL Baker,England,Bowler,0,3,81,77,0,0
1407,CD Fletcher,Not available,Batsman,0,0,1911,0,11,0
1408,TD Astle,New Zealand,Bowler,98,79,196,60,0,0
1409,Pargat Singh,Canada,Batsman,0,1040,599,11,11,1
1410,PG Raut,India,Batsman,134,1436,329,0,12,2
1411,Syed Rasel,Bangladesh,Bowler,37,76,14,62,0,0
1412,CD McMillan,New Zealand,Batsman,252,1129,187,12,9,2
1413,M Levitt,Netherlands,Batsman,0,443,1059,15,7,1
1414,P Khadka,Nepal,All-rounder,0,252,1009,25,5,2
1415,Yasir Hameed,Pakistan,Batsman,426,1459,0,0,10,2
1416,R Sai Kishore,Not available,Bowler,0,0,44,81,0,0
1417,GK Berg,Italy,All-rounder,0,0,589,56,2,0
1418,F Nsubuga,Uganda,Bowler,0,0,216,71,0,0
1419,R Vasconcelos,Not available,Batsman,0,0,1888,0,8,0
1420,R Slater,Scotland,Bowler,0,90,139,70,1,0
1421,GE Plimmer,New Zealand,Batsman,0,583,1304,0,4,1
1422,GO Jones,England,Batsman,715,715,456,0,9,0
1423,Akash Deep,India,Bowler,163,0,74,63,1,0
1424,DS Lehmann,Australia,All-rounder,490,687,18,26,8,3
1425,Muslim Yar,Not available,Bowler,0,0,304,69,0,0
1426,A Ikuzwe,Not available,Bowler,0,0,487,60,0,0
1427,G Singh,United States of America,Batsman,0,938,537,17,9,1
1428,P Aho,Not available,Bowler,0,0,287,69,0,0
1429,Rumman Raees,Pakistan,Bowler,0,27,71,74,0,0
1430,BE Patterson,Not available,Batsman,0,0,1871,0,6,0
1431,CL Cairns,New Zealand,All-rounder,268,790,3,29,5,1
1432,Yasir Ali Chowdhury,Bangladesh,Batsman,205,101,1549,0,10,0
1433,BA Pai,Gibraltar,All-rounder,0,0,987,37,6,0
1434,V Vijh,Not available,All-rounder,0,0,838,44,1,0
1435,Navdeep Saini,India,Bowler,8,107,56,66,0,0
1436,Nazmul Islam,Bangladesh,Bowler,4,7,60,74,0,0
1437,Sophia Smale,Not available,Bowler,0,0,258,67,0,0
1438,SR Patil,India,Bowler,0,7,150,74,0,0
1439,CN Miles,Not available,Bowler,0,0,87,78,0,0
1440,N Nipiko,Vanuatu,All-rounder,0,0,947,41,6,0
1441,AS Rajpoot,Not available,Bowler,0,0,49,79,0,0
1442,Khurram Shahzad,Pakistan,Bowler,138,0,21,68,0,0
1443,AD Mascarenhas,England,Bowler,0,245,246,55,1,0
1444,F Overdijk,Netherlands,All-rounder,0,224,414,52,0,0
1445,AM Peterson,New Zealand,All-rounder,0,167,384,54,2,0
1446,Puja Mahato,Not available,All-rounder,0,0,859,42,4,0
1447,NT Miles,Not available,Batsman,0,0,1853,0,8,1
1448,Habibul Bashar,Bangladesh,Batsman,914,926,0,0,11,0
1449,G Malla,Nepal,Batsman,0,753,1066,1,8,1
1450,CG Williams,Namibia,Batsman,0,427,1027,15,7,1
1451,K Nassoro,Not available,All-rounder,0,0,872,41,2,0
1452,LP Goldsworthy,Not available,All-rounder,0,0,566,55,1,0
1453,M Carter,Not available,Bowler,0,0,168,71,0,0
1454,HB Shipley,New Zealand,Bowler,0,18,423,60,0,0
1455,NT Paranavitana,Sri Lanka,Batsman,1792,0,0,1,11,2
1456,WJ Lubbe,Not available,Batsman,0,0,1503,13,10,0
1457,WMH Rhodes,Not available,All-rounder,0,0,1025,36,3,0
1458,E Malinga,Sri Lanka,Bowler,0,14,35,77,0,0
1459,Mohsin Khan,Not available,Bowler,0,0,95,76,0,0
1460,Vraj Patel,Not available,Bowler,0,0,10,80,0,0
1461,Chirag Suri,United Arab Emirates,Batsman,0,924,895,0,12,2
1462,WAT Beer,Not available,Bowler,0,0,266,66,0,0
1463,JD Campbell,West Indies,Batsman,1364,359,83,0,4,2
1464,NN Odhiambo,Kenya,Bowler,0,189,255,55,0,0
1465,OJ Hannon-Dalby,Not available,Bowler,0,0,57,77,0,0
1466,KE Broadmore,New Zealand,All-rounder,0,61,848,37,2,0
1467,KH Prajapati,Oman,Batsman,0,996,816,0,11,2
1468,M Pretorius,Not available,Bowler,0,0,321,64,0,0
1469,GL van Buuren,Not available,All-rounder,0,0,812,41,3,0
1470,CM Gough,Not available,All-rounder,0,0,1153,27,7,1
1471,ME Milnes,Not available,Bowler,0,0,139,72,0,0
1472,W Barresi,Netherlands,Batsman,0,882,876,2,7,1
1473,M Kelly,Not available,Batsman,0,0,1595,9,4,1
1474,W Jaffer,India,Batsman,1662,10,130,0,9,5
1475,Yash Thakur,Not available,Bowler,0,0,23,79,0,0
1476,Sadia Yousuf,Pakistan,Bowler,0,10,12,72,0,0
1477,GD Arta,Indonesia,All-rounder,0,0,604,51,0,0
1478,Shamim Hossain,Bangladesh,Batsman,0,56,1575,6,7,0
1479,M Markande,Not available,Bowler,0,0,103,72,0,0
1480,Enamul Haque jnr,Bangladesh,Bowler,56,8,12,55,0,0
1481,HJ Thomas,Papua New Guinea,Bowler,0,147,273,56,0,0
1482,Dhruv Jurel,India,Batsman,517,0,1276,0,12,1
1483,Janak Prakash,Singapore,All-rounder,0,0,546,54,1,0
1484,RMVD Gunaratne,Sri Lanka,Batsman,0,927,863,0,6,2
1485,S Matsikenyeri,Zimbabwe,Batsman,55,1309,48,13,5,0
1486,M Bryant,Not available,Batsman,0,0,1788,0,7,0
1487,SA Jumbe,Not available,Bowler,0,0,470,57,1,0
1488,AJ Bichel,Australia,Bowler,103,258,0,50,1,0
1489,K Kadowaki-Fleming,Not available,Batsman,0,0,1779,0,12,2
1490,JD Wildermuth,Not available,All-rounder,0,0,530,52,0,1
1491,MM Penfold,New Zealand,Bowler,0,12,112,67,0,0
1492,S Day,Not available,Bowler,0,0,45,77,0,0
1493,R Sandaruwan,Kuwait,Batsman,0,0,1771,0,10,1
1494,PZ Kamunya,Tanzania,Bowler,0,0,312,63,0,0
1495,JW Jenner,Jersey,Batsman,0,119,1653,0,9,0
1496,Nadeem Ahmed,Hong Kong,Bowler,0,55,52,70,0,0
1497,TB Robinson,New Zealand,Batsman,0,48,1724,0,9,2
1498,Umar Adam,Maldives,All-rounder,0,0,653,49,3,0
1499,Zakir Hasan,Bangladesh,Batsman,521,1,1249,0,10,1
1500,T Shadrack,Not available,Bowler,0,0,419,58,1,0
1501,Usman Khan,Not available,All-rounder,0,0,503,57,3,0
1502,Mahmudul Hasan Joy,Bangladesh,Batsman,1036,0,703,1,8,2
1503,DG Brownlie,New Zealand,Batsman,711,361,661,1,8,1
1504,Kamrul Islam Rabbi,Bangladesh,Bowler,51,0,68,67,0,0
1505,J Sumerauer,Jersey,Bowler,0,84,373,56,1,0
1506,SG Borthwick,England,Bowler,5,18,370,58,0,0
1507,JC Hildreth,Not available,Batsman,0,0,1754,0,8,0
1508,ACR Birch,Not available,Bowler,0,0,200,67,0,0
1509,AM Blignaut,Zimbabwe,All-rounder,289,284,8,40,5,0
1510,NR Kirton,Canada,Batsman,0,694,858,8,8,0
1511,MT Coles,Not available,Bowler,0,0,369,58,1,0
1512,MJ Cosgrove,Australia,Batsman,0,78,1624,2,9,0
1513,MR Gillespie,New Zealand,Bowler,60,80,21,60,0,0
1514,Saif Hassan,Bangladesh,Batsman,159,213,1168,8,10,0
1515,Hassan Nawaz,Pakistan,Batsman,0,113,1520,5,8,2
1516,N Sibanda,Zimbabwe,Bowler,0,166,49,59,0,0
1517,L Pope,Not available,Bowler,0,0,18,75,0,0
1518,Muhammad Usman,United Arab Emirates,Batsman,0,888,829,1,6,1
1519,ZE Green,Namibia,Batsman,0,1020,717,0,5,0
1520,C Jonker,South Africa,Batsman,0,31,1678,1,4,0
1521,S Mostary,Bangladesh,Batsman,0,561,1059,4,4,0
1522,S Thakor,Not available,Bowler,0,0,423,57,0,0
1523,Marufa Akter,Bangladesh,Bowler,0,64,11,65,0,0
1524,CJ Gannon,Not available,Bowler,0,0,185,67,0,0
1525,WER Somerville,New Zealand,Bowler,115,0,193,52,0,0
1526,JN Mohammed,West Indies,Batsman,0,621,860,8,7,0
1527,J Rasu,Vanuatu,All-rounder,0,0,841,39,5,0
1528,AB Kaur,India,All-rounder,0,257,540,36,2,0
1529,GK Davis,England,Bowler,0,0,113,70,0,0
1530,Yasin Patel,Not available,Bowler,0,0,253,63,0,0
1531,H Lakov,Not available,All-rounder,0,0,1030,29,6,0
1532,Fiaz Ahmed,Bahrain,Batsman,0,0,1717,0,9,1
1533,IC Gaze,New Zealand,Batsman,0,590,1127,0,9,0
1534,JWA Taylor,England,Batsman,312,879,525,0,10,1
1535,P Cleary,Not available,Bowler,0,0,186,64,0,0
1536,PC de Silva,Sri Lanka,All-rounder,0,77,458,49,0,0
1537,Shorna Akter,Bangladesh,All-rounder,0,299,601,33,2,0
1538,Nikhil Chaudhary,Not available,All-rounder,0,0,1055,27,2,0
1539,BAM Heath,England,Batsman,0,59,1647,0,7,0
1540,S Siegers,Netherlands,Bowler,0,11,69,66,0,0
1541,JA Haynes,Not available,Batsman,0,0,1698,0,9,0
1542,Lalit Yadav,Not available,All-rounder,0,0,834,35,1,0
1543,Harpreet Singh,United Arab Emirates,Batsman,0,314,1307,3,12,0
1544,SR Thompson,Ireland,All-rounder,60,178,352,44,1,0
1545,JK Lalor,Not available,Bowler,0,0,140,66,0,0
1546,M Wai Siu,Not available,Bowler,0,0,89,67,0,0
1547,I Takahashi,Not available,All-rounder,0,0,668,44,1,0
1548,RK Patel,Not available,Batsman,0,0,1656,1,3,2
1549,OH Agbomadzie,Not available,All-rounder,0,0,626,46,1,1
1550,H Carlyon,Jersey,All-rounder,0,125,884,28,6,1
1551,S Nampiina,Uganda,All-rounder,0,0,952,32,1,0
1552,MW Machan,Scotland,Batsman,0,393,1012,10,7,0
1553,SO Dowrich,West Indies,Batsman,1528,6,140,0,9,3
1554,Parvez Hossain Emon,Bangladesh,Batsman,0,108,1564,0,8,1
1555,J Da Silva,West Indies,Batsman,1258,14,398,0,7,1
1556,CP Jewell,Not available,Batsman,0,0,1669,0,9,0
1557,ME Claydon,Not available,Bowler,0,0,64,68,0,0
1558,D Gough,England,Bowler,1,137,0,58,0,0
1559,G Ballinger,Not available,Bowler,0,0,54,68,0,0
1560,KL George,England,All-rounder,0,9,724,38,2,0
1561,Abdul Majid Abbasi,Not available,Bowler,0,0,47,67,0,0
1562,MS Harris,Australia,Batsman,607,0,1051,0,7,0
1563,FO Kibasu,Tanzania,Batsman,0,0,1148,22,2,2
1564,Sufiyan Muqeem,Pakistan,Bowler,0,15,48,70,0,0
1565,SN Luff,Not available,Batsman,0,0,1655,0,8,0
1566,J Allenby,Not available,Batsman,0,0,1286,14,7,1
1567,RR O'Donnell,Not available,Batsman,0,0,1627,1,10,0
1568,MD Rae,New Zealand,Bowler,13,0,54,68,0,0
1569,RS Morton,West Indies,Batsman,343,1205,96,0,9,2
1570,J Yadav,India,Bowler,248,3,94,49,1,1
1571,P Mustard,England,Batsman,0,219,1428,0,7,0
1572,HJH Brookes,Not available,Bowler,0,0,195,63,0,0
1573,J Maguire,Ireland,Bowler,0,92,78,58,0,0
1574,Shashank Singh,Not available,Batsman,0,0,1271,16,9,0
1575,R Satheesan,Not available,Batsman,0,0,1466,7,11,0
1576,KP Meiyappan,United Arab Emirates,Bowler,0,163,19,60,0,0
1577,K Gowtham,India,Bowler,0,2,476,48,1,0
1578,CAJ Meschede,Not available,All-rounder,0,0,631,43,1,0
1579,J Coetzee,Not available,Bowler,0,0,380,57,0,0
1580,Usman Qadir,Pakistan,Bowler,0,0,103,66,0,0
1581,IMHC Joyce,Ireland,All-rounder,0,201,571,34,2,0
1582,SI Mahmood,England,Bowler,81,84,1,53,0,0
1583,NA Greenwood,Jersey,Batsman,0,35,1114,21,5,0
1584,P Mishra,Not available,Bowler,0,0,454,50,2,0
1585,SP Krishnamurthi,United States of America,Batsman,0,348,1001,12,8,0
1586,S van Zyl,South Africa,Batsman,395,0,979,9,5,1
1587,IA Karim,Kenya,Batsman,0,196,1435,0,11,1
1588,Ashar Zaidi,Not available,All-rounder,0,0,877,32,4,0
1589,P Kurup,Bahrain,Batsman,0,0,1588,2,6,0
1590,ND Dattani,Not available,All-rounder,0,0,821,34,2,0
1591,MWR Stokes,Guernsey,All-rounder,0,0,1030,25,6,1
1592,S Badrinath,India,Batsman,63,79,1484,0,12,0
1593,T Marumani,Zimbabwe,Batsman,0,216,1409,0,8,0
1594,K Motlanka,Botswana,Batsman,0,0,1377,11,7,1
1595,PJ Sangwan,Not available,Bowler,0,0,126,64,0,0
1596,JM How,New Zealand,Batsman,625,939,56,0,9,1
1597,T Peschel,Not available,Bowler,0,0,114,62,0,0
1598,MADI Hemantha,Sri Lanka,Bowler,0,17,344,55,1,0
1599,Amjad Sher,Not available,Bowler,0,0,387,53,0,0
1600,Chan Ka Man,Hong Kong,Bowler,0,0,66,65,0,0
1601,M Montgomery,Not available,All-rounder,0,0,919,30,4,0
1602,Shamsur Rahman,Bangladesh,Batsman,305,266,1020,1,10,1
1603,M Mwatile,Not available,All-rounder,0,0,569,46,1,0
1604,P Hatzoglou,Not available,Bowler,0,0,86,64,0,0
1605,P Useni,Not available,Bowler,0,0,445,51,0,0
1606,Jahurul Islam,Bangladesh,Batsman,347,226,1041,0,5,0
1607,SA Ahmad,Not available,All-rounder,0,0,717,39,4,0
1608,Shadman Islam,Bangladesh,Batsman,1457,0,154,0,8,2
1609,ST Doheny,Ireland,Batsman,118,165,1328,0,8,1
1610,Washeem Abbas,Not available,Bowler,0,0,124,65,0,0
1611,DC Thomas,West Indies,Batsman,31,238,1149,8,4,0
1612,SK Trivedi,Not available,Bowler,0,0,42,65,0,0
1613,Anjar Tadarus,Indonesia,All-rounder,0,0,752,37,1,0
1614,CN Nation,West Indies,Batsman,0,831,694,3,3,0
1615,ML Gibson,Not available,Bowler,0,0,132,63,0,0
1616,MD Stoneman,England,Batsman,526,0,1072,0,12,0
1617,MJ Banks,Not available,Bowler,0,0,194,61,0,0
1618,XA Jetly,Not available,Bowler,0,0,170,62,0,0
1619,RJ Nicol,New Zealand,Batsman,28,586,560,16,5,2
1620,D Maisuria,Botswana,Bowler,0,0,85,69,0,0
1621,EN Lynch,Netherlands,Bowler,0,115,121,56,0,0
1622,Haider Butt,Not available,Batsman,0,0,1324,12,8,0
1623,BOP Fernando,Sri Lanka,Batsman,1104,148,331,0,9,1
1624,LR Down,New Zealand,Batsman,0,486,1101,0,6,0
1625,A Mithun,India,Bowler,120,51,84,51,0,0
1626,AI Chudasama,United States of America,Bowler,0,121,270,49,1,0
1627,Sarfaraz Ali,Not available,All-rounder,0,0,771,35,4,0
1628,V Viyaskanth,Not available,Bowler,0,0,132,63,0,0
1629,N Navaika,Vanuatu,Bowler,0,0,464,49,0,0
1630,Raqibul Hasan,Bangladesh,Batsman,301,1177,78,1,8,0
1631,Faisal Khan,Saudi Arabia,Batsman,0,0,1544,1,9,1
1632,A Badoni,Not available,Batsman,0,0,1445,6,8,0
1633,SK Moloney,Not available,All-rounder,0,0,564,43,0,0
1634,OG Robinson,Not available,Batsman,0,0,1573,0,8,0
1635,RR Powar,India,Bowler,13,156,67,49,1,0
1636,KT Perkins,New Zealand,Batsman,0,618,953,0,6,0
1637,UDU Chandana,Sri Lanka,Bowler,195,261,0,40,2,0
1638,SP Crook,Not available,All-rounder,0,0,823,31,2,0
1639,S Aravind,Not available,Bowler,0,0,67,66,0,0
1640,Rosine Irera,Not available,Bowler,0,0,69,64,0,0
1641,PE Mendonca,Not available,All-rounder,0,0,511,45,1,0
1642,MJ Waite,Not available,Bowler,0,0,383,52,0,0
1643,TS Muyeye,Not available,Batsman,0,0,1556,0,10,1
1644,Adil Butt,Not available,All-rounder,0,0,872,30,8,1
1645,Umran Malik,India,Bowler,0,2,28,66,0,0
1646,K Mishara,Sri Lanka,Batsman,0,148,1331,3,6,2
1647,SE Aley,Australia,Bowler,0,15,104,62,0,0
1648,SD Parry,England,Bowler,0,0,65,62,0,0
1649,ML Revis,Not available,All-rounder,0,0,695,36,3,0
1650,KD Clarke,Not available,Batsman,0,0,1548,0,7,2
1651,A Sheth,Not available,Bowler,0,0,215,59,0,0
1652,VG Arora,Not available,Bowler,0,0,12,66,0,0
1653,Ayesha Zafar,Pakistan,Batsman,0,684,548,13,4,1
1654,Nahida Khan,Pakistan,Batsman,0,1121,421,0,6,0
1655,PE Kruger,Not available,All-rounder,0,0,922,27,5,0
1656,Kycia A Knight,West Indies,Batsman,0,699,840,0,2,0
1657,MH Yardy,England,Bowler,0,326,141,38,2,0
1658,Muhammad Tanveer,Qatar,Batsman,0,0,1381,6,10,0
1659,FD Adams,Not available,Bowler,0,0,364,50,0,0
1660,M Koli,Not available,Bowler,0,0,135,61,0,0
1661,H Hotchandani,United Arab Emirates,Bowler,0,119,358,45,0,0
1662,Amjad Javed,United Arab Emirates,All-rounder,0,238,323,40,2,0
1663,K Moore,Not available,Bowler,0,0,290,53,1,0
1664,LC Sthalekar,Australia,All-rounder,295,119,176,32,1,1
1665,UBT Chand,Not available,Batsman,0,0,1523,0,8,1
1666,B Shikongo,Namibia,Bowler,0,22,1,62,0,0
1667,Luqman Butt,Not available,Batsman,0,0,1048,19,6,0
1668,AK Kitchen,Not available,All-rounder,0,0,843,27,3,0
1669,K Waiswa,Uganda,All-rounder,0,0,579,42,1,0
1670,Dawood Ahmadzai,Not available,Bowler,0,0,153,59,0,0
1671,Abdul Waheed,Saudi Arabia,Batsman,0,0,1393,5,6,1
1672,Aizaz Cheema,Pakistan,Bowler,1,26,0,57,0,0
1673,FJ Hudson-Prentice,Not available,All-rounder,0,0,583,40,0,0
1674,LE Kaushalya,Sri Lanka,Batsman,0,407,536,21,4,0
1675,A Canning,Ireland,Bowler,0,108,78,51,0,0
1676,Kabir Ali,England,Bowler,10,54,170,53,1,0
1677,Swapnil Singh,Not available,All-rounder,0,0,585,39,1,0
1678,D Ndikubwimana,Not available,Batsman,0,0,1509,0,7,0
1679,Abul Hasan,Bangladesh,Bowler,165,11,155,46,0,1
1680,Aysha,Not available,All-rounder,0,0,770,31,1,1
1681,Hamza Tahir,Scotland,Bowler,0,26,3,59,0,0
1682,KR Brown,Not available,Batsman,0,0,1502,0,12,0
1683,AA Obanda,Kenya,Batsman,0,487,1014,0,5,2
1684,VJ Kingma,Netherlands,Bowler,0,15,9,59,0,0
1685,CR Seneviratna,Sri Lanka,Bowler,0,133,345,43,2,0
1686,PW Borren,Netherlands,Batsman,0,413,570,18,4,0
1687,NR Kumar,Canada,Batsman,0,177,863,20,4,0
1688,Mudassar Bukhari,Netherlands,Bowler,0,126,138,51,0,0
1689,JL Carter,West Indies,Batsman,0,560,725,8,5,0
1690,Maryam Omar,Not available,All-rounder,0,0,747,31,2,0
1691,SB Jakati,Not available,Bowler,0,0,66,60,0,0
1692,Sulaimon Runsewe,Nigeria,Batsman,0,0,1425,3,8,0
1693,J Gunasekar,Not available,Batsman,0,0,922,24,5,1
1694,GR Adair,Not available,Batsman,0,0,1341,6,4,3
1695,AJA Wheater,Not available,Batsman,0,0,1487,0,4,0
1696,JP Kotze,Namibia,Batsman,0,448,1035,0,4,1
1697,Ahmer Bin Nisar,Not available,Batsman,0,0,1437,2,6,0
1698,M Mooketsi,Botswana,Bowler,0,0,57,62,0,0
1699,NLKWR Dewi,Not available,All-rounder,0,0,698,34,4,0
1700,E Wachira,Kenya,Bowler,0,0,443,45,2,0
1701,RM Koda,Indonesia,Bowler,0,0,27,61,0,0
1702,C Sakariya,India,Bowler,0,0,25,63,0,0
1703,GK Diviya,Singapore,All-rounder,0,0,572,37,0,0
1704,Zafar Gohar,Pakistan,Bowler,71,15,196,49,0,0
1705,PF Younghusband,Not available,Bowler,0,0,170,55,0,0
1706,Zeeshan Ali,Not available,Batsman,0,0,1467,0,8,1
1707,MK Lomror,Not available,Batsman,0,0,1341,4,7,0
1708,TJG Pringle,Netherlands,Bowler,0,10,270,49,0,0
1709,Khizar Hayat,Malaysia,Bowler,0,0,304,49,0,0
1710,RI Keogh,Not available,Batsman,0,0,1094,16,4,0
1711,Muhammad Amir,Not available,All-rounder,0,0,549,41,1,0
1712,M Kelly,Not available,Bowler,0,0,104,60,0,0
1713,R Andrew,Vanuatu,All-rounder,0,0,734,30,3,0
1714,DL Brangman,Bermuda,Bowler,0,0,120,60,0,0
1715,MS Gony,India,Bowler,0,0,183,53,0,0
1716,K Irakoze,Not available,Bowler,0,0,335,48,0,0
1717,G Ishimwe,Not available,Batsman,0,0,1259,8,3,1
1718,I Toua,Papua New Guinea,Bowler,0,79,110,51,0,0
1719,Ishtiaq Ahmad,Not available,Bowler,0,0,57,62,0,0
1720,A Lister,Scotland,Batsman,0,213,1239,0,4,0
1721,J Miyaji,Not available,Bowler,0,0,233,54,0,0
1722,GES Sullivan,Not available,Bowler,0,0,140,56,0,0
1723,Iqbal Abdulla,Not available,Bowler,0,0,325,46,0,0
1724,EJ Pollock,Not available,Batsman,0,0,1448,0,7,0
1725,Habib Khan,Not available,All-rounder,0,0,590,38,4,0
1726,Nur Dania Syuhada,Not available,Bowler,0,0,201,51,0,0
1727,T Flintoff,Not available,Bowler,0,0,491,39,2,0
1728,PA Franklin,Not available,All-rounder,0,0,783,28,2,0
1729,HMCM Bandara,Sri Lanka,Bowler,107,130,12,44,0,0
1730,JE Ronalds,Not available,All-rounder,0,0,729,32,2,1
1731,LS Greenway,England,Batsman,169,732,541,0,5,1
1732,Ariful Haque,Bangladesh,Batsman,88,0,1201,5,1,0
1733,J Butler,Guernsey,Batsman,0,0,927,23,4,0
1734,AM Ellis,New Zealand,Bowler,0,154,291,41,0,0
1735,Shahnawaz Dhani,Pakistan,Bowler,0,4,24,61,0,0
1736,J Shaw,Not available,Bowler,0,0,70,60,0,0
1737,J Suchith,Not available,Bowler,0,0,274,48,0,0
1738,II Selemani,Not available,Batsman,0,0,1435,0,8,1
1739,R Abdulkareem,Not available,Bowler,0,0,267,52,0,0
1740,SS Weerakkody,Sri Lanka,Bowler,0,328,124,37,0,0
1741,Haider Ali,United Arab Emirates,Bowler,0,25,60,55,0,0
1742,WJ Durston,Not available,Batsman,0,0,932,21,6,0
1743,A Johnson,Canada,Batsman,0,514,910,0,10,2
1744,KH Devdhar,Not available,Batsman,0,0,1432,0,8,1
1745,Nasrulla Rana,Not available,Bowler,0,0,257,51,0,0
1746,JA Chohan,Not available,Bowler,0,0,126,56,0,0
1747,ND Laegsgaard,Denmark,All-rounder,0,0,559,38,3,0
1748,JJ Huo,Mozambique,All-rounder,0,0,747,30,2,2
1749,E Sebareme,Not available,Bowler,0,0,356,47,0,0
1750,Pratika Rawal,India,Batsman,81,1189,0,6,9,2
1751,SP Goswami,Not available,Batsman,0,0,1424,0,11,0
1752,Khushi Sharma,Not available,Bowler,0,0,413,44,0,0
1753,BA Godleman,Not available,Batsman,0,0,1422,0,9,0
1754,LA Burns,Not available,Bowler,0,0,167,56,0,0
1755,MB Bacon,Not available,Bowler,0,0,51,59,0,0
1756,Sazib Bhuiyan,Not available,All-rounder,0,0,528,40,4,0
1757,Qamar Mushtaque,Not available,Bowler,0,0,268,51,1,0
1758,LI Meriwala,Not available,Bowler,0,0,15,63,0,0
1759,D Parashar,United Arab Emirates,Bowler,0,198,221,40,1,0
1760,Sachin Baby,Not available,Batsman,0,0,1255,7,8,0
1761,MC Sorensen,Ireland,Bowler,0,119,172,48,0,0
1762,Abid Ali,Pakistan,Batsman,1180,234,0,0,4,5
1763,D Visser,Not available,All-rounder,0,0,845,25,3,3
1764,KV Morea,Papua New Guinea,Bowler,0,72,72,53,0,0
1765,BM Wheeler,New Zealand,Bowler,0,58,273,44,0,0
1766,L Cardoso,Not available,Bowler,0,0,453,42,2,0
1767,J Hermann,Not available,Batsman,0,0,1409,0,8,2
1768,KR Patterson,Australia,Batsman,144,0,1264,0,4,1
1769,Chaya Mughal,United Arab Emirates,Bowler,0,0,466,38,1,0
1770,B Biza,Zimbabwe,Batsman,0,425,377,24,3,0
1771,BN Cooper,Netherlands,Batsman,0,148,1259,0,11,0
1772,RM Haq,Scotland,Bowler,0,181,39,49,1,0
1773,Khalid Ahmadi,Not available,Bowler,0,0,242,52,0,0
1774,SF Mire,Zimbabwe,Batsman,78,729,219,14,4,1
1775,M Taniyama,Japan,Bowler,0,0,334,48,2,0
1776,B Bhandari,Nepal,Batsman,0,331,1069,0,8,0
1777,Y Daswani,Hong Kong,Batsman,0,0,1399,0,5,0
1778,Mir Hamza,Pakistan,Bowler,51,0,29,50,0,0
1779,SN Khan,India,Batsman,371,0,1026,0,6,1
1780,TE Albert,Not available,Batsman,0,0,1396,0,7,0
1781,GSNFG Jayasuriya,Sri Lanka,Batsman,0,440,658,10,4,1
1782,D Jansen,Not available,Bowler,0,0,323,46,0,0
1783,NE Stalenberg,Not available,Batsman,0,0,1387,0,3,0
1784,IDM Latin,Gibraltar,Batsman,0,0,886,22,4,0
1785,SK Springer,West Indies,Bowler,0,18,325,45,0,0
1786,BV Vitori,Zimbabwe,Bowler,52,63,8,45,0,0
1787,MD Fisher,England,Bowler,50,0,61,53,1,0
1788,JJ van der Wath,South Africa,Bowler,0,89,216,43,0,0
1789,LD McManus,Not available,Batsman,0,0,1382,0,3,0
1790,Bipul Sharma,Not available,All-rounder,0,0,550,34,1,0
1791,G Potts,Not available,Bowler,0,0,26,60,0,0
1792,G Hoey,Ireland,Bowler,41,24,147,49,0,0
1793,Zain Ul Abidin,Not available,Bowler,0,0,335,45,1,0
1794,HL Ferling,Australia,Bowler,0,9,68,50,0,0
1795,Sunzamul Islam,Bangladesh,Bowler,24,19,131,47,0,0
1796,SK Patel,United States of America,Batsman,0,885,487,0,7,1
1797,Basil Thampi,Not available,Bowler,0,0,67,55,0,0
1798,S Akiteng,Not available,Bowler,0,0,13,57,0,0
1799,Murshida Khatun,Bangladesh,Batsman,0,429,941,0,8,0
1800,C Kyewuta,Not available,Bowler,0,0,120,55,0,0
1801,Ghulam Ahmadi,Not available,Bowler,0,0,46,57,0,0
1802,WR Smith,Not available,Bowler,0,0,434,40,0,0
1803,Abdul Samad,Not available,Batsman,0,0,1287,3,1,0
1804,K Goud,India,Bowler,2,44,26,51,0,0
1805,K Noema-Barnett,Not available,All-rounder,0,0,694,28,3,0
1806,Shiraz Khan,Not available,Bowler,0,0,308,45,1,0
1807,HWA Landheer,Netherlands,Bowler,0,23,76,54,0,0
1808,Yash Dayal,Not available,Bowler,0,0,10,57,0,0
1809,MBA Lamplough,Hong Kong,All-rounder,0,0,641,30,0,0
1810,S Baker,England,Bowler,4,0,7,59,0,0
1811,SW Masakadza,Zimbabwe,Bowler,88,109,18,42,0,0
1812,TA Lammonby,Not available,Batsman,0,0,1007,15,1,0
1813,RP Singh,United States of America,Bowler,0,38,329,42,0,0
1814,KT Maphaka,South Africa,Bowler,17,1,54,53,0,0
1815,MR Corteen-Coleman,England,Bowler,0,3,13,59,0,0
1816,J Brown,Not available,Batsman,0,0,1357,0,6,1
1817,BG Charlesworth,Not available,Batsman,0,0,1195,7,5,0
1818,DM Gondaria,Kenya,Batsman,0,0,907,20,7,0
1819,D Moriarty,Not available,Bowler,0,0,51,55,0,0
1820,DR Flynn,New Zealand,Batsman,781,167,404,0,5,0
1821,Gurkeerat Singh,India,Batsman,0,13,1186,6,3,0
1822,SHA Rance,New Zealand,Bowler,0,0,129,53,0,0
1823,KS Leverock,Bermuda,All-rounder,0,0,731,27,3,1
1824,B Doggett,Australia,Bowler,20,0,100,51,0,0
1825,SN Shihepo,Namibia,Bowler,0,0,269,47,0,0
1826,ML Cummins,West Indies,Bowler,114,5,18,39,0,0
1827,SJ McGlashan,New Zealand,Batsman,0,160,1192,0,4,0
1828,R Hekure,Papua New Guinea,Bowler,0,328,77,37,1,0
1829,LF Higham,Not available,Bowler,0,0,275,46,0,0
1830,Priyada Murali,Not available,All-rounder,0,0,698,27,0,0
1831,AG Wakely,Not available,Batsman,0,0,1350,0,7,0
1832,NK Yadav,Nepal,Bowler,0,24,90,53,0,0
1833,NA McSweeney,Australia,Batsman,72,0,1141,6,6,0
1834,SJ Baard,Namibia,Batsman,0,326,1023,0,10,0
1835,CP Tremain,Australia,Bowler,0,23,80,51,0,0
1836,AP Tare,Not available,Batsman,0,0,1348,0,5,0
1837,SIP Fernando,Sri Lanka,Bowler,0,15,11,55,0,0
1838,NE Bonner,West Indies,Batsman,803,85,385,2,3,2
1839,EMDY Munaweera,Sri Lanka,Batsman,0,15,924,16,2,0
1840,YM Nkanya,Not available,Bowler,0,0,9,59,0,0
1841,BD Glover,Netherlands,Bowler,0,28,25,54,0,0
1842,AM Tribe,Jersey,Batsman,0,233,1084,0,7,1
1843,TH Tector,Not available,Batsman,0,0,1335,0,10,1
1844,Nahidul Islam,Not available,Bowler,0,0,367,40,1,0
1845,Khaled Mahmud,Bangladesh,Bowler,117,283,0,30,0,0
1846,SM Davies,England,Batsman,0,244,1088,0,7,0
1847,Kamran Ghulam,Pakistan,Batsman,312,210,752,2,5,2
1848,Tanwir Afzal,Hong Kong,Bowler,0,161,265,36,1,0
1849,Iqra Sahar,Not available,Bowler,0,0,63,51,0,0
1850,KD Shah,Hong Kong,Batsman,0,112,686,22,3,0
1851,S Steel,Not available,Batsman,0,0,909,17,6,0
1852,Shohidul Islam,Not available,Bowler,0,0,79,55,0,0
1853,KAR Hodge,West Indies,Batsman,889,37,48,12,4,2
1854,EA Brookes,Not available,Batsman,0,0,840,21,3,0
1855,D Gregory,Not available,Bowler,0,0,54,53,0,0
1856,KA Edwards,West Indies,Batsman,986,331,1,0,8,3
1857,SJ Myburgh,Netherlands,Batsman,0,347,973,0,9,0
1858,Bilal Hassun,Uganda,Bowler,0,0,64,56,0,0
1859,L Mills,Not available,Bowler,0,0,77,55,0,0
1860,RP Arnold,Sri Lanka,Batsman,0,1068,7,9,7,0
1861,Akshay Karnewar,Not available,Bowler,0,0,314,43,0,0
1862,TJ Vlaeminck,Australia,Bowler,0,0,71,50,0,0
1863,Umair Tariq,Not available,Bowler,0,0,122,54,0,0
1864,Sayed Monib,Not available,Bowler,0,0,253,47,0,0
1865,J Leach,Not available,Bowler,0,0,211,48,0,0
1866,Usman Najeeb,Not available,Bowler,0,0,194,49,0,0
1867,RM Yates,Not available,Batsman,0,0,1192,5,9,0
1868,AJ Freeborn,Not available,Batsman,0,0,1307,0,9,0
1869,AR Patwa,Tanzania,Batsman,0,0,1285,1,7,0
1870,D Potgieter,Not available,All-rounder,0,0,668,28,0,0
1871,KD Petersen,South Africa,Batsman,704,0,601,0,9,0
1872,R Stokell,Ireland,Batsman,0,396,908,0,3,0
1873,Y Venugopal Rao,India,Batsman,0,161,985,6,4,0
1874,RG Mukasa,Uganda,Batsman,0,0,1130,7,5,0
1875,TMM Newton,New Zealand,All-rounder,0,38,616,26,0,0
1876,JB Cracknell,Not available,Batsman,0,0,1297,0,5,0
1877,MAA Sanjeewani,Sri Lanka,Batsman,0,578,717,0,2,0
1878,PK Matautaava,Vanuatu,All-rounder,0,0,533,33,1,1
1879,IM Vaghela,United States of America,All-rounder,0,45,456,33,2,0
1880,DM Dupavillon,South Africa,Bowler,0,17,40,53,0,0
1881,GT Main,Scotland,Bowler,0,82,12,52,1,0
1882,B Murekatete,Not available,Bowler,0,0,161,48,0,0
1883,BC Cullen,Not available,Bowler,0,0,96,53,0,0
1884,JS Paris,Australia,Bowler,0,0,102,50,0,0
1885,S Kananji,Not available,Bowler,0,0,479,35,1,0
1886,Umaid Asif,Not available,Bowler,0,0,151,48,0,0
1887,BG Armstrong,Not available,Batsman,0,0,702,24,2,0
1888,CA Gurrey,Not available,Batsman,0,0,1284,0,7,0
1889,A Shukla,Not available,Bowler,0,0,34,53,0,0
1890,Virat Singh,Not available,Batsman,0,0,1251,1,8,1
1891,EJ Nuttall,Not available,Bowler,0,0,31,53,0,0
1892,NL Buck,Not available,Bowler,0,0,99,51,0,0
1893,HL Colvin,England,Bowler,55,29,8,47,0,0
1894,Azyan Farhath,Maldives,Batsman,0,0,766,23,5,0
1895,SR Asmussen,Not available,Bowler,0,0,53,52,0,0
1896,MR Quinn,Not available,Bowler,0,0,20,54,0,0
1897,Mariamma Hyder,Not available,Bowler,0,0,205,45,0,0
1898,RM Hira,Not available,Bowler,0,0,214,46,0,0
1899,T Murphy,Australia,Bowler,122,0,30,43,0,0
1900,M Yanagida,Japan,All-rounder,0,0,668,26,2,0
1901,F Hand,Ireland,Bowler,8,0,263,42,0,0
1902,DK Ferns,Not available,Bowler,0,0,157,49,0,0
1903,S von Berg,South Africa,Bowler,40,0,138,46,1,0
1904,R Chopra,United Arab Emirates,Batsman,0,581,670,1,6,2
1905,Abbas Ghani,Not available,Batsman,0,0,739,24,7,0
1906,IG Butler,New Zealand,Bowler,0,78,52,46,0,0
1907,Azeem Rafiq,Not available,Bowler,0,0,35,54,0,0
1908,Amna Tariq,Not available,Bowler,0,0,306,39,0,0
1909,B Arora,Not available,Batsman,0,0,676,24,3,0
1910,GT Griffiths,Not available,Bowler,0,0,55,52,0,0
1911,Jaskaran Singh,Canada,Bowler,0,38,273,40,1,0
1912,B Vakarewa,Australia,Bowler,0,0,73,48,0,0
1913,E Otieno,Kenya,Bowler,0,21,17,51,0,0
1914,Rajin Saleh,Bangladesh,Batsman,482,515,0,9,4,0
1915,AT Nidamanuru,Netherlands,Batsman,0,893,250,5,4,2
1916,CDJ Dent,Not available,Batsman,0,0,1190,3,6,0
1917,MD Botha,United Arab Emirates,Bowler,0,103,177,43,0,0
1918,J Gardner,Not available,Batsman,0,0,958,12,1,0
1919,Shoaib Khan,Oman,Batsman,0,843,348,2,8,1
1920,SSD Arachchige,Sri Lanka,All-rounder,0,89,610,25,4,0
1921,BI Kellaway,Not available,All-rounder,0,0,595,29,1,0
1922,Parvez Rasool,India,Bowler,0,0,384,36,1,0
1923,Shafina Mahesh,Singapore,All-rounder,0,0,515,31,2,0
1924,RMMP Rathnayake,Sri Lanka,Bowler,252,22,104,32,1,0
1925,RM Burns,Not available,Batsman,0,0,1253,0,7,0
1926,DC Smith,Philippines,All-rounder,0,0,643,25,1,0
1927,AB Barath,West Indies,Batsman,657,394,200,0,5,2
1928,N Pokana,Papua New Guinea,Bowler,0,54,39,47,0,0
1929,R Nehonde,Botswana,Batsman,0,0,771,21,3,0
1930,Sumit Kumar,Not available,Bowler,0,0,440,36,1,0
1931,B Sharki,Nepal,Batsman,0,1034,207,0,5,1
1932,V Hamunyela,Not available,Bowler,0,0,39,51,0,0
1933,S Kotte,United Arab Emirates,Bowler,0,1,23,52,0,0
1934,BG Illing,New Zealand,Bowler,0,2,10,48,0,0
1935,P Jayawickrama,Sri Lanka,Bowler,12,7,16,45,0,0
1936,A Nao,Papua New Guinea,Bowler,0,54,105,43,0,0
1937,AL Edgar,Not available,Bowler,0,0,262,42,0,0
1938,R Sharma,India,Bowler,0,1,66,49,0,0
1939,C Hemraj,West Indies,Batsman,0,82,900,11,2,1
1940,OJ Price,Not available,All-rounder,0,0,591,29,1,0
1941,D Perrin,Not available,Batsman,0,0,1238,0,6,1
1942,AA Patil,Not available,Bowler,0,0,264,41,1,0
1943,Imran Khan,Not available,Bowler,0,0,10,53,0,0
1944,JD Libby,Not available,Batsman,0,0,1209,1,5,0
1945,KD Kesuma,Indonesia,Batsman,0,0,1238,0,1,3
1946,S Chandramohan,Singapore,Batsman,0,0,1238,0,6,1
1947,D Jakiel,Not available,Bowler,0,0,135,49,0,0
1948,Namgay Thinley,Not available,Bowler,0,0,414,35,0,1
1949,R Pretorius,Not available,All-rounder,0,0,582,28,2,0
1950,P Molkenboer,Netherlands,Batsman,0,135,795,13,3,0
1951,L Goodall,South Africa,Batsman,36,923,270,0,4,0
1952,S Veerapathiran,Not available,Bowler,0,0,289,41,0,0
1953,JF Smith,South Africa,Batsman,0,132,804,13,2,0
1954,CG Sippel,Not available,Bowler,0,0,38,50,0,0
1955,M Musonda,Zimbabwe,Batsman,0,262,960,0,4,1
1956,PN Mankad,Not available,Batsman,0,0,778,19,6,0
1957,Najibullah Zadran,Not available,Batsman,0,0,1223,0,4,0
1958,HJ Manenti,Not available,Bowler,0,0,470,34,2,0
1959,JJ Bazley,Not available,Bowler,0,0,442,33,0,0
1960,HD Ward,Not available,Batsman,0,0,1199,1,7,0
1961,V Suryavanshi,Not available,Batsman,0,0,1221,0,8,2
1962,I van Zyl,Namibia,Bowler,0,0,260,39,0,0
1963,Vinay Ravi,Not available,Bowler,0,0,215,43,0,0
1964,Khurram Manzoor,Pakistan,Batsman,817,206,195,0,12,1
1965,LJ Carter,Not available,Batsman,0,0,1218,0,6,0
1966,Waqar Zalmai,Austria,Bowler,0,0,179,45,0,0
1967,I Ntirenganya,Not available,Bowler,0,0,73,48,0,0
1968,T Tshose,Botswana,Bowler,0,0,423,34,0,0
1969,G Onions,England,Bowler,30,1,1,43,0,0
1970,DG Nalkande,Not available,Bowler,0,0,88,51,0,0
1971,JA McCollum,Ireland,Batsman,156,178,878,0,7,0
1972,CL Green,Not available,Bowler,0,0,146,44,0,0
1973,SI Kamea,Papua New Guinea,Bowler,0,18,6,48,0,0
1974,Gulbadin Naib,Not available,Batsman,0,0,721,21,4,0
1975,S Davizi,Not available,Batsman,0,0,1018,8,5,2
1976,BJ Rohrer,Not available,Batsman,0,0,1206,0,2,0
1977,James Bracey,England,Batsman,8,0,1198,0,3,0
1978,U Arshad,Not available,Bowler,0,0,208,43,0,0
1979,AM Ghazanfar,Not available,Bowler,0,0,65,49,0,0
1980,Manisankar Murasingh,Not available,All-rounder,0,0,535,27,2,0
1981,Mehedi Hasan Rana,Not available,Bowler,0,0,56,50,0,0
1982,BL Couch,Not available,Bowler,0,0,119,46,0,0
1983,HTRY Thornton,Not available,Bowler,0,0,56,51,0,0
1984,PA Jaques,Australia,Batsman,836,123,240,0,8,3
1985,AK Maguire,Ireland,Bowler,0,43,10,47,0,0
1986,M Gaur,England,Bowler,0,0,49,47,0,0
1987,D Klein,Not available,Bowler,0,0,157,44,0,0
1988,A Shahzad,England,Bowler,5,40,32,46,0,0
1989,Sirajullah Khadim,Not available,Bowler,0,0,88,49,0,0
1990,V Krishnamurthy,India,Batsman,0,410,681,4,4,0
1991,Noman Amjad,France,Bowler,0,0,428,31,1,0
1992,CL Griffith,Not available,Batsman,0,0,1192,0,6,0
1993,N Davin,Namibia,Batsman,0,165,1023,0,6,0
1994,CP Rizwan,United Arab Emirates,Batsman,0,901,252,1,5,1
1995,Vinu Kumar,Not available,All-rounder,0,0,571,26,1,0
1996,Z James,West Indies,Bowler,0,228,270,26,0,0
1997,SF Tiai,Not available,Bowler,0,0,298,39,0,0
1998,M Shahrukh Khan,Not available,Batsman,0,0,1154,1,2,0
1999,C Pavely,Not available,Bowler,0,0,462,30,1,0
2000,SD Lad,Not available,Batsman,0,0,779,17,3,0
2001,T Ruma,Papua New Guinea,Batsman,0,273,855,2,7,0
2002,AM Nayar,India,Batsman,0,0,807,15,0,0
2003,BG Randell,Not available,Bowler,0,0,66,48,0,0
2004,Priyansh Arya,Not available,Batsman,0,0,1175,0,8,1
2005,TT Soe,Not available,Bowler,0,0,373,34,0,0
2006,MJG Nielsen,New Zealand,Bowler,0,25,21,44,0,0
2007,Rameez Shahzad,United Arab Emirates,Batsman,0,848,318,0,5,2
2008,M Syrioti,Not available,Bowler,0,0,437,31,1,0
2009,TE Kane,Ireland,Bowler,14,0,480,29,3,0
2010,IC Pandey,Not available,Bowler,0,0,56,47,0,0
2011,Priyank Panchal,Not available,Batsman,0,0,1165,0,8,0
2012,T Mayes,Ireland,Bowler,8,8,162,42,0,0
2013,S Munro,Not available,Bowler,0,0,183,42,0,0
2014,Imran Nazir,Pakistan,Batsman,0,531,632,0,6,1
2015,K Arua,Papua New Guinea,Bowler,0,0,243,40,0,0
2016,A Gbla,Sierra Leone,Bowler,0,0,355,36,1,0
2017,C Hinze,Not available,Bowler,0,0,140,45,0,0
2018,D Suzuki,Not available,Bowler,0,0,407,33,0,0
2019,Faheem Nazir,Not available,Batsman,0,0,775,17,4,2
2020,Anureet Singh,Not available,Bowler,0,0,202,40,0,0
2021,K Mirpuri,Gibraltar,Bowler,0,0,301,36,0,0
2022,PJ van Biljon,Not available,Batsman,0,0,1154,0,3,0
2023,T Zangmo,Not available,Bowler,0,0,395,32,0,0
2024,C Rushworth,Not available,Bowler,0,0,17,48,0,0
2025,GR Napier,Not available,Bowler,0,0,180,42,0,0
2026,B Tau,Papua New Guinea,Batsman,0,180,972,0,3,0
2027,KTH Ratnayake,Sri Lanka,Bowler,10,0,75,43,0,0
2028,AA Jangoo,West Indies,Batsman,336,228,587,0,5,2
2029,KNM Fernando,Sri Lanka,Batsman,569,182,400,0,6,1
2030,SP Jackson,Not available,Batsman,0,0,1151,0,8,1
2031,JT Brassell,Namibia,Bowler,0,9,9,46,0,0
2032,Mosharraf Hossain,Bangladesh,Bowler,0,22,58,46,0,0
2033,Imran Khan,Pakistan,Bowler,16,0,3,41,0,0
2034,Raza Iqbal,Norway,Bowler,0,0,465,30,3,0
2035,E Leie,Not available,Bowler,0,0,29,48,0,0
2036,E Jones,Not available,Bowler,0,0,383,33,1,0
2037,MA Beer,Australia,Bowler,6,0,25,43,0,0
2038,AD Nath,United Arab Emirates,Batsman,0,115,860,7,3,0
2039,LA Patterson-White,Not available,Bowler,0,0,306,37,0,0
2040,A Griffiths,Not available,All-rounder,0,0,512,25,0,0
2041,J Jarvis,Scotland,Bowler,0,135,92,38,0,0
2042,PJ Ongondo,Kenya,Bowler,0,150,19,37,0,0
2043,Pankaj Jaswal,Not available,Bowler,0,0,191,43,0,0
2044,Javed Omar,Bangladesh,Batsman,678,468,0,0,7,0
2045,WGAKK Kulasuriya,Sri Lanka,Bowler,0,99,13,38,0,0
2046,Shivam Mavi,Not available,Bowler,0,0,85,45,0,0
2047,A Kirschbaum,Not available,Bowler,0,0,420,31,2,0
2048,B Mavuta,Zimbabwe,Bowler,82,92,63,33,1,0
2049,Nain Abidi,Pakistan,Batsman,0,521,621,0,3,0
2050,M Taylor,Bahamas,Batsman,0,0,655,20,5,0
2051,Nur Arianna Natsya,Malaysia,Bowler,0,0,185,40,0,0
2052,SF Daley,West Indies,Bowler,0,141,120,36,0,0
2053,JA Turner,England,Bowler,0,2,12,50,0,0
2054,LM Benkenstein,Not available,Batsman,0,0,668,20,3,0
2055,LJ Hill,Not available,Batsman,0,0,1135,0,4,0
2056,B Regmi,Nepal,Bowler,0,12,44,48,0,0
2057,P Chopra,Not available,Batsman,0,0,1126,0,8,0
2058,PM Inglis,New Zealand,Batsman,0,48,1086,0,2,0
2059,L McCarthy,Ireland,Bowler,12,0,293,33,0,0
2060,J Broad,Not available,Batsman,0,0,960,7,6,0
2061,Elias Sunny,Bangladesh,Bowler,38,2,87,38,0,0
2062,M Gilkes,Not available,Batsman,0,0,1131,0,6,0
2063,Tapash Baisya,Bangladesh,Bowler,133,113,0,29,1,0
2064,R Sakurano-Thomas,Not available,Bowler,0,0,274,38,0,0
2065,P Awana,Not available,Bowler,0,0,13,48,0,0
2066,M Daniels,South Africa,Bowler,0,34,15,40,0,0
2067,Aminata Kamara,Not available,Bowler,0,0,480,27,1,0
2068,D Abeyrathna,Not available,Batsman,0,0,604,23,0,0
2069,M Dillon,West Indies,Bowler,78,44,0,35,0,0
2070,Gurinder Singh,Not available,Bowler,0,0,439,29,1,0
2071,Saber Zakhil,Belgium,Batsman,0,0,742,16,2,0
2072,J Mubarak,Sri Lanka,Batsman,186,531,325,3,4,0
2073,Ikramullah Khan,Not available,Bowler,0,0,347,33,3,0
2074,Samiullah Rahmani,Not available,Bowler,0,0,280,38,1,0
2075,NC Dodd,New Zealand,Batsman,0,145,977,0,8,0
2076,D Hemalatha,India,Batsman,0,97,686,14,2,0
2077,AC Mushangwe,Zimbabwe,Bowler,0,0,49,47,0,0
2078,D Lakshan,Sri Lanka,Bowler,0,2,321,36,0,0
2079,ZS Ansari,England,Bowler,49,0,343,29,1,0
2080,C Piparo,Not available,Batsman,0,0,1118,0,2,0
2081,G Candiru,Uganda,Bowler,0,0,446,29,2,0
2082,A Gqamane,Not available,Bowler,0,0,237,38,0,0
2083,SA Engelbrecht,Netherlands,Batsman,0,327,453,15,3,0
2084,A Mokgotlhe,Not available,Bowler,0,0,419,28,2,0
2085,MR Swart,Netherlands,Batsman,0,59,612,18,4,0
2086,A Sharma,United Arab Emirates,Batsman,0,678,439,0,8,1
2087,Atharva Taide,Not available,Batsman,0,0,891,10,4,0
2088,AB McDonald,Australia,Bowler,107,0,342,25,3,0
2089,C Nicholas,Not available,Bowler,0,0,11,47,0,0
2090,Hammad Mirza,Oman,Batsman,0,643,472,0,7,1
2091,JG Myburgh,Not available,Batsman,0,0,1087,1,7,1
2092,KADA Kanchana,Sri Lanka,Bowler,0,230,201,25,0,0
2093,S Shrivastava,Oman,Bowler,0,22,48,44,0,0
2094,Zon Lin,Not available,Batsman,0,0,638,20,2,0
2095,G Mckeon,Not available,Batsman,0,0,922,8,5,2
2096,Ahsan Malik,Netherlands,Bowler,0,4,23,48,0,0
2097,A Gurung,Not available,Bowler,0,0,70,43,0,0
2098,Chirag Jani,Not available,Bowler,0,0,422,28,1,0
2099,G Kodali,United States of America,Bowler,0,66,119,37,0,0
2100,Imran Haider,United Arab Emirates,Bowler,0,54,5,43,0,0
2101,VB van Jaarsveld,South Africa,Batsman,0,9,1099,0,3,1
2102,BJ Curran,Zimbabwe,Batsman,254,444,409,0,5,2
2103,NM Odhiambo,Kenya,Bowler,0,0,387,30,2,0
2104,N Shangase,South Africa,Bowler,0,163,102,34,1,0
2105,G Roelofsen,Not available,Batsman,0,0,1105,0,7,0
2106,BJ Jacobs,Not available,Batsman,0,0,1104,0,8,0
2107,Suboth Bhati,Not available,Bowler,0,0,122,43,0,0
2108,SZ Vayani,Not available,Bowler,0,0,262,36,0,0
2109,LV Boas,Not available,Bowler,0,0,417,30,0,0
2110,RMAM Avery,Not available,Batsman,0,0,742,16,2,0
2111,Khadija Tul Kubra,Bangladesh,Bowler,0,24,7,43,0,0
2112,BAD Manenti,Not available,Bowler,0,0,351,30,2,0
2113,Irfan Ringku,Not available,Bowler,0,0,395,32,3,0
2114,Dayyaan Galiem,Not available,Bowler,0,0,403,30,1,0
2115,PM Liyanagamage,Sri Lanka,Bowler,0,53,61,41,0,0
2116,Shamima Sultana,Bangladesh,Batsman,0,304,791,0,4,0
2117,JOA Gordon,Canada,Bowler,0,22,8,45,0,0
2118,Anmolpreet Singh,Not available,Batsman,0,0,1093,0,6,1
2119,Usman Patel,Not available,Batsman,0,0,1093,0,7,1
2120,NN Saidi,Tanzania,Bowler,0,0,280,34,1,0
2121,FJ Heldreich,Not available,Bowler,0,0,30,47,0,0
2122,Siow Tzin Yee,Not available,Batsman,0,0,778,14,3,0
2123,Vivek Singh,Not available,Batsman,0,0,1056,1,8,0
2124,Mohameed Taiwo,Nigeria,Bowler,0,0,148,40,0,0
2125,Sultana Khatun,Bangladesh,Bowler,0,42,46,39,0,0
2126,CV Milind,Not available,Bowler,0,0,175,40,0,0
2127,DE Bernard,West Indies,Bowler,191,141,58,26,3,0
2128,MD Dai,Papua New Guinea,Batsman,0,277,256,21,3,0
2129,CC Ainsworth,Not available,Bowler,0,0,149,40,0,0
2130,C Rumistrzewicz,Not available,Bowler,0,0,19,48,0,0
2131,A Kohli,Not available,Bowler,0,0,170,39,0,0
2132,O Tuyisenge,Rwanda,Batsman,0,0,1036,2,3,0
2133,S Wickramasekara,Czech Republic,Batsman,0,0,542,23,4,0
2134,BP Nash,West Indies,Batsman,941,21,0,2,6,2
2135,N Dutta,Canada,Bowler,0,70,120,37,0,0
2136,Fitri Sham,Not available,Bowler,0,0,115,42,0,0
2137,Ibrahim Hassan,Maldives,Bowler,0,0,256,34,0,0
2138,HS Baidwan,Canada,Bowler,0,117,65,36,0,0
2139,O Manishimwe,Not available,Batsman,0,0,1081,0,5,0
2140,K Sinclair,West Indies,Bowler,118,38,52,33,1,0
2141,PR Surve,Not available,Batsman,0,0,909,7,4,0
2142,LU Igalagamage,Sri Lanka,Batsman,309,0,770,0,5,2
2143,D Ganga,West Indies,Batsman,896,152,26,0,5,1
2144,Adnan Idrees,Not available,Bowler,0,0,374,31,1,0
2145,G Prestwidge,Not available,Bowler,0,0,136,39,0,0
2146,SMA Priyanjan,Sri Lanka,Batsman,0,420,271,15,2,0
2147,K Gore,United States of America,Batsman,0,171,316,24,3,0
2148,RML Taylor,Scotland,Bowler,0,105,197,30,0,0
2149,P Dogra,Not available,Batsman,0,0,1070,0,6,0
2150,CG Benjamin,Not available,Batsman,0,0,1070,0,3,0
2151,NCR Larkin,Not available,Batsman,0,0,1069,0,6,0
2152,J Baker,Not available,Batsman,0,0,1001,3,10,0
2153,H Fennell,Not available,Bowler,0,0,58,45,0,0
2154,LPJ Kimber,Not available,Batsman,0,0,872,8,5,0
2155,T Mupariwa,Zimbabwe,Bowler,0,87,0,37,0,0
2156,F Damiao Couana,Mozambique,Batsman,0,0,639,18,4,1
2157,EJM Cowan,Australia,Batsman,1001,0,67,0,6,1
2158,NW Sariani,Not available,Bowler,0,0,18,47,0,0
2159,I Liyanage,Not available,Batsman,0,0,1067,0,9,0
2160,Maria Jasvi,Not available,Bowler,0,0,74,42,0,0
2161,NJ Dexter,Not available,Batsman,0,0,510,23,1,0
2162,ASF Sirah,Not available,Bowler,0,0,257,36,1,0
2163,SKS Gill,Not available,Batsman,0,0,846,9,3,0
2164,AW Finch,Not available,Bowler,0,0,63,43,0,0
2165,V Ganesan,Germany,Batsman,0,0,520,23,1,0
2166,J Manley,Not available,Bowler,0,0,89,43,0,0
2167,A Mazvishaya,Zimbabwe,Bowler,0,74,49,37,0,0
2168,A Chandel,Not available,Bowler,0,0,352,29,0,0
2169,BB Sran,India,Bowler,0,0,78,40,0,0
2170,Sufyan Mehmood,Oman,Bowler,0,107,249,29,1,0
2171,Kashif Ali,Not available,Batsman,0,0,1054,0,4,0
2172,BA Langston,England,Bowler,0,21,188,34,0,0
2173,Surya Anand,Not available,Bowler,0,0,390,28,1,0
2174,Ali Nayyer,Not available,Bowler,0,0,275,34,0,0
2175,JL Ontong,South Africa,Batsman,16,97,698,9,1,0
2176,KDA Lukies,Not available,Bowler,0,0,124,41,0,0
2177,T Wilson,Australia,Batsman,0,7,1046,0,4,0
2178,M Deyal,Not available,Batsman,0,0,700,15,2,0
2179,ML Pettini,Not available,Batsman,0,0,1052,0,8,0
2180,Sahir Naqash,Not available,Bowler,0,0,288,34,0,0
2181,H Singh,Germany,Batsman,0,0,1026,1,6,0
2182,HER Tyler,Philippines,Batsman,0,0,518,23,0,0
2183,SM Mayers,Zimbabwe,Batsman,0,162,755,5,4,0
2184,S Solman,Vanuatu,Batsman,0,0,457,24,1,0
2185,G Sesay,Not available,Bowler,0,0,128,41,0,0
2186,Craig Cachopa,Not available,Batsman,0,0,1046,0,4,0
2187,Khaled Mashud,Bangladesh,Batsman,441,605,0,0,4,0
2188,S Mtae,Not available,Batsman,0,0,951,4,4,0
2189,BNJ Lockrose,Not available,Bowler,0,0,228,34,1,0
2190,L Mophakedi,Not available,Batsman,0,0,1040,0,5,0
2191,Kyshona A Knight,West Indies,Batsman,0,597,442,0,1,0
2192,Kashif Daud,United Arab Emirates,Bowler,0,282,90,26,2,0
2193,Zubaidi Zulkifle,Not available,Batsman,0,0,1043,0,3,0
2194,WG Bosisto,Not available,Batsman,0,0,690,15,4,0
2195,Gaurav Tiwari,Not available,Bowler,0,0,433,26,1,0
2196,G Ngegba,Sierra Leone,Bowler,0,0,402,28,1,0
2197,NRD Compton,England,Batsman,775,0,263,0,4,2
2198,Syazrul Idrus,Malaysia,Bowler,0,0,68,44,0,0
2199,AP Yadav,Not available,Batsman,0,0,1037,0,6,0
2200,Junaid Aziz,Not available,Batsman,0,0,727,14,1,0
2201,PM Pushpakumara,Sri Lanka,Bowler,102,11,31,34,0,0
2202,MB Kruger,Namibia,Batsman,0,553,481,0,4,0
2203,RA Herman,South Africa,Batsman,0,1,1033,0,6,0
2204,C Wright,Cayman Islands,Bowler,0,0,140,39,0,0
2205,AM Kamara,Not available,Batsman,0,0,457,23,2,0
2206,Rameen Shamim,Pakistan,Bowler,0,87,102,32,0,0
2207,S Sandeep Warrier,Not available,Bowler,0,0,1,43,0,0
2208,Amjad Mahboob,Singapore,Bowler,0,0,54,43,0,0
2209,Irfan Ahmed,Hong Kong,Batsman,0,55,490,20,2,1
2210,Haroon Arshad,Not available,Bowler,0,0,336,30,1,0
2211,V Zimonjic,Not available,Bowler,0,0,261,32,0,0
2212,Mohammad Shahid,Bangladesh,Bowler,57,0,17,38,0,0
2213,TI Gajanayake,Not available,Batsman,0,0,502,21,2,0
2214,PKD Chase,Ireland,Bowler,0,22,5,41,0,0
2215,T Kohli,Not available,Batsman,0,0,823,8,6,0
2216,SD Heazlett,Australia,Batsman,0,4,990,1,3,0
2217,Ilenia Sims,Not available,Bowler,0,0,446,25,2,0
2218,HRA Rainey,Scotland,Bowler,0,22,18,41,0,0
2219,L Udeh,Not available,Bowler,0,0,95,40,0,0
2220,Tajinder Singh,Not available,Batsman,0,0,752,11,4,0
2221,LR Morris,Australia,Bowler,0,0,3,44,0,0
2222,AS Roy,Not available,Bowler,0,0,328,28,0,0
2223,B Niaz,Not available,Batsman,0,0,625,18,3,0
2224,C Mahamalage,Not available,Bowler,0,0,245,33,0,0
2225,MM Baig,Not available,Bowler,0,0,331,31,1,0
2226,K Hinds,Not available,Bowler,0,0,346,29,2,0
2227,MADD Surangika,Sri Lanka,Batsman,0,642,376,0,3,0
2228,Azharullah,Not available,Bowler,0,0,17,43,0,0
2229,M Ribeiro,Not available,Bowler,0,0,16,44,0,0
2230,JWM Dalrymple,England,Batsman,0,487,60,16,2,0
2231,A Doddaballapur,Not available,Bowler,0,0,318,31,0,0
2232,MW Downes,Not available,Bowler,0,0,86,41,0,0
2233,P Sisodiya,Not available,Bowler,0,0,64,40,0,0
2234,C Viljoen,Namibia,Bowler,0,19,189,36,0,0
2235,Tuba Hassan,Pakistan,Bowler,0,49,133,33,0,0
2236,SJ Modani,United States of America,Batsman,0,898,93,1,7,1
2237,Waji Ul Hassan,Not available,Batsman,0,0,571,19,3,1
2238,Rizwan Cheema,Canada,Batsman,0,196,361,17,1,0
2239,MJ Richardson,Not available,Batsman,0,0,1012,0,3,0
2240,E Threlkeld,Not available,Batsman,0,0,1011,0,2,0
2241,E Kamara,Not available,Batsman,0,0,468,23,1,0
2242,LT Bichard,Not available,Bowler,0,0,46,42,0,0
2243,DG Blampied,Jersey,Bowler,0,7,247,32,0,0
2244,I Nandakumar,United Arab Emirates,Bowler,0,16,40,39,0,0
2245,Satyajeet Bachhav,Not available,Bowler,0,0,51,41,0,0
2246,Shabbir Ahmed,Pakistan,Bowler,41,6,0,34,0,0
2247,Akash Madhwal,Not available,Bowler,0,0,14,43,0,0
2248,S Gill,Not available,Bowler,0,0,320,30,0,0
2249,NJ Pius,Tanzania,Batsman,0,0,695,13,1,0
2250,C Chetty,Not available,Batsman,0,0,1003,0,4,0
2251,LH Rodrigues,Not available,Bowler,0,0,346,28,2,0
2252,JCT Boyle,Not available,Batsman,0,0,979,1,6,0
2253,Zeeshan Khan,Not available,Batsman,0,0,1001,0,5,1
2254,O Bell,Scotland,Bowler,0,32,17,41,0,0
2255,Irfan Hafejee,Panama,Bowler,0,0,414,25,0,0
2256,M Mosehle,Not available,Batsman,0,0,1000,0,4,0
2257,RS Primus,Not available,Bowler,0,0,426,25,0,0
2258,JJS Sangha,Not available,Batsman,0,0,882,5,6,0
2259,Zeefa Jilani,Not available,Batsman,0,0,593,17,2,0
2260,Usman Khalid,Not available,Bowler,0,0,389,26,2,0
2261,VS Solanki,England,Batsman,0,829,133,1,5,1
2262,Rohan Kadam,Not available,Batsman,0,0,995,0,9,0
2263,NM Salonen,Not available,Bowler,0,0,345,28,0,0
2264,A Ashokan,Czech Republic,Batsman,0,0,609,16,3,0
2265,DC Delany,Not available,Bowler,0,0,146,36,0,0
2266,Hisham Sheikh,Not available,Bowler,0,0,375,26,0,0
2267,V Vira,Not available,Bowler,0,0,47,42,0,0
2268,PV Tambe,Not available,Bowler,0,0,18,41,0,0
2269,MH McKiernan,Not available,Bowler,0,0,253,31,0,0
2270,Imran Qayyum,Not available,Bowler,0,0,51,40,0,0
2271,Hamza Khan,Not available,Batsman,0,0,989,0,5,1
2272,AN Ahmed,Not available,Bowler,0,0,121,37,0,0
2273,A Dcosta,Not available,Bowler,0,0,113,38,0,0
2274,J Bulele,Mozambique,Batsman,0,0,483,22,3,0
2275,PHT Kaushal,Sri Lanka,Bowler,106,0,15,28,0,0
2276,KC Cariappa,Not available,Bowler,0,0,67,39,0,0
2277,RN Patel,Kenya,Batsman,0,0,838,7,2,0
2278,SVE Bharathi,Not available,Bowler,0,0,7,43,0,0
2279,S Gooch,Not available,Batsman,0,0,494,22,4,0
2280,Sahel Zadran,Not available,Bowler,0,0,139,36,0,0
2281,FC Leydon-Davis,Not available,Batsman,0,0,557,18,0,0
2282,Suhrawadi Shuvo,Bangladesh,Bowler,15,98,33,30,0,0
2283,Shahid Afridi,Not available,Bowler,0,0,327,30,1,0
2284,MI Khagoitsa,Not available,Bowler,0,0,132,37,0,0
2285,Robiul Islam,Bangladesh,Bowler,99,0,0,27,0,0
2286,Suyash Sharma,Not available,Bowler,0,0,0,41,0,0
2287,S Movva,Canada,Batsman,0,605,376,0,4,0
2288,Muhammad Asim,Not available,Batsman,0,0,586,17,5,0
2289,MPGT Ketiyage,Cyprus,Batsman,0,0,621,15,4,0
2290,Nazmul Hossain,Bangladesh,Bowler,8,15,3,36,0,0
2291,Azim Kazi,Not available,Batsman,0,0,408,24,1,0
2292,GH Roderick,Not available,Batsman,0,0,978,0,2,0
2293,L Malino,Not available,Bowler,0,0,24,41,0,0
2294,Mrittunjoy Chowdhury,Bangladesh,Bowler,0,8,121,37,0,0
2295,S Tuhadeleni,Not available,Bowler,0,0,11,42,0,0
2296,KM Dabengwa,Zimbabwe,Batsman,72,364,13,17,0,0
2297,RR Beaton,West Indies,Bowler,0,15,42,37,0,0
2298,AS Qwele,Not available,Bowler,0,0,147,36,0,0
2299,CK Coventry,Zimbabwe,Batsman,26,645,305,0,4,1
2300,MLL Taylor,Not available,Bowler,0,0,231,31,0,0
2301,Fiza,Not available,Batsman,0,0,634,15,1,0
2302,EL Bartram,Not available,Batsman,0,0,556,17,3,0
2303,D Myers,Zimbabwe,Batsman,132,138,687,0,4,0
2304,Mohammad Mohsin,United States of America,Bowler,0,8,116,36,0,0
2305,Mukesh Choudhary,Not available,Bowler,0,0,25,41,0,0
2306,A Verma,Not available,Bowler,0,0,92,39,0,0
2307,B Masaba,Uganda,Batsman,0,0,445,23,0,0
2308,D Ravu,Papua New Guinea,Bowler,0,128,27,32,0,0
2309,Naseem Khushi,Oman,Batsman,0,360,612,0,3,0
2310,Haseeb Amjad,Hong Kong,Bowler,0,21,57,39,0,0
2311,S Horley,Scotland,Batsman,0,276,350,15,4,1
2312,L Idambo,Not available,Bowler,0,0,125,37,0,0
2313,DN Phillips,Not available,Batsman,0,0,943,1,4,0
2314,M Shezi,South Africa,Bowler,0,0,7,40,0,0
2315,DB Ravi Teja,Not available,Batsman,0,0,905,3,4,0
2316,M Gogev,Not available,Batsman,0,0,634,13,5,0
2317,Festus Benn,Not available,Bowler,0,0,275,31,0,0
2318,R Coker,Not available,Bowler,0,0,252,30,1,0
2319,Ruchitha Venkatesh,Hong Kong,Bowler,0,0,177,31,0,0
2320,SJ Erwee,South Africa,Batsman,479,0,489,0,3,2
2321,YS Samra,Canada,Batsman,0,378,524,3,6,1
2322,ZB Lion-Cachet,Netherlands,Batsman,0,317,146,21,2,0
2323,MSL Taylor,Not available,Bowler,0,0,153,36,0,0
2324,G Kirsten,South Africa,Batsman,779,186,0,0,9,2
2325,PJ Malan,South Africa,Batsman,156,0,807,0,8,0
2326,A Makri,Not available,Bowler,0,0,351,25,1,0
2327,J Hull,England,Bowler,9,0,48,38,0,0
2328,CS Fraser,West Indies,Bowler,0,89,85,31,0,0
2329,Panna Ghosh,Bangladesh,Bowler,0,85,33,35,0,0
2330,P Mapotsane,Not available,Batsman,0,0,445,23,2,0
2331,HN Ya France,Namibia,Batsman,0,237,209,18,2,0
2332,I Chathurani,Not available,Batsman,0,0,496,20,3,0
2333,A Mansale,Vanuatu,Batsman,0,0,730,10,4,0
2334,M McColl,Scotland,Batsman,0,209,453,13,2,0
2335,A Kamboj,India,Bowler,0,0,83,38,0,0
2336,A Raghuvanshi,Not available,Batsman,0,0,959,0,7,0
2337,Aamer Yamin,Pakistan,Bowler,0,95,168,28,1,0
2338,RM Dorji,Bhutan,Batsman,0,0,647,13,3,0
2339,JD Shantry,Not available,Bowler,0,0,59,37,0,0
2340,Ehsan Adil,Pakistan,Bowler,21,43,3,33,0,0
2341,J Grewcock,England,Batsman,0,13,614,13,1,0
2342,TD Smartt,West Indies,Bowler,0,40,142,30,0,0
2343,N Jagadeesan,Not available,Batsman,0,0,957,0,5,0
2344,Walid Ghauri,Not available,Batsman,0,0,881,3,4,1
2345,VM Nyauchi,Zimbabwe,Bowler,77,43,1,26,0,0
2346,Zeeshan Kukikhel,Not available,Batsman,0,0,611,15,5,0
2347,JM Blatherwick,Not available,Bowler,0,0,204,33,0,0
2348,GL Cloete,Not available,Batsman,0,0,952,0,8,0
2349,NPAN Sakarini,Not available,Batsman,0,0,952,0,5,0
2350,C Carmichael,Ireland,Batsman,106,64,672,5,5,0
2351,Fayaz Khan,Not available,Batsman,0,0,450,22,3,0
2352,OR Newton,Not available,Bowler,0,0,74,38,0,0
2353,TS Chisoro,Zimbabwe,Bowler,27,109,33,27,0,0
2354,Aisya Eleesa,Not available,Bowler,0,0,42,37,0,0
2355,Al Islam,Not available,Bowler,0,0,35,39,0,0
2356,Mukidul Islam,Not available,Bowler,0,0,39,39,0,0
2357,Mohamed Shafeeq,Not available,Bowler,0,0,27,38,0,0
2358,K McGill,Scotland,Bowler,0,0,168,34,0,0
2359,KS Bharat,India,Batsman,221,0,723,0,3,0
2360,LA Dunbar,Not available,Batsman,0,0,943,0,5,1
2361,Naushad Shaikh,Not available,Batsman,0,0,732,9,4,0
2362,RB Patel,Uganda,Batsman,0,0,944,0,5,0
2363,D Sabir,Not available,Bowler,0,0,240,32,0,0
2364,K Piet,Not available,Bowler,0,0,122,36,0,0
2365,Zahid Mahmood,Pakistan,Bowler,20,9,30,35,0,0
2366,C Abel,Scotland,Bowler,0,18,71,36,0,0
2367,Ashwin Hebbar,Not available,Batsman,0,0,934,0,5,1
2368,JO Adedeji,Not available,Batsman,0,0,748,8,3,0
2369,Mohammad Kamran,Not available,Bowler,0,0,149,35,1,0
2370,C De Freitas,Not available,Batsman,0,0,938,0,8,1
2371,Ijaz Hussain,Not available,Bowler,0,0,132,36,0,0
2372,RK Bhui,Not available,Batsman,0,0,936,0,4,2
2373,NC Monteiro,Not available,Bowler,0,0,58,39,0,0
2374,S Nitschke,Australia,Batsman,191,81,201,14,2,0
2375,G Dempsey,Ireland,Bowler,0,126,22,29,0,0
2376,Rasikh Salam,Not available,Bowler,0,0,54,38,0,0
2377,JM Davison,Canada,Batsman,0,443,0,19,3,1
2378,N Hussain,England,Batsman,721,213,0,0,6,1
2379,IJ Harvey,Australia,Bowler,0,259,0,26,0,0
2380,SZ Mulani,Not available,Bowler,0,0,112,35,1,0
2381,Umar Amin,Pakistan,Batsman,99,271,474,3,3,0
2382,AZ Monaghan,Not available,Batsman,0,0,550,16,1,0
2383,Mehran Khan,Oman,Bowler,0,66,275,25,0,0
2384,T Perera,Not available,Batsman,0,0,555,16,0,0
2385,A Phillip,West Indies,Bowler,132,22,12,26,0,0
2386,N Vare,Papua New Guinea,Batsman,0,188,721,1,4,0
2387,T Jamtsho,Bhutan,Batsman,0,0,555,16,2,0
2388,S Gajnabi,West Indies,Batsman,0,147,465,13,0,0
2389,A Javid,Not available,Batsman,0,0,459,19,1,0
2390,Salman Mirza,Not available,Bowler,0,0,17,40,0,0
2391,S Bodha,Gibraltar,Bowler,0,0,82,37,0,0
2392,Cheepurapalli Stephen,Not available,Bowler,0,0,4,42,0,0
2393,RS Williams,West Indies,Batsman,0,477,429,1,2,0
2394,V Ravindran,Hungary,Batsman,0,0,836,4,5,0
2395,S Conteh,Not available,Bowler,0,0,153,34,0,0
2396,BA Williams,Australia,Bowler,7,14,0,35,0,0
2397,Atif Mehmood,Spain,Bowler,0,0,84,37,0,0
2398,MA Baig,Malawi,Bowler,0,0,277,29,1,0
2399,Muhammad Rohid,United Arab Emirates,Bowler,0,14,7,39,0,0
2400,Ankit Sharma,Not available,Bowler,0,0,174,31,0,0
2401,GC Murtaza,Not available,Bowler,0,0,120,34,0,0
2402,Maaz Sadaqat,Pakistan,Batsman,0,134,545,10,5,0
2403,Tanmay Agarwal,Not available,Batsman,0,0,925,0,6,0
2404,NR Welch,Zimbabwe,Batsman,319,0,605,0,3,0
2405,TP Ludeman,Not available,Batsman,0,0,924,0,5,0
2406,I Kaia,Zimbabwe,Batsman,312,387,218,0,2,2
2407,SS Mundhe,Not available,Batsman,0,0,598,13,5,0
2408,B Hepburn,Not available,Bowler,0,0,82,35,0,0
2409,J Kariko,Papua New Guinea,Bowler,0,8,22,39,0,0
2410,Imran Ameer,Not available,Bowler,0,0,305,26,0,0
2411,A Ashish Reddy,Not available,Batsman,0,0,415,22,0,0
2412,WJ Weighell,Not available,Bowler,0,0,239,28,1,0
2413,A Smith,Not available,Bowler,0,0,83,35,0,0
2414,AR Caddick,England,Bowler,42,64,0,31,0,0
2415,SR Bhudia,Not available,Batsman,0,0,707,9,3,0
2416,Gull Feroza,Pakistan,Batsman,0,422,498,0,5,2
2417,RAJ Smith,Not available,Bowler,0,0,107,34,0,0
2418,CS Baugh,West Indies,Batsman,454,382,83,0,2,0
2419,Amarpal Kaur,Not available,Bowler,0,0,318,27,0,0
2420,JJ Krejza,Australia,Bowler,71,13,8,30,0,0
2421,E Dusingizimana,Rwanda,Batsman,0,0,916,0,4,0
2422,V Araa,Papua New Guinea,Bowler,0,71,13,35,0,0
2423,A Merritt,Not available,Batsman,0,0,502,17,3,0
2424,TD Groenewald,Not available,Bowler,0,0,103,34,0,0
2425,A Learoyd,Not available,Batsman,0,0,913,0,2,1
2426,N Wadhera,Not available,Batsman,0,0,912,0,6,0
2427,RD Pringle,Not available,Batsman,0,0,441,19,0,0
2428,JL Hunter,Australia,Bowler,0,16,11,37,0,0
2429,AP Rajeevan,Not available,Batsman,0,0,913,0,5,0
2430,BD Guest,Not available,Batsman,0,0,911,0,1,0
2431,C Roberts,Not available,Batsman,0,0,824,4,3,0
2432,C Leeson,Not available,Batsman,0,0,375,22,1,0
2433,RR Seth,Singapore,Batsman,0,0,569,14,1,0
2434,GW Flower,Zimbabwe,Batsman,0,627,0,9,5,0
2435,SHT Kandamby,Sri Lanka,Batsman,0,827,12,2,5,0
2436,AK Sah,Nepal,Batsman,0,322,487,4,5,1
2437,Karim Janat,Not available,Batsman,0,0,420,21,0,0
2438,Bilawal Bhatti,Pakistan,Batsman,70,89,61,24,0,0
2439,JF Carter,Not available,Batsman,0,0,907,0,5,0
2440,Meghna Singh,India,Bowler,2,33,23,32,0,0
2441,Akif Raja,United Arab Emirates,Bowler,0,0,58,35,0,0
2442,RR Simmonds,Not available,Bowler,0,0,36,38,0,0
2443,ZL Win,Not available,Bowler,0,0,211,29,0,0
2444,L Piety,Not available,Batsman,0,0,480,19,3,0
2445,H Rathod,Not available,Bowler,0,0,178,33,0,0
2446,SS Pathirana,Sri Lanka,Batsman,0,332,27,20,1,0
2447,SL Quintyne,West Indies,Bowler,0,117,91,29,0,0
2448,C Madande,Zimbabwe,Batsman,10,294,600,0,3,0
2449,J Glasgow,West Indies,Batsman,0,240,290,14,3,0
2450,PL Mommsen,Scotland,Batsman,0,601,274,1,6,1
2451,Meghna Rajan,Not available,Batsman,0,0,448,20,4,0
2452,CA Rose,Not available,Bowler,0,0,183,28,0,0
2453,Anuj Rawat,Not available,Batsman,0,0,903,0,3,0
2454,SB Wagh,Not available,Bowler,0,0,66,37,0,0
2455,CR Pagydyala,United States of America,Batsman,0,206,610,4,3,1
2456,Diwesh Pathania,Not available,Bowler,0,0,182,31,0,0
2457,S Pradhan,Not available,Batsman,0,0,367,23,1,0
2458,Razmal Shigiwal,Austria,Batsman,0,0,898,0,4,0
2459,MB Tambe,Finland,Bowler,0,0,132,33,0,0
2460,R Oa,Papua New Guinea,Bowler,0,0,29,39,0,0
2461,Rahmatullah Mangal,Not available,Bowler,0,0,85,36,0,0
2462,AR Adams,New Zealand,Bowler,0,165,17,28,0,0
2463,A Dhabe,Not available,Bowler,0,0,161,32,0,0
2464,BDH Stevens,Jersey,Batsman,0,1,354,24,1,0
2465,Taranjit Singh,Not available,Bowler,0,0,301,26,1,0
2466,EU Kejarukua,Not available,Bowler,0,0,45,35,0,0
2467,R Sanjay Yadav,Not available,Batsman,0,0,483,17,2,0
2468,AC Botha,Ireland,Batsman,0,265,75,22,1,0
2469,Vijaykumar Vyshak,Not available,Bowler,0,0,27,37,0,0
2470,NY McLean,West Indies,Batsman,0,231,663,0,4,0
2471,P Pushparajan,Not available,Batsman,0,0,607,12,4,1
2472,Kartik Tyagi,Not available,Bowler,0,0,24,36,0,0
2473,CAH Stevenson,United States of America,Bowler,0,141,30,29,0,0
2474,Ahmad Ramdoni,Indonesia,Batsman,0,0,893,0,0,0
2475,FA Sargent,Ireland,Bowler,0,36,9,33,0,0
2476,L Mabhero,Zimbabwe,Bowler,0,34,31,32,0,0
2477,Mengting Liu,Not available,Bowler,0,0,54,38,0,0
2478,A Bagai,Canada,Batsman,0,614,277,0,6,0
2479,EJH Eckersley,Not available,Batsman,0,0,890,0,1,0
2480,K Lewis,Not available,Batsman,0,0,889,0,4,0
2481,N Holland,Not available,Batsman,0,0,600,12,2,0
2482,NA Rathva,Not available,Bowler,0,0,276,27,0,0
2483,CV Anto,Not available,Batsman,0,0,886,0,3,0
2484,S Mosweu,Not available,Batsman,0,0,439,19,2,0
2485,JS Malhotra,United States of America,Batsman,0,358,466,2,2,2
2486,Parth Sahani,Not available,Batsman,0,0,743,6,3,0
2487,VD Adewoye,Not available,Batsman,0,0,471,18,0,0
2488,RJ Quiney,Australia,Batsman,9,0,851,0,5,0
2489,M Syahadat Ramli,Malaysia,Batsman,0,0,622,12,0,0
2490,JM Gibson,Not available,Batsman,0,0,455,18,3,0
2491,EM Bermingham,New Zealand,Bowler,0,94,27,30,0,0
2492,Wahidullah Sahak,Not available,Batsman,0,0,347,24,3,0
2493,Ali Masood,Not available,Batsman,0,0,436,20,2,0
2494,Ateeq Iqbal,Not available,Bowler,0,0,19,37,0,0
2495,JDM Evison,Not available,Batsman,0,0,382,21,0,0
2496,WT Smale,Not available,Batsman,0,0,881,0,5,0
2497,Bavanaka Sandeep,Not available,Batsman,0,0,696,7,2,0
2498,Sher Sahak,Not available,Batsman,0,0,483,18,2,0
2499,Irfan Khan,Pakistan,Batsman,0,48,766,3,0,0
2500,BMJ Allison,Not available,Bowler,0,0,60,36,0,0
2501,A Ashok,New Zealand,Bowler,0,10,61,34,0,0
2502,D Doyle-Calle,Not available,Batsman,0,0,834,2,3,0
2503,Mehboob Ali,Not available,Batsman,0,0,475,17,3,0
2504,Pratham Singh,Not available,Batsman,0,0,877,0,7,0
2505,AA Rahayu,Not available,Bowler,0,0,244,28,1,0
2506,Baseer Khan,Not available,Bowler,0,0,259,27,0,0
2507,B Cooper,West Indies,Batsman,0,339,537,0,2,0
2508,S Yeshi,Not available,Bowler,0,0,53,35,0,0
2509,S Dunukedeniya,Not available,Bowler,0,0,110,35,1,0
2510,Jaspal Singh,Not available,Batsman,0,0,721,6,4,0
2511,Sarawut Maliwan,Not available,Bowler,0,0,25,37,0,0
2512,FA Cossa,Mozambique,Batsman,0,0,347,23,2,0
2513,Sheraz Sheikh,Belgium,Batsman,0,0,453,18,2,0
2514,P Alako,Not available,Batsman,0,0,846,1,1,1
2515,Shariz Ahmad,Netherlands,Bowler,0,159,65,26,0,0
2516,Selim Salau,Not available,Batsman,0,0,871,0,1,1
2517,D Dhingra,United States of America,Batsman,0,289,571,0,6,0
2518,K Joshi,Not available,Batsman,0,0,319,22,0,0
2519,SA Patterson,Not available,Bowler,0,0,4,37,0,0
2520,Basir Ahamad,Nepal,Batsman,0,35,509,13,3,0
2521,Darshan Misal,Not available,Batsman,0,0,337,21,1,0
2522,BS Makhanya,Not available,Batsman,0,0,799,2,1,0
2523,L Barnett,Not available,Batsman,0,0,575,12,6,0
2524,GB Brent,Zimbabwe,Batsman,0,192,0,24,1,0
2525,Jay Bista,Not available,Batsman,0,0,820,2,6,0
2526,T Manders,Bermuda,Batsman,0,0,869,0,7,0
2527,J Wilson,Not available,Batsman,0,0,539,14,1,0
2528,TJ Prest,Not available,Batsman,0,0,822,2,5,0
2529,NMP Suwandewi,Not available,Bowler,0,0,92,33,0,0
2530,DT Hondo,Zimbabwe,Bowler,0,35,0,30,0,0
2531,MA Abbas,New Zealand,Batsman,0,162,590,4,4,0
2532,Mahidul Islam Ankon,Bangladesh,Batsman,29,69,767,0,3,0
2533,Zuhaib Zubair,United Arab Emirates,Bowler,0,39,98,31,0,0
2534,Bilal Tahir,Not available,Batsman,0,0,732,6,1,0
2535,A Choudhary,Not available,Bowler,0,0,59,35,0,0
2536,TC Barker,Not available,Batsman,0,0,864,0,4,0
2537,R Bakum,Ghana,Batsman,0,0,566,13,3,0
2538,PV Vuniwaqa,Fiji,Batsman,0,0,627,10,3,0
2539,Khurram Khan,United Arab Emirates,Batsman,0,237,328,12,3,0
2540,TGR Clark,Not available,Batsman,0,0,860,0,2,0
2541,MA Vermeulen,Zimbabwe,Batsman,343,517,0,0,4,1
2542,AV Lazarus,Not available,Batsman,0,0,824,1,5,0
2543,CG Blakely,Not available,Batsman,0,0,811,2,2,0
2544,AWJ Auguste,West Indies,Batsman,0,205,650,0,4,0
2545,C Chatphaisan,Not available,Batsman,0,0,674,8,2,0
2546,GJ Snyman,Not available,Batsman,0,0,626,9,3,0
2547,MG Vandort,Sri Lanka,Batsman,857,0,0,0,3,3
2548,Umm-e-Hani,Pakistan,Bowler,0,45,54,28,0,0
2549,L Scott,Australia,Batsman,0,2,503,15,3,0
2550,D Wangmo,Not available,Batsman,0,0,575,12,2,0
2551,DP Vaidya,India,Batsman,0,132,167,23,1,0
2552,L Delport,Not available,Bowler,0,0,54,35,0,0
2553,Pyae Phyo Wai,Not available,Batsman,0,0,365,21,1,0
2554,KDC Clarke,New Zealand,Bowler,0,39,61,32,0,0
2555,Shah Abrar Hussain,Not available,Batsman,0,0,358,21,1,0
2556,D Forrester,Not available,Batsman,0,0,598,11,1,0
2557,RO Gordon,Not available,Bowler,0,0,39,36,0,0
2558,FK Cowdrey,Not available,Batsman,0,0,404,19,2,0
2559,JJ Atkinson,Hong Kong,Batsman,0,84,767,0,6,0
2560,MW Pillans,Not available,Bowler,0,0,120,31,0,0
2561,P Baron,Not available,Batsman,0,0,851,0,9,0
2562,Akshay Wakhare,Not available,Bowler,0,0,11,35,0,0
2563,D Kansonkho,Malawi,Batsman,0,0,685,7,1,0
2564,S Dhaniram,Canada,Batsman,0,281,5,23,2,0
2565,K Doriga,Papua New Guinea,Batsman,0,520,328,0,3,0
2566,V Balakrishnan,Botswana,Batsman,0,0,779,3,2,1
2567,N Choden,Not available,Batsman,0,0,620,10,2,0
2568,KL Short,Not available,Batsman,0,0,844,0,3,0
2569,PJ Forrest,Australia,Batsman,0,368,478,0,6,1
2570,Sajid Liaqat,Germany,Bowler,0,0,181,29,0,0
2571,B Ito-Davis,Not available,Bowler,0,0,228,28,0,0
2572,R Tyson,Not available,Bowler,0,0,6,36,0,0
2573,Mayank Dagar,Not available,Bowler,0,0,53,33,0,0
2574,A Limdawala,Not available,Batsman,0,0,551,12,2,0
2575,L Phiri,Zimbabwe,Batsman,0,188,73,23,1,0
2576,Vishnu Vinod,Not available,Batsman,0,0,839,0,5,0
2577,Abdul Naser Baluch,Not available,Bowler,0,0,54,35,0,0
2578,CJ Liddle,Not available,Bowler,0,0,9,35,0,0
2579,P Maziya,Not available,Bowler,0,0,242,26,0,0
2580,Faisal Iqbal,Pakistan,Batsman,707,134,0,0,4,1
2581,Mohammad Shahzad,Not available,Batsman,0,0,841,0,4,0
2582,A Nagwaswalla,Not available,Bowler,0,0,26,36,0,0
2583,P Koech,Not available,Bowler,0,0,18,36,0,0
2584,A Stonehouse,Not available,Bowler,0,0,68,32,0,0
2585,O Davies,Not available,Batsman,0,0,836,0,3,0
2586,HT Crocombe,Not available,Bowler,0,0,55,34,0,0
2587,AS Hansra,Canada,Batsman,0,295,235,12,3,0
2588,A Shahi,Not available,Bowler,0,0,222,27,0,0
2589,MJ Hay,New Zealand,Batsman,61,186,591,0,4,0
2590,SM Warnapura,Sri Lanka,Batsman,799,30,0,0,7,2
2591,MWT Boyle,Not available,Batsman,0,0,761,3,4,0
2592,Lucas Rossi,Not available,Bowler,0,0,258,26,1,0
2593,AJ McKay,New Zealand,Bowler,25,12,0,30,0,0
2594,Sami Aslam,Pakistan,Batsman,758,78,0,0,7,0
2595,J Singye,Bhutan,Batsman,0,0,380,19,0,0
2596,LL Dimba,Not available,Batsman,0,0,361,20,1,0
2597,AV Wankhade,Not available,Batsman,0,0,835,0,3,0
2598,JE Dooley,Not available,Batsman,0,0,835,0,2,0
2599,Mushfiqur Rahman,Bangladesh,Batsman,155,208,0,14,0,0
2600,N Tanner,Not available,Batsman,0,0,296,24,1,0
2601,Vishnu Solanki,Not available,Batsman,0,0,834,0,3,0
2602,Adam Senn,Not available,Batsman,0,0,324,22,2,0
2603,Avishka Iroshan,Not available,Batsman,0,0,590,11,2,0
2604,Chaitanya Bishnoi,Not available,Batsman,0,0,807,1,4,0
2605,Jahandad Khan,Not available,Bowler,0,0,183,28,0,0
2606,KS Gautam,India,Batsman,34,90,120,23,0,0
2607,Yasar Haroon,Not available,Bowler,0,0,258,25,0,0
2608,AT Thomson,Not available,Bowler,0,0,198,26,0,0
2609,S Asha,India,Bowler,0,8,61,33,0,0
2610,Ashwin Vinod,Not available,Bowler,0,0,71,33,0,0
2611,Baltej Singh,Not available,Bowler,0,0,10,36,0,0
2612,MTMMJ Ave,Not available,Batsman,0,0,534,13,4,0
2613,RJ Trott,Bermuda,Bowler,0,95,44,30,0,0
2614,EL King,Not available,Bowler,0,0,21,34,0,0
2615,Aziz Mohammad,Belgium,Batsman,0,0,474,15,5,0
2616,MS Sinclair,New Zealand,Batsman,459,367,0,0,5,0
2617,J Srinath,India,Bowler,2,31,0,31,0,0
2618,JEK Rew,England,Batsman,39,0,788,0,2,1
2619,AJ Pienaar,Not available,Batsman,0,0,752,3,1,0
2620,R Ugarkar,United States of America,Bowler,0,1,3,35,0,0
2621,Jay Odedra,Oman,Bowler,0,31,40,29,0,0
2622,C Pengkumta,Thailand,Bowler,0,0,205,27,1,0
2623,XM Marshall,West Indies,Batsman,182,379,261,0,3,0
2624,M Dale-Bradley,Not available,Bowler,0,0,139,30,0,0
2625,TR Birt,Not available,Batsman,0,0,824,0,4,0
2626,MJ Fisher,New Zealand,Bowler,0,2,26,32,0,0
2627,Mohammad Ghazanfar,Not available,Bowler,0,0,41,34,0,0
2628,T Wangchuk,Not available,Bowler,0,0,141,29,0,0
2629,TP Kanwar,India,Bowler,0,0,168,26,0,0
2630,Sadaf Shamas,Pakistan,Batsman,0,761,61,0,5,1
2631,M Upadhayay,Not available,Bowler,0,0,7,36,0,0
2632,Ahmadullah Shinwari,Not available,Bowler,0,0,88,31,0,0
2633,Ajay Mandal,Not available,Bowler,0,0,217,26,0,0
2634,Abishek Porel,Not available,Batsman,0,0,822,0,4,0
2635,MV Pavlovic,Not available,Bowler,0,0,115,31,0,0
2636,TL Suman,Not available,Batsman,0,0,676,6,2,0
2637,JP McIlroy,Not available,Bowler,0,0,11,35,0,0
2638,C Bull,Not available,Batsman,0,0,316,21,0,0
2639,S Jora,Nepal,Batsman,0,56,740,1,4,0
2640,Waqas Barkat,Hong Kong,Batsman,0,25,476,13,1,0
2641,WAE Burton,Not available,Batsman,0,0,536,12,2,0
2642,PM Nevill,Australia,Batsman,468,0,350,0,3,0
2643,Ramandeep Singh,Not available,Batsman,0,0,483,15,0,0
2644,TF Rogers,Not available,Batsman,0,0,818,0,2,0
2645,B Aparajith,Not available,Batsman,0,0,580,10,1,0
2646,T Nightingale,Guernsey,Batsman,0,0,685,5,3,0
2647,CMA Shillington,Ireland,Batsman,0,179,638,0,1,0
2648,KM Chathli,Not available,Batsman,0,0,817,0,3,0
2649,SA Oldershaw,Not available,Bowler,0,0,16,34,0,0
2650,M Shahbaz Butt,Norway,Bowler,0,0,86,32,0,0
2651,J van Heerden,Not available,Batsman,0,0,591,10,3,0
2652,MM Letsoalo,South Africa,Bowler,0,17,2,30,0,0
2653,LK O'Reilly,Ireland,Bowler,0,12,59,31,0,0
2654,CM Greechan,Not available,Bowler,0,0,169,28,0,0
2655,Najjam Shahzad,Not available,Batsman,0,0,342,20,0,0
2656,SJ MacBeth,Not available,Batsman,0,0,512,13,0,0
2657,CK Jasmat,Not available,Batsman,0,0,367,18,0,0
2658,L Moises,Not available,Bowler,0,0,53,33,0,0
2659,Bilal Muhammad,Not available,Bowler,0,0,159,28,0,0
2660,K V Sasikanth,Not available,Bowler,0,0,205,25,0,0
2661,GA Lamb,Zimbabwe,Batsman,46,197,32,19,0,0
2662,Nabil Samad,Not available,Bowler,0,0,6,33,0,0
2663,SJ Thakor,Not available,Bowler,0,0,208,26,0,0
2664,Shaheryar Butt,Belgium,Batsman,0,0,808,0,3,0
2665,Jaspreet Singh,Italy,Bowler,0,0,145,29,0,0
2666,Sohail Akhtar,Not available,Batsman,0,0,808,0,3,0
2667,Himanshu Rana,Not available,Batsman,0,0,808,0,7,0
2668,MF Hurst,Not available,Batsman,0,0,808,0,4,0
2669,Urvil Patel,Not available,Batsman,0,0,808,0,4,0
2670,Lakshay Garg,Not available,Bowler,0,0,171,26,0,0
2671,Raja Adeel,Not available,Bowler,0,0,5,35,0,0
2672,R Johnston,Not available,Batsman,0,0,386,18,1,0
2673,R Mazumder,Not available,Batsman,0,0,805,0,5,0
2674,Khalid Latif,Pakistan,Batsman,0,147,660,0,4,0
2675,AJ Ireland,Zimbabwe,Bowler,0,12,7,32,0,0
2676,S Georgota,Not available,Bowler,0,0,201,25,0,0
2677,P Rathnayake,Sri Lanka,Batsman,0,218,545,2,3,1
2678,JJ Tucker,Bermuda,Batsman,0,203,293,11,1,0
2679,Mohammed Qasim,United Arab Emirates,Batsman,0,91,317,17,2,0
2680,A Munisar,West Indies,Bowler,0,13,34,31,0,0
2681,SS Grimmond,West Indies,Bowler,0,48,125,25,0,0
2682,M Van Buuren,Not available,Batsman,0,0,803,0,3,0
2683,MA Butcher,England,Batsman,785,0,0,0,4,2
2684,AD Thomason,Not available,Batsman,0,0,321,21,0,0
2685,PM Weerakkody,Sri Lanka,Batsman,0,638,165,0,1,0
2686,ASS Nijjar,Not available,Bowler,0,0,97,29,0,0
2687,Fanyan Mughal,Not available,Batsman,0,0,279,22,1,0
2688,LA Procter,Not available,Batsman,0,0,284,22,0,0
2689,MO Jones,Bermuda,Bowler,0,58,133,25,0,0
2690,KJ Ferrary,Gibraltar,Batsman,0,0,391,18,2,0
2691,Mohammad Ihsan,Not available,Batsman,0,0,801,0,1,2
2692,LW James,Not available,Batsman,0,0,537,11,2,0
2693,SF Jerome,Not available,Bowler,0,0,89,30,0,0
2694,E Vukusic,Not available,Bowler,0,0,203,26,2,0
2695,KNA Bandara,Sri Lanka,Batsman,0,141,593,3,2,0
2696,R Mutumbami,Zimbabwe,Batsman,217,319,264,0,2,0
2697,W Nalisa,Vanuatu,Bowler,0,0,96,30,0,0
2698,Aritra Dutta,Singapore,Batsman,0,0,798,0,2,1
2699,L Croospulle,Not available,Batsman,0,0,754,2,3,0
2700,MS Bisla,Not available,Batsman,0,0,798,0,4,0
2701,AAP Rivero,Not available,Bowler,0,0,176,27,0,0
2702,H Hiri,Papua New Guinea,Batsman,0,435,261,4,2,0
2703,DA Cosker,Not available,Bowler,0,0,30,32,0,0
2704,Codi Yusuf,South Africa,Bowler,35,5,57,28,0,0
2705,C Esterhuizen,Not available,Batsman,0,0,795,0,5,0
2706,TR Ambrose,England,Batsman,447,10,338,0,4,1
2707,Rizwan Haider,Not available,Bowler,0,0,36,33,0,0
2708,IG Sharp,New Zealand,Batsman,0,67,727,0,4,0
2709,L Louwrens,Namibia,Batsman,0,535,258,0,4,1
2710,YSD Seneveratne,Cayman Islands,Batsman,0,0,789,0,3,1
2711,JA Brooks,Not available,Bowler,0,0,18,33,0,0
2712,PT Collins,West Indies,Bowler,10,3,0,26,0,0
2713,A Steyn,South Africa,Batsman,11,781,0,0,4,1
2714,Ashutosh Sharma,Not available,Batsman,0,0,792,0,5,0
2715,C Skelton,Not available,Bowler,0,0,144,26,0,0
2716,Ashfaq Ahmed,United Arab Emirates,Batsman,0,343,285,6,3,0
2717,Akhilesh Sahani,Not available,Bowler,0,0,221,25,0,0
2718,NAJ Wraith,Not available,Batsman,0,0,789,0,3,0
2719,T Bharaj,Denmark,Batsman,0,0,789,0,5,0
2720,Jakob Gul,Not available,Bowler,0,0,171,27,0,0
2721,JH Wharton,Not available,Batsman,0,0,788,0,5,1
2722,Khizer Ahmed,Not available,Batsman,0,0,788,0,2,0
2723,AC Douglas,Bermuda,Batsman,0,0,413,17,2,0
2724,SR Waugh,Australia,Batsman,700,0,0,2,5,2
2725,SA Mohandas,Not available,Bowler,0,0,88,29,0,0
2726,Ravi Teja,Not available,Bowler,0,0,155,28,0,0
2727,Sandeep Goud,Oman,Batsman,0,535,141,4,3,0
2728,LC Ngoepe,Not available,Batsman,0,0,720,3,0,0
2729,M Zondeki,South Africa,Bowler,68,1,0,27,1,0
2730,LK Hamilton,Australia,Bowler,23,0,60,29,0,0
2731,N Baird,Not available,Bowler,0,0,49,32,0,0
2732,J Nyumbu,Zimbabwe,Batsman,38,45,7,22,0,0
2733,SAN Maypriani,Not available,Bowler,0,0,14,33,0,0
2734,AF Ifill,Not available,Bowler,0,0,94,30,0,0
2735,HZ Finch,Not available,Batsman,0,0,781,0,3,0
2736,MJ Ackerman,Not available,Batsman,0,0,731,2,1,0
2737,CD Barnwell,Not available,Batsman,0,0,584,8,0,0
2738,HA Varaiya,Kenya,Bowler,0,43,32,27,0,0
2739,J Evans,Israel,Bowler,0,0,220,25,0,0
2740,S Malla,Not available,Bowler,0,0,70,32,0,0
2741,Khuzaima Tanveer,United Arab Emirates,Bowler,0,51,94,27,0,0
2742,L Bull,Not available,Bowler,0,0,168,27,0,0
2743,Khalid Zahid,Sweden,Batsman,0,0,213,23,0,0
2744,E Niyomugabo,Rwanda,Batsman,0,0,468,13,1,0
2745,JG Walker,Not available,Bowler,0,0,27,33,0,0
2746,JA Burrows,Not available,Bowler,0,0,61,32,0,0
2747,DC Stovell,Bermuda,Batsman,0,0,288,21,0,0
2748,HV Mandhyan,Hungary,Batsman,0,0,242,23,0,0
2749,CNIM Joyce,Ireland,Batsman,0,228,543,0,1,0
2750,S Vashisht,Not available,Bowler,0,0,175,26,0,0
2751,Simarjeet Singh,Not available,Bowler,0,0,12,33,0,0
2752,S Sriharsha,United States of America,Batsman,0,200,574,0,3,0
2753,WSA Williams,Not available,Bowler,0,0,80,30,0,0
2754,MJ Ansell,Isle of Man,Bowler,0,0,66,30,0,0
2755,Prince Yadav,India,Bowler,0,0,13,32,0,0
2756,A Martel,Not available,Bowler,0,0,106,29,0,0
2757,DA Blignaut,Not available,Batsman,0,0,362,18,0,0
2758,H Patel,Canada,Batsman,0,176,319,11,2,0
2759,Saqlain Arshad,Not available,Batsman,0,0,589,8,2,0
2760,TK Patel,United States of America,Bowler,0,71,37,29,1,0
2761,J Martins,Not available,Batsman,0,0,268,23,0,0
2762,Ravinderpal Singh,Canada,Batsman,0,77,649,2,1,1
2763,Sasha Azmi,Malaysia,Bowler,0,0,131,27,1,0
2764,Bandaru Ayyappa,Not available,Bowler,0,0,102,29,0,0
2765,LA Pomersbach,Not available,Batsman,0,0,770,0,3,1
2766,KS Lokuarachchi,Sri Lanka,Batsman,0,164,18,23,1,0
2767,M Tom,Papua New Guinea,Bowler,0,3,17,30,0,0
2768,Mohammed Nadeem,Qatar,Bowler,0,0,7,32,0,0
2769,Mrunal Devdhar,Not available,Batsman,0,0,766,0,6,0
2770,NRJ Croes,Netherlands,Batsman,0,538,228,0,3,0
2771,PA de Silva,Sri Lanka,Batsman,0,390,0,14,3,0
2772,CL Hall,Not available,Batsman,0,0,765,0,1,0
2773,J Tuffin,Not available,Batsman,0,0,232,23,0,0
2774,MW Harvey,Not available,Batsman,0,0,765,0,2,0
2775,Arjun Vinod,Not available,Batsman,0,0,630,5,1,0
2776,EM McCaughan,Not available,Batsman,0,0,764,0,4,1
2777,N Gwanzura,Zimbabwe,Batsman,0,125,156,21,0,0
2778,AL Menaria,Not available,Batsman,0,0,633,5,2,0
2779,CJ Metcalfe,Ireland,Bowler,0,21,4,30,0,0
2780,GM Hennessy,Not available,Batsman,0,0,491,10,2,0
2781,Iqbal Hussain,Qatar,Bowler,0,0,80,31,0,0
2782,M Shumba,Zimbabwe,Batsman,111,40,410,6,1,0
2783,Riya Sharma,Not available,Bowler,0,0,19,31,0,0
2784,S Turner,Not available,Bowler,0,0,50,31,0,0
2785,CAJ Morris,Not available,Bowler,0,0,21,32,0,0
2786,Hamza Dar,Not available,Batsman,0,0,666,4,4,0
2787,SG Budinger,Not available,Batsman,0,0,717,2,4,0
2788,AJ Parmar,Not available,Bowler,0,0,2,34,0,0
2789,Junaid Siddiqui,Canada,Batsman,0,59,85,23,0,0
2790,SK Awiah,Ghana,Batsman,0,0,353,18,0,0
2791,LR Shukla,Not available,Batsman,0,0,405,15,0,0
2792,Ayasha Rahman,Bangladesh,Batsman,0,122,637,0,2,0
2793,Huzaifa Mohammed,Not available,Bowler,0,0,116,27,0,0
2794,Amandeep Khare,Not available,Batsman,0,0,758,0,3,0
2795,LC Johnson,Not available,Batsman,0,0,758,0,3,0
2796,NB Cornwell,Not available,Bowler,0,0,55,30,0,0
2797,T Chanderpaul,West Indies,Batsman,758,0,0,0,2,1
2798,Naman Dhir,Not available,Batsman,0,0,749,0,3,0
2799,Ibrahim Rizan,Maldives,Bowler,0,0,98,28,0,0
2800,AJ Nair,Not available,Batsman,0,0,238,22,0,0
2801,RG Aga,Kenya,Batsman,0,114,165,20,2,0
2802,MG Bevan,Australia,Batsman,0,755,0,0,6,0
2803,NK Ariani,Not available,Bowler,0,0,18,32,0,0
2804,Hasan Murad,Bangladesh,Bowler,27,0,13,29,0,0
2805,Sanjida Akter Meghla,Bangladesh,Bowler,0,1,2,32,0,0
2806,MGK Burgess,Not available,Batsman,0,0,754,0,2,0
2807,AK Perera,Sri Lanka,Batsman,0,52,669,1,3,0
2808,A Dizija,Not available,Batsman,0,0,702,2,5,0
2809,Bilal Asif,Pakistan,Batsman,73,40,0,21,0,0
2810,Karri Gullem Keen,Not available,Batsman,0,0,243,22,1,0
2811,Anas Khan,Hong Kong,Bowler,0,0,69,31,0,0
2812,S Jegannathan,Not available,Batsman,0,0,306,20,1,0
2813,S Wetoto,Kenya,Batsman,0,0,259,22,1,0
2814,BB Samantray,Not available,Batsman,0,0,521,10,1,1
2815,A Ndiraya,Zimbabwe,Batsman,0,428,231,4,1,0
2816,Sayan Ghosh,Not available,Bowler,0,0,17,32,0,0
2817,M Nabe,Not available,Bowler,0,0,8,33,0,0
2818,Amad Butt,Not available,Bowler,0,0,141,26,0,0
2819,D du Preez,Not available,Bowler,0,0,133,26,0,0
2820,Hunain Shah,Not available,Bowler,0,0,24,32,0,0
2821,Muhammad Wafiq,Malaysia,Bowler,0,0,66,28,0,0
2822,G Bakiweyem,Not available,Bowler,0,0,108,27,0,0
2823,Dharmendrasinh Jadeja,Not available,Bowler,0,0,106,26,1,0
2824,AT Hucker,Not available,Bowler,0,0,77,27,0,0
2825,FDM Devonshire,New Zealand,Batsman,0,9,319,16,0,0
2826,Pallav Kumar Das,Not available,Batsman,0,0,581,7,1,0
2827,A Dirannehelage,Not available,Batsman,0,0,238,22,2,0
2828,Aiman Anwer,Pakistan,Bowler,0,15,38,27,0,0
2829,L Lamin,Sierra Leone,Batsman,0,0,607,6,1,0
2830,Ghulam Fatima,Pakistan,Bowler,0,11,6,29,0,0
2831,MH Ushanga,Not available,Bowler,0,0,47,30,0,0
2832,Ankit Lamba,Not available,Batsman,0,0,744,0,5,0
2833,DD Ebrahim,Zimbabwe,Batsman,190,555,0,0,3,0
2834,R Hashu,Not available,Bowler,0,0,109,29,0,0
2835,KR Sen,India,Bowler,0,2,1,31,0,0
2836,KJ Stagno,Not available,Batsman,0,0,744,0,4,1
2837,Musaddiq Ahmed,Not available,Batsman,0,0,687,2,1,2
2838,CJ Haggett,Not available,Bowler,0,0,109,27,0,0
2839,CF Hughes,Not available,Batsman,0,0,616,5,2,0
2840,Pratis GC,Nepal,Bowler,0,11,94,27,0,0
2841,Iram Javed,Pakistan,Batsman,0,216,472,2,1,0
2842,Thuya Aung,Myanmar,Batsman,0,0,300,19,0,0
2843,P Cuinica,Not available,Batsman,0,0,274,19,1,0
2844,Rajjakuddin Ahmed,Not available,Batsman,0,0,342,17,0,0
2845,GJ McCarter,Ireland,Bowler,0,1,126,26,0,0
2846,R McKenna,Not available,Batsman,0,0,346,17,2,0
2847,B Parsons,Not available,Batsman,0,0,447,13,1,0
2848,HRC Came,Not available,Batsman,0,0,740,0,2,0
2849,Pratik Singh Bais,Not available,Bowler,0,0,42,30,0,0
2850,E Beukes,Not available,Batsman,0,0,517,9,0,0
2851,LD Madushanka,Sri Lanka,Batsman,0,14,317,17,1,0
2852,TE Bailey,Not available,Bowler,0,0,27,31,0,0
2853,Ravi Chauhan,Not available,Batsman,0,0,739,0,8,0
2854,C Robertson,Not available,Bowler,0,0,48,30,0,0
2855,MJ Mason,New Zealand,Bowler,3,20,2,26,0,0
2856,L Jack,Scotland,Batsman,0,113,625,0,3,0
2857,N Vimukthi,Not available,Batsman,0,0,219,22,0,0
2858,SS Kang,United Arab Emirates,Bowler,0,31,2,30,0,0
2859,Amar Sharma,Not available,Batsman,0,0,148,24,0,0
2860,GS Dinusha,Sri Lanka,Batsman,370,0,71,10,2,1
2861,JKH Naik,Not available,Bowler,0,0,52,29,0,0
2862,J Ramanandi,Oman,Batsman,0,182,86,19,1,0
2863,Chirag Gandhi,Not available,Batsman,0,0,735,0,4,0
2864,E Iloku,Not available,Batsman,0,0,735,0,0,0
2865,M Mohammed,Not available,Bowler,0,0,110,27,0,0
2866,N Madziva,Zimbabwe,Bowler,0,59,62,25,0,0
2867,A Mundra,Not available,Batsman,0,0,734,0,5,0
2868,T Rossi,Not available,Batsman,0,0,270,20,0,0
2869,Waqar Ali,Not available,Bowler,0,0,4,33,0,0
2870,Shanzeen Shahzad,Hong Kong,Batsman,0,0,731,0,2,0
2871,Roosh Kalaria,Not available,Bowler,0,0,87,28,0,0
2872,A Natubhai Ahir,Not available,Batsman,0,0,323,17,1,0
2873,A Dalzell,Ireland,Bowler,0,52,37,25,0,0
2874,Harsh Tyagi,Not available,Batsman,0,0,276,18,0,0
2875,MK Thakur,Not available,Batsman,0,0,173,24,0,0
2876,SACA King,West Indies,Batsman,0,126,357,8,0,0
2877,IR James,New Zealand,Batsman,0,51,679,0,0,0
2878,NB Cox,Not available,Batsman,0,0,730,0,1,0
2879,NA Rock,Ireland,Batsman,0,7,721,0,1,0
2880,BJ Small,Not available,Bowler,0,0,116,27,0,0
2881,C Chukwuonye,Not available,Batsman,0,0,221,23,0,0
2882,B Bezuidenhout,New Zealand,Batsman,0,266,460,0,2,0
2883,C Dickson,Not available,Batsman,0,0,238,21,0,0
2884,U Shantu,Not available,Bowler,0,0,26,31,0,0
2885,NJ Reardon,Not available,Batsman,0,0,721,0,1,0
2886,K Kartikeya,Not available,Bowler,0,0,18,30,0,0
2887,R Mondol,Not available,Bowler,0,0,39,30,0,0
2888,Ashutosh Aman,Not available,Bowler,0,0,102,27,0,0
2889,EJB Miles,Jersey,Bowler,0,1,20,30,0,0
2890,PC Graham,Not available,Bowler,0,0,70,27,0,0
2891,Shivam Sharma,Canada,Bowler,0,119,24,25,0,0
2892,PA Raikes,Not available,Batsman,0,0,721,0,5,0
2893,LE Bosman,South Africa,Batsman,0,301,419,0,5,0
2894,Asif Afridi,Pakistan,Bowler,4,0,48,28,0,0
2895,JC McNally,Not available,Batsman,0,0,424,13,2,0
2896,C Magaia,Not available,Batsman,0,0,433,13,1,0
2897,A Morris,Not available,Bowler,0,0,30,30,0,0
2898,H Osinde,Canada,Bowler,0,11,11,28,0,0
2899,S Sunday,Not available,Batsman,0,0,695,1,1,0
2900,Manjural Islam Rana,Bangladesh,Batsman,93,251,0,13,2,0
2901,GM Muthui,Not available,Bowler,0,0,12,31,0,0
2902,S Desungnoen,Not available,Batsman,0,0,399,13,0,0
2903,Yashpal Singh,Not available,Batsman,0,0,594,5,4,0
2904,AR Puri,Not available,Bowler,0,0,41,28,0,0
2905,Anand Singh,Not available,Batsman,0,0,541,7,3,0
2906,F Eseigbe,Not available,Batsman,0,0,225,21,0,0
2907,GP Smith,Not available,Batsman,0,0,714,0,5,1
2908,S Shahri,Not available,Batsman,0,0,714,0,2,0
2909,Samjhana Khadka,Not available,Batsman,0,0,713,0,2,0
2910,RL Powell,West Indies,Batsman,23,570,0,4,3,0
2911,Muhammad Saqlain,Hungary,Bowler,0,0,5,31,0,0
2912,Arafat Minhas,Pakistan,Batsman,0,60,202,19,0,0
2913,AS Browning,Not available,Batsman,0,0,258,19,0,0
2914,Himmat Singh,Not available,Batsman,0,0,691,1,3,0
2915,V Baskaran,Not available,Bowler,0,0,53,28,0,0
2916,FY Fazal,India,Batsman,0,55,631,1,2,0
2917,J Lewis,England,Batsman,27,43,1,24,0,0
2918,SW Poynter,Ireland,Batsman,0,74,637,0,1,0
2919,AJ Macleod,Not available,Batsman,0,0,710,0,4,0
2920,Ma Ruike,Not available,Bowler,0,0,59,28,0,0
2921,MV Waldron,Ireland,Batsman,0,290,420,0,1,0
2922,C Chatonzwa,Zimbabwe,Bowler,0,46,58,25,0,0
2923,Manan Ali,Not available,Batsman,0,0,704,0,0,0
2924,OGL Bascome,Not available,Batsman,0,0,554,7,1,0
2925,Bilal Masud,Not available,Batsman,0,0,519,8,2,0
2926,V Shukla,Oman,Batsman,0,312,396,0,2,0
2927,Umair Qasim,Not available,Batsman,0,0,232,20,1,0
2928,K Mungroo,Not available,Bowler,0,0,19,29,0,0
2929,MW Chu,Not available,Batsman,0,0,705,0,2,0
2930,MP Dunn,Not available,Bowler,0,0,10,31,0,0
2931,A van der Merwe,Namibia,Batsman,0,0,701,0,2,0
2932,ARS Silva,Sri Lanka,Batsman,702,0,0,0,5,1
2933,I Khan,Not available,Bowler,0,0,83,27,0,0
2934,S Meghana,India,Batsman,0,114,588,0,4,0
2935,Yasir Khan,Not available,Batsman,0,0,702,0,4,0
2936,M Madara,Sri Lanka,Bowler,0,17,14,26,0,0
2937,Ahmed Aqeel,Not available,Batsman,0,0,574,5,1,0
2938,N Niranjana,India,Batsman,27,24,36,24,0,0
2939,AR Swanepoel,Not available,Batsman,0,0,274,18,0,0
2940,Fabid Ahmed,Not available,Batsman,0,0,218,20,0,0
2941,MPP San,Not available,Batsman,0,0,237,19,0,0
2942,WJ Cope,Not available,Batsman,0,0,326,16,1,0
2943,Tanvir Ahmed,Pakistan,Batsman,170,18,0,19,1,0
2944,OD Hald,Denmark,Bowler,0,0,134,25,0,0
2945,Ada Bhasin,Not available,Batsman,0,0,170,22,0,0
2946,Kasey Aldridge,Not available,Batsman,0,0,226,21,0,0
2947,Govinda Poddar,Not available,Batsman,0,0,438,11,3,0
2948,HP Patel,Not available,Bowler,0,0,4,30,0,0
2949,SP Jones,England,Batsman,96,1,0,21,0,0
2950,VS Halambage,Not available,Batsman,0,0,451,11,4,0
2951,Jalaj S Saxena,Not available,Batsman,0,0,165,23,0,0
2952,PA Reddy,Not available,Batsman,0,0,696,0,3,0
2953,E Toguchi-Quinn,Not available,Bowler,0,0,36,29,0,0
2954,S Ishaque,India,Bowler,0,0,9,30,0,0
2955,SM Whiteman,Not available,Batsman,0,0,695,0,2,0
2956,W Hornero-Garcia,Not available,Batsman,0,0,547,6,4,0
2957,Hamid Mahmood,Not available,Batsman,0,0,300,17,2,0
2958,Isa Zaroo,Not available,Batsman,0,0,605,4,2,0
2959,Shahreeennawab,Not available,Batsman,0,0,375,13,0,1
2960,MA Ouma,Kenya,Batsman,0,468,225,0,1,0
2961,VC Drakes,West Indies,Batsman,75,58,0,19,0,0
2962,MNK Fernando,Sri Lanka,Batsman,0,89,555,2,4,0
2963,M Magagula,Swaziland,Bowler,0,0,103,26,0,0
2964,WT O'Donnell,Not available,Batsman,0,0,594,4,1,0
2965,AC Blizzard,Not available,Batsman,0,0,692,0,3,0
2966,S Loubser,South Africa,Batsman,0,43,58,22,0,0
2967,HA Chohan,Not available,Bowler,0,0,113,25,0,0
2968,Sahil Chauhan,Not available,Batsman,0,0,518,8,1,1
2969,D Mohammed,West Indies,Batsman,157,0,3,19,1,0
2970,A Salomao,Not available,Bowler,0,0,76,25,0,0
2971,Abdullah Akbarjan,Not available,Bowler,0,0,58,28,0,0
2972,Hari Nishaanth,Not available,Batsman,0,0,688,0,4,0
2973,K Awino,Uganda,Batsman,0,0,690,0,2,0
2974,NB Mahwire,Zimbabwe,Batsman,136,40,0,17,1,0
2975,KC Ramamoorthy,Indonesia,Batsman,0,0,498,8,3,0
2976,Sonam,Not available,Bowler,0,0,84,25,0,0
2977,AW McKenzie,Not available,Bowler,0,0,52,28,0,0
2978,KK Donovan,Not available,Batsman,0,0,291,16,0,0
2979,Ghulam Shabber,United Arab Emirates,Batsman,0,444,243,0,5,0
2980,BN Toube,Not available,Batsman,0,0,297,17,0,0
2981,Raghav Dhawan,Not available,Batsman,0,0,662,1,5,0
2982,B Swanepoel,Not available,Batsman,0,0,164,22,1,0
2983,RL Grundy,England,Bowler,0,1,19,28,0,0
2984,S Miyaji,Japan,Batsman,0,0,180,21,0,0
2985,EP Gulbis,Not available,Batsman,0,0,386,12,1,0
2986,FL Walker,Not available,Batsman,0,0,137,23,0,0
2987,GEB Boyce,Not available,Batsman,0,0,683,0,3,0
2988,SW Ambris,West Indies,Batsman,166,473,45,0,2,1
2989,JK Kamande,Kenya,Batsman,0,171,24,18,0,0
2990,TM Johnson,Not available,Batsman,0,0,612,3,4,0
2991,M Gorases,Not available,Batsman,0,0,592,4,0,0
2992,LF Muller,Not available,Batsman,0,0,457,10,1,0
2993,S Maduranga,Not available,Batsman,0,0,223,20,1,0
2994,ZM Tribe,Not available,Batsman,0,0,464,10,1,0
2995,AJ Stewart,England,Batsman,284,398,0,0,6,0
2996,TJ Wells,Not available,Batsman,0,0,598,3,2,0
2997,JLB Davies,Not available,Batsman,0,0,681,0,2,0
2998,Ajay Kumar,United Arab Emirates,Bowler,0,3,8,29,0,0
2999,H Deshan,Not available,Batsman,0,0,407,12,2,0
3000,Waqas Ahmad,Not available,Batsman,0,0,161,23,1,0
3001,Arshad Iqbal,Not available,Bowler,0,0,5,29,0,0
3002,W Sahan,Not available,Batsman,0,0,122,24,0,0
3003,C Raack,Ireland,Batsman,0,1,82,24,0,0
3004,K Ota,Japan,Batsman,0,0,200,19,0,0
3005,Wan Julia,Malaysia,Batsman,0,0,680,0,1,0
3006,CJ Langford,Isle of Man,Batsman,0,0,124,24,0,0
3007,Subashis Roy,Bangladesh,Batsman,14,1,1,23,0,0
3008,Mohammad Shahzad,United Arab Emirates,Batsman,0,49,245,16,2,0
3009,Mohammad Ilyas,Not available,Bowler,0,0,39,28,0,0
3010,Muhammad Musa,Pakistan,Batsman,16,9,59,24,0,0
3011,KK Lin Thu,Myanmar,Batsman,0,0,295,16,1,0
3012,LC Hatcher,Not available,Bowler,0,0,46,27,0,0
3013,V Langiatu,Vanuatu,Batsman,0,0,678,0,2,0
3014,Vasuki Koushik,Not available,Bowler,0,0,7,29,0,0
3015,TE Lawes,Not available,Bowler,0,0,68,26,0,0
3016,Joshua Asia,Not available,Bowler,0,0,5,30,0,0
3017,Shivam Chaudhary,Not available,Batsman,0,0,586,3,4,0
3018,HE Jones,Not available,Bowler,0,0,12,28,0,0
3019,Naveed Ahmed,Czech Republic,Batsman,0,0,109,24,0,0
3020,Pankaj Singh,India,Batsman,10,3,14,23,0,0
3021,Waqas Maqsood,Not available,Bowler,0,0,21,29,0,0
3022,Natalia Pervaiz,Pakistan,Batsman,0,294,239,6,1,0
3023,L Yamamoto-Lake,Not available,Batsman,0,0,675,0,2,1
3024,CT Dhururu,Zimbabwe,Batsman,0,221,453,0,1,0
3025,SC Taylor,England,Batsman,424,77,173,0,5,1
3026,AB Kamara,Sierra Leone,Batsman,0,0,285,17,0,0
3027,Z Burgess,Not available,Bowler,0,0,75,25,0,0
3028,D Norotam,Not available,Batsman,0,0,673,0,4,0
3029,HB Dickson,Not available,Batsman,0,0,446,9,3,1
3030,JKC Claxton,West Indies,Batsman,0,139,139,16,0,0
3031,TMK Mawoyo,Zimbabwe,Batsman,615,58,0,0,3,1
3032,JL Savage,Not available,Batsman,0,0,225,19,0,0
3033,IR Jaggi,Not available,Batsman,0,0,672,0,4,0
3034,JA Fitzgerald,Gibraltar,Batsman,0,0,364,12,0,0
3035,Lakshit Gupta,Not available,Batsman,0,0,597,3,3,0
3036,DNT Zoysa,Sri Lanka,Batsman,0,36,11,24,0,0
3037,I Niyomugabo,Not available,Batsman,0,0,671,0,1,0
3038,PC Valthaty,Not available,Batsman,0,0,505,7,2,1
3039,M Tharupathi,Not available,Batsman,0,0,150,23,0,0
3040,S MacMahon,Ireland,Batsman,0,108,47,20,0,0
3041,PF Gallagher,Finland,Batsman,0,0,165,22,0,0
3042,Hazratullah,Not available,Batsman,0,0,669,0,7,0
3043,HM Omary,Tanzania,Batsman,0,0,667,0,2,0
3044,EI MacGregor,Not available,Bowler,0,0,5,30,0,0
3045,C Wickramasinghe,Sri Lanka,Batsman,0,58,395,9,2,0
3046,Imal Zuwak,Not available,Batsman,0,0,667,0,3,0
3047,Mehedi Maruf,Not available,Batsman,0,0,668,0,3,0
3048,D Mongia,India,Batsman,0,325,38,11,1,0
3049,Saurabh Kumar,Not available,Batsman,0,0,115,23,0,0
3050,CS Nascimento,Not available,Batsman,0,0,110,24,0,0
3051,AM Guruge,United Arab Emirates,Bowler,0,14,5,28,0,0
3052,R Shukla,Not available,Bowler,0,0,37,27,0,0
3053,CT Mumba,Zimbabwe,Batsman,25,32,39,20,0,0
3054,MR Aguilleira,West Indies,Batsman,0,323,342,0,0,0
3055,M Corazon,Not available,Batsman,0,0,574,4,3,0
3056,J Kila,Papua New Guinea,Batsman,0,159,152,14,0,0
3057,Muktar Ali,Not available,Batsman,0,0,256,16,0,0
3058,NN Gilchrist,Not available,Bowler,0,0,25,29,0,0
3059,JM De Caires,Not available,Batsman,0,0,339,14,1,0
3060,Sibsankar Roy,Not available,Batsman,0,0,528,6,4,0
3061,Aryan Lakra,United Arab Emirates,Batsman,0,387,54,8,4,0
3062,RT Arothe,Not available,Bowler,0,0,12,28,0,0
3063,S Smale,Not available,Batsman,0,0,662,0,1,0
3064,SC Cook,South Africa,Batsman,632,0,28,0,2,3
3065,T Gwandu,Zimbabwe,Bowler,20,6,16,25,0,0
3066,R Baaleri,Not available,Batsman,0,0,265,18,1,0
3067,L Steenkamp,Namibia,Batsman,0,330,331,0,6,0
3068,Z Groenewald,Namibia,Bowler,0,4,83,25,1,0
3069,Akhil Anil,Not available,Batsman,0,0,222,19,1,0
3070,Dilara Akter,Bangladesh,Batsman,0,21,639,0,1,0
3071,S Jafta,South Africa,Batsman,36,452,172,0,1,0
3072,Alauddin Babu,Not available,Batsman,0,0,156,22,0,0
3073,M Yunusu Issa,Not available,Batsman,0,0,203,20,0,0
3074,E Mathew,Not available,Batsman,0,0,219,19,0,0
3075,Zeerak Chughtai,Not available,Batsman,0,0,191,21,0,0
3076,R Samson,Not available,Bowler,0,0,25,27,0,0
3077,Kim Daeyeon,South Korea,Batsman,0,0,212,20,0,0
3078,PE Kulume,Not available,Batsman,0,0,203,19,0,0
3079,H Silver-holmes,Not available,Batsman,0,0,114,23,0,0
3080,T Mishra,Kenya,Batsman,0,395,261,0,4,0
3081,TG McIntosh,New Zealand,Batsman,657,0,0,0,4,1
3082,I Pandey,Nepal,Batsman,0,201,321,6,3,0
3083,Yasir Mohammad,United States of America,Bowler,0,5,24,27,0,0
3084,ACF Stokes,Guernsey,Bowler,0,0,28,28,0,0
3085,G Wetherall,Not available,Batsman,0,0,257,17,1,0
3086,FDW McCreath,Scotland,Batsman,0,561,94,0,3,1
3087,B George,Not available,Batsman,0,0,620,1,3,1
3088,Mohammad Aadil Alam,Nepal,Batsman,0,70,215,15,0,0
3089,WK McCallan,Ireland,Batsman,0,101,11,21,0,0
3090,JFA Field,Not available,Bowler,0,0,35,27,0,0
3091,AJ Redmond,New Zealand,Batsman,227,152,176,4,3,0
3092,Adnan Akmal,Pakistan,Batsman,591,62,0,0,3,0
3093,JJG Sales,Not available,Bowler,0,0,64,26,0,0
3094,AS Raut,Not available,Batsman,0,0,394,10,0,0
3095,BYA Mendis,Sri Lanka,Batsman,0,147,502,0,1,0
3096,PG Dooley,Not available,Bowler,0,0,54,26,0,0
3097,VRV Singh,India,Batsman,47,8,4,20,0,0
3098,A Venkatesh,Sweden,Batsman,0,0,278,17,1,0
3099,RH Patel,Not available,Bowler,0,0,25,26,0,0
3100,K Thuchila,Not available,Bowler,0,0,4,28,0,0
3101,M Uwase,Not available,Batsman,0,0,650,0,2,0
3102,M Spoors,Canada,Batsman,0,154,348,6,1,1
3103,V Pyke,Not available,Batsman,0,0,249,15,0,0
3104,Utkarsh Jain,Not available,Bowler,0,0,73,25,0,0
3105,SS Prabhudessai,Not available,Batsman,0,0,592,2,1,0
3106,D Panda,Not available,Batsman,0,0,246,18,1,0
3107,DP Hyatt,West Indies,Batsman,0,112,445,4,0,0
3108,P Catton,Not available,Batsman,0,0,533,5,4,0
3109,ML Castillo,Not available,Batsman,0,0,187,21,0,0
3110,S Kato,Not available,Batsman,0,0,255,15,0,0
3111,S Singh,Not available,Batsman,0,0,647,0,1,0
3112,PLS Gamage,Sri Lanka,Batsman,6,4,0,19,0,0
3113,E Claridge,United States of America,Batsman,0,79,568,0,2,0
3114,JAR Harris,Not available,Batsman,0,0,68,24,0,0
3115,Zaheer Zahiri,Not available,Batsman,0,0,99,24,0,0
3116,EB Ringera,Kenya,Bowler,0,0,21,27,0,0
3117,JHK Adams,Not available,Batsman,0,0,646,0,5,0
3118,Arslan Amjad,Not available,Batsman,0,0,380,12,2,0
3119,Milad Momend,Not available,Bowler,0,0,14,28,0,0
3120,W Luxton,Not available,Batsman,0,0,645,0,3,0
3121,J Symes,Not available,Batsman,0,0,399,11,2,0
3122,W Peatfield,Guernsey,Bowler,0,0,14,28,0,0
3123,Wasim Ali,Oman,Batsman,0,175,247,9,1,0
3124,Rajat Paliwal,Not available,Batsman,0,0,521,5,1,0
3125,JA Davies,Not available,Batsman,0,0,209,19,0,0
3126,R MacBeth,Not available,Batsman,0,0,64,24,0,0
3127,SM Nash,Not available,Batsman,0,0,93,24,0,0
3128,A Singh,Not available,Bowler,0,0,2,28,0,0
3129,A Krishna,Singapore,Bowler,0,0,42,27,0,0
3130,E Jones,Not available,Batsman,0,0,445,8,0,0
3131,SM Sharma,United Arab Emirates,Batsman,0,130,12,20,0,0
3132,TH Aspinwall,Not available,Bowler,0,0,50,26,0,0
3133,Lucky Ali,Not available,Batsman,0,0,183,20,0,0
3134,BA Bhatt,Not available,Bowler,0,0,25,25,0,0
3135,RO Hinds,West Indies,Batsman,203,8,0,11,0,0
3136,A Wright,Not available,Bowler,0,0,13,27,0,0
3137,BW Aitchison,Not available,Bowler,0,0,52,26,0,0
3138,LL Htun,Not available,Batsman,0,0,159,20,0,0
3139,BD Walters,Not available,Batsman,0,0,43,24,0,0
3140,TM Dowlin,West Indies,Batsman,343,228,68,0,4,1
3141,Y Cariah,West Indies,Batsman,0,93,85,17,2,0
3142,A Reyes,Gibraltar,Batsman,0,0,185,20,0,0
3143,AW Gorvin,Not available,Batsman,0,0,100,23,0,0
3144,CD de Lange,Scotland,Batsman,0,65,34,23,0,0
3145,C Udekwe,Not available,Bowler,0,0,36,26,0,0
3146,AK Mohan,Finland,Batsman,0,0,639,0,5,0
3147,XSD Smith,Not available,Batsman,0,0,190,20,1,0
3148,Akhil Kumar,Canada,Batsman,0,123,41,19,0,0
3149,Delawar Khan,Not available,Batsman,0,0,221,18,0,0
3150,JO Penfold,Not available,Batsman,0,0,113,23,0,0
3151,RS Second,Not available,Batsman,0,0,637,0,2,0
3152,Sameer Rizvi,Not available,Batsman,0,0,637,0,4,0
3153,WT Root,Not available,Batsman,0,0,634,0,0,0
3154,O Mondlane,Not available,Batsman,0,0,306,14,1,0
3155,Harmeet Singh,Not available,Bowler,0,0,18,26,0,0
3156,CWJ Allison,Not available,Batsman,0,0,636,0,4,0
3157,G Kennedy,Not available,Batsman,0,0,178,20,0,0
3158,S Vesawkar,Nepal,Batsman,0,62,475,4,1,0
3159,D Koralalage,Not available,Bowler,0,0,57,25,0,0
3160,R Dhakal,Nepal,Bowler,0,5,31,25,0,0
3161,AR White,Ireland,Batsman,0,301,95,9,0,0
3162,Aaron Beard,Not available,Bowler,0,0,56,25,0,0
3163,Ahmed Hassan,Not available,Batsman,0,0,634,0,2,0
3164,Khawaja Nafay,Not available,Batsman,0,0,633,0,6,0
3165,NK Aneesh Kumar,Not available,Batsman,0,0,52,24,0,0
3166,DS Bajwa,Canada,Batsman,0,108,444,3,4,0
3167,TL Chivanga,Zimbabwe,Batsman,71,20,0,18,0,0
3168,Muhammad Muneeb,Not available,Batsman,0,0,632,0,4,0
3169,W Boshoff,Not available,Batsman,0,0,632,0,2,0
3170,Waseem Yaqoob,Not available,Batsman,0,0,151,22,0,0
3171,Monu Kumar,Not available,Bowler,0,0,37,26,0,0
3172,LF Boucher,Not available,Batsman,0,0,201,18,0,0
3173,K Juma,Not available,Bowler,0,0,6,28,0,0
3174,M Mani,India,Batsman,0,54,34,23,0,0
3175,R Gunasekera,Canada,Batsman,0,255,376,0,6,0
3176,A Turkmen,Not available,Batsman,0,0,281,14,2,0
3177,M Podosky,Not available,Batsman,0,0,551,3,1,1
3178,D Smit,Not available,Batsman,0,0,456,7,0,0
3179,SM Fallah,Not available,Bowler,0,0,5,26,0,0
3180,GC Bhogle,United States of America,Batsman,0,82,500,2,0,0
3181,OE Taylor,Not available,Bowler,0,0,61,26,0,0
3182,LK Ebsary,Australia,Batsman,24,23,524,2,1,0
3183,Vishal Kushwah,Not available,Batsman,0,0,309,14,1,0
3184,Ahmed Daniyal,Not available,Batsman,0,0,84,23,0,0
3185,LJ Myott,Not available,Bowler,0,0,32,26,0,0
3186,Shivam Chauhan,Not available,Batsman,0,0,627,0,3,0
3187,AS Samra,Not available,Batsman,0,0,620,0,3,1
3188,A Simelane,Not available,Batsman,0,0,130,22,0,0
3189,R Immadi,Not available,Batsman,0,0,199,17,0,0
3190,S Colombage,Not available,Bowler,0,0,67,25,0,0
3191,S Campbell,Australia,Batsman,0,0,19,24,0,0
3192,IC Porel,Not available,Bowler,0,0,2,27,0,0
3193,H Venkataram,Not available,Batsman,0,0,148,21,0,0
3194,R Obuya,Not available,Batsman,0,0,624,0,4,0
3195,RSM Lili'i,Samoa,Batsman,0,0,308,14,0,0
3196,AN Lascu,Not available,Batsman,0,0,462,7,3,0
3197,Utkarsh Singh,Not available,Batsman,0,0,174,20,0,0
3198,Ahsan Ali,Not available,Batsman,0,0,601,1,4,0
3199,S Fouch√©,Namibia,Batsman,0,261,43,13,2,0
3200,Ihsanullah,Pakistan,Bowler,0,0,0,27,0,0
3201,IT Guha,England,Batsman,65,0,0,21,0,0
3202,ROC Dunka,Not available,Batsman,0,0,122,21,0,0
3203,JL Finnie,Not available,Batsman,0,0,541,3,1,0
3204,CD Wallace,Scotland,Batsman,0,515,104,0,4,0
3205,Nonoha Yasumoto,Not available,Bowler,0,0,11,26,0,0
3206,C Tear,Scotland,Batsman,0,489,129,0,4,0
3207,CB Wishart,Zimbabwe,Batsman,257,361,0,0,1,1
3208,M Manhas,Not available,Batsman,0,0,611,0,0,0
3209,JJ Davidson,Scotland,Batsman,0,47,7,23,0,0
3210,CB Roposo,Not available,Batsman,0,0,95,23,0,0
3211,M Mpongwana,South Africa,Batsman,0,1,189,19,0,0
3212,Muhammad Fahad,Not available,Batsman,0,0,380,10,2,1
3213,NH Berejo,Not available,Batsman,0,0,322,13,0,0
3214,Shoaib Rafiq,Not available,Batsman,0,0,76,24,0,0
3215,Muhammad Moiz,Not available,Batsman,0,0,124,22,0,0
3216,NJ Browne,New Zealand,Batsman,0,143,122,14,1,0
3217,Sameen Gul,Not available,Bowler,0,0,10,26,0,0
3218,A Adekunle,Not available,Batsman,0,0,119,21,0,0
3219,Mirab Razwan,Not available,Batsman,0,0,55,24,0,0
3220,CMW Read,England,Batsman,254,156,205,0,1,0
3221,GJ Muchall,Not available,Batsman,0,0,615,0,0,0
3222,TL Moreki,South Africa,Batsman,15,0,22,22,0,0
3223,Zubayr Hamza,South Africa,Batsman,307,56,252,0,4,0
3224,Shashank Chandrakar,Not available,Batsman,0,0,614,0,5,0
3225,Rahul Singh,Not available,Batsman,0,0,613,0,4,0
3226,Saud Munir,Not available,Bowler,0,0,25,26,0,0
3227,A Surenkumar,Not available,Batsman,0,0,206,17,0,0
3228,ATE Hazeldine,Not available,Batsman,0,0,65,23,0,0
3229,Shahid Wasif,Hong Kong,Batsman,0,60,552,0,3,0
3230,A Hlubi,South Africa,Batsman,6,15,7,22,0,0
3231,Zawar Farid,United Arab Emirates,Batsman,0,132,206,11,1,0
3232,Tamoor Sajjad,Qatar,Batsman,0,0,348,11,1,0
3233,VS Padhaal,Finland,Batsman,0,0,610,0,2,0
3234,Jubair Hossain,Bangladesh,Batsman,13,5,1,22,0,0
3235,A Nanda,Not available,Batsman,0,0,62,23,0,0
3236,KC D'Souza,Not available,Batsman,0,0,535,3,2,0
3237,Shahab Alam,Not available,Bowler,0,0,27,25,0,0
3238,A Savvani,Not available,Batsman,0,0,145,19,0,0
3239,D Khanal,Nepal,Batsman,0,329,274,0,4,0
3240,R van Tonder,South Africa,Batsman,64,0,544,0,1,0
3241,Samarth Singh,Not available,Batsman,0,0,609,0,4,0
3242,J Groves,Not available,Batsman,0,0,118,21,0,0
3243,LI Georgeson,Not available,Batsman,0,0,249,16,1,0
3244,K Oala,Papua New Guinea,Batsman,0,40,442,5,1,1
3245,Abhay Negi,Not available,Batsman,0,0,173,18,1,0
3246,C Uwase,Not available,Batsman,0,0,608,0,1,0
3247,DJ Harris,Not available,Batsman,0,0,462,6,0,0
3248,Mujeeb-ur-Rehman,Qatar,Batsman,0,0,134,20,0,0
3249,Sheikh Rasik,Hungary,Batsman,0,0,413,8,3,1
3250,KL Coppack,Not available,Batsman,0,0,83,21,0,0
3251,KS Bagabena,Ghana,Batsman,0,0,117,20,0,0
3252,Nihaduzzaman,Not available,Batsman,0,0,45,23,0,0
3253,Fariha Trisna,Bangladesh,Batsman,0,1,5,24,0,0
3254,Danyal Raja,Not available,Batsman,0,0,125,20,0,0
3255,Erika Oda,Not available,Batsman,0,0,606,0,1,0
3256,J Mees,Not available,Batsman,0,0,606,0,3,0
3257,K Amuge,Not available,Bowler,0,0,1,27,0,0
3258,Khurram Chohan,Canada,Batsman,0,77,14,21,0,0
3259,SB Odedra,England,Batsman,2,0,119,20,0,0
3260,Sidra Nawaz,Pakistan,Batsman,0,441,164,0,0,0
3261,GA Edwards,Not available,Bowler,0,0,3,27,0,0
3262,Paing Danu,Myanmar,Batsman,0,0,204,17,1,0
3263,Anwar Rahman,Malaysia,Bowler,0,0,17,26,0,0
3264,Izaz Ali,Not available,Batsman,0,0,235,16,1,0
3265,GP Tom,Papua New Guinea,Batsman,0,54,18,21,0,0
3266,T Taylor,Not available,Batsman,0,0,103,22,0,0
3267,T Munyonga,Zimbabwe,Batsman,0,145,382,3,0,0
3268,AA Navicha,Not available,Batsman,0,0,323,12,0,0
3269,Zaki Ul Hassan,Not available,Bowler,0,0,23,26,0,0
3270,J Baguma,Not available,Bowler,0,0,40,25,0,0
3271,CP Singh,Not available,Batsman,0,0,114,21,0,0
3272,RI Walker,Not available,Batsman,0,0,54,24,0,0
3273,RL Jangid,Not available,Batsman,0,0,235,15,0,0
3274,Karuna Bhandari,Nepal,Bowler,0,0,30,25,0,0
3275,Yves Cyusa,Not available,Batsman,0,0,189,18,0,0
3276,Amit Verma,Not available,Batsman,0,0,446,6,0,1
3277,A Yon,St Helena,Batsman,0,0,268,15,3,0
3278,N Faltum,Not available,Batsman,0,0,599,0,1,0
3279,C Fortuin,South Africa,Batsman,23,0,575,0,2,0
3280,NP Dalgaard,Not available,Batsman,0,0,100,21,0,0
3281,A Mgijima,Not available,Batsman,0,0,345,11,1,0
3282,AR Reakes,Not available,Batsman,0,0,520,3,0,0
3283,W Moutswi,Not available,Batsman,0,0,171,18,0,0
3284,A Zimunu,Zimbabwe,Batsman,0,104,83,14,0,0
3285,Arshad Khan,Not available,Batsman,0,0,163,18,1,0
3286,H Birkett,Not available,Batsman,0,0,65,22,0,0
3287,PK Garg,Not available,Batsman,0,0,595,0,4,0
3288,S Midhun,Not available,Batsman,0,0,23,24,0,0
3289,A Kato-Stafford,Not available,Batsman,0,0,321,12,2,0
3290,PTM Dabare,Not available,Batsman,0,0,318,12,1,0
3291,Shashikant Laxman,Not available,Batsman,0,0,178,18,1,0
3292,S Godara,Not available,Batsman,0,0,94,22,0,0
3293,A Fujikawa,Not available,Batsman,0,0,71,22,0,0
3294,S Walaza,Not available,Batsman,0,0,31,23,0,0
3295,Zaker Taqawi,Not available,Bowler,0,0,47,25,0,0
3296,Rinitha Rajith,United Arab Emirates,Batsman,0,147,423,1,2,0
3297,A Galan,Not available,Batsman,0,0,103,21,0,0
3298,SA Asnodkar,Not available,Batsman,0,0,592,0,3,0
3299,Arun Yadav,Not available,Batsman,0,0,438,7,2,0
3300,Viktoria Frey,Not available,Batsman,0,0,141,19,0,0
3301,Lokesh Bam,Not available,Batsman,0,0,570,1,2,0
3302,H Lin Aung,Myanmar,Batsman,0,0,208,16,0,0
3303,Muhammad Jabir,Not available,Bowler,0,0,4,25,0,0
3304,Chintan Gaja,Not available,Batsman,0,0,43,24,0,0
3305,KA Tomlinson,Not available,Batsman,0,0,590,0,1,0
3306,Ayaz Dadabhai,Not available,Batsman,0,0,161,19,0,0
3307,TR Sadhu,India,Batsman,0,9,3,23,0,0
3308,E Anyipo,Not available,Batsman,0,0,93,20,0,0
3309,CJ Alexander,Not available,Batsman,0,0,23,24,0,0
3310,GK Atkinson,Not available,Batsman,0,0,418,7,1,0
3311,JJ Carson,Not available,Batsman,0,0,140,20,0,0
3312,P Sarraf,Nepal,Batsman,0,72,216,11,0,0
3313,J Mulder,Ireland,Batsman,0,0,30,24,0,0
3314,WL Coetsee,Not available,Batsman,0,0,173,16,0,0
3315,Niv Nagavkar,Israel,Batsman,0,0,325,10,1,0
3316,KN Chaddha,Not available,Batsman,0,0,452,6,2,0
3317,YS Chauhan,Not available,Batsman,0,0,520,3,3,0
3318,L Maritz,Ireland,Batsman,0,31,70,20,0,0
3319,A Perera,Not available,Batsman,0,0,316,12,0,0
3320,Wang Huiying,Not available,Batsman,0,0,187,16,1,0
3321,M Vervitsioti,Not available,Batsman,0,0,61,22,0,0
3322,N Brand,South Africa,Batsman,66,0,92,18,0,0
3323,L Little,Ireland,Batsman,0,82,179,11,0,0
3324,KM Asif,Not available,Bowler,0,0,1,25,0,0
3325,Harishankar Reddy,Not available,Batsman,0,0,30,24,0,0
3326,P Malav,Not available,Batsman,0,0,29,24,0,0
3327,V Mansale,Not available,Batsman,0,0,42,23,0,0
3328,Writtick Chatterjee,Not available,Batsman,0,0,237,15,1,0
3329,J Shaju,Not available,Bowler,0,0,10,25,0,0
3330,RWT Key,England,Batsman,153,36,394,0,4,0
3331,R Kalimuthu,Not available,Bowler,0,0,27,25,0,0
3332,U Aryaman Sunil,Not available,Batsman,0,0,191,16,0,0
3333,Dikshanshu Negi,Not available,Batsman,0,0,318,11,1,0
3334,EG Fazackerley,Not available,Batsman,0,0,477,4,2,0
3335,I Wardlaw,Scotland,Batsman,0,18,7,22,0,0
3336,JM Holland,Australia,Batsman,6,0,11,18,0,0
3337,R Padunglerd,Thailand,Batsman,0,0,83,21,0,0
3338,K Nestor,Not available,Batsman,0,0,216,15,0,0
3339,E Hayward,Not available,Batsman,0,0,50,21,0,0
3340,JD Cook,Not available,Batsman,0,0,21,24,0,0
3341,Kainat Imtiaz,Pakistan,Batsman,0,115,130,12,0,0
3342,CJPF Kalugamage,Not available,Batsman,0,0,30,24,0,0
3343,DJ Muthuswami,Not available,Bowler,0,0,5,26,0,0
3344,AJ Doolan,Australia,Batsman,191,0,388,0,2,0
3345,M Louis,West Indies,Batsman,369,0,210,0,4,0
3346,S Venkataraman,United Arab Emirates,Batsman,0,0,74,22,0,0
3347,F Chipare,Zimbabwe,Batsman,0,31,21,20,0,0
3348,P Agboya,Not available,Batsman,0,0,99,21,0,0
3349,M Budaza,Not available,Bowler,0,0,6,25,0,0
3350,KA Knight,New Zealand,Batsman,0,1,90,20,0,0
3351,Saim Hussain,Not available,Batsman,0,0,577,0,4,1
3352,AV Lalcheta,Oman,Batsman,0,18,114,18,0,0
3353,DL Hemp,Bermuda,Batsman,0,268,298,0,5,0
3354,OAC Banks,West Indies,Batsman,108,45,0,13,0,0
3355,TS Nethula,New Zealand,Batsman,0,12,35,22,0,0
3356,KS Airee,Nepal,Batsman,0,27,35,22,0,0
3357,Rejaur Rahman,Not available,Batsman,0,0,35,23,0,0
3358,S Bhari,Nepal,Batsman,0,22,1,23,0,0
3359,CJ Simmons,Not available,Batsman,0,0,501,3,0,2
3360,A Turay,Not available,Batsman,0,0,320,12,0,0
3361,Ilyas Ataullah,Not available,Batsman,0,0,311,11,1,0
3362,A Manohar,Not available,Batsman,0,0,574,0,2,0
3363,GP Thorpe,England,Batsman,544,30,0,0,5,1
3364,RJ Kirtley,England,Batsman,29,0,2,19,0,0
3365,AL Mundundo,Not available,Batsman,0,0,180,17,0,0
3366,Raaz Mohammad,Not available,Batsman,0,0,26,24,0,0
3367,HW Podmore,Not available,Batsman,0,0,37,23,0,0
3368,MA Nyabela,Not available,Batsman,0,0,92,20,0,0
3369,JB Reva,Papua New Guinea,Batsman,0,15,38,22,0,0
3370,Xu Qian,Not available,Batsman,0,0,72,21,0,0
3371,F Stoman,Not available,Batsman,0,0,128,19,0,0
3372,M Zhu,China,Batsman,0,0,288,11,1,0
3373,CP Savage,Not available,Batsman,0,0,286,12,1,0
3374,Muhammad Kashif,Kuwait,Batsman,0,0,268,13,1,0
3375,ID Blackwell,England,Batsman,4,146,0,13,0,0
3376,DA Griffiths,Not available,Batsman,0,0,34,23,0,0
3377,SG Satghare,India,Batsman,29,2,23,21,0,0
3378,AR Easwaran,Not available,Batsman,0,0,569,0,3,1
3379,LA McBride,Ireland,Batsman,0,2,3,24,0,0
3380,AM Zepeda,Not available,Batsman,0,0,364,7,2,0
3381,BP Martin,New Zealand,Batsman,74,0,0,12,0,0
3382,Rakibul Hasan,Not available,Batsman,0,0,83,20,0,0
3383,AW O'Brien,Not available,Batsman,0,0,68,21,0,0
3384,Nik Nur Atiela,Not available,Batsman,0,0,22,24,0,0
3385,Aditya Kaushik,Not available,Batsman,0,0,567,0,4,0
3386,JD Vandiar,Not available,Batsman,0,0,567,0,3,0
3387,G Snyman,Namibia,Batsman,0,5,162,16,1,0
3388,JB Abega,Not available,Batsman,0,0,65,22,0,0
3389,Saqlain Sajib,Not available,Batsman,0,0,29,22,0,0
3390,CT Mutombodzi,Zimbabwe,Batsman,41,122,113,10,0,0
3391,JE Poysden,Not available,Batsman,0,0,13,23,0,0
3392,P Dubey,Not available,Batsman,0,0,123,19,0,0
3393,I van der Woning,Netherlands,Batsman,0,13,9,22,0,0
3394,TP Visee,Netherlands,Batsman,0,72,491,0,3,0
3395,TS Fray,Bermuda,Batsman,0,0,563,0,2,0
3396,M Choamba,Not available,Batsman,0,0,170,17,0,0
3397,D Muhumuza,Uganda,Batsman,0,0,323,10,2,0
3398,Sultan Ahmed,United Arab Emirates,Batsman,0,18,60,20,0,0
3399,I Dulani,Sri Lanka,Batsman,0,142,420,0,4,1
3400,GP Meade,Italy,Batsman,0,0,350,9,1,0
3401,M Joshi,India,Batsman,0,20,21,20,0,0
3402,DB Loic,Not available,Batsman,0,0,139,18,0,0
3403,Joyleen Kaur,Not available,Batsman,0,0,17,24,0,0
3404,Mukhtar Hussain,Not available,Batsman,0,0,54,22,0,0
3405,DK Shetty,Not available,Batsman,0,0,29,23,0,0
3406,KB Arun Karthik,Not available,Batsman,0,0,560,0,3,0
3407,SB Davey,Not available,Batsman,0,0,114,19,0,0
3408,Luka Woods,Not available,Batsman,0,0,341,9,0,1
3409,AIV Benatar,Not available,Batsman,0,0,243,14,2,0
3410,Ashish Yadav,Not available,Batsman,0,0,228,14,1,0
3411,JPR Scantlebury-Searles,Not available,Batsman,0,0,186,16,0,0
3412,I Manack,Not available,Batsman,0,0,71,19,0,0
3413,M Shiraz,Sri Lanka,Batsman,0,1,48,22,0,0
3414,JS Foster,England,Batsman,73,0,484,0,1,0
3415,R Shimwamana,Not available,Batsman,0,0,41,21,0,0
3416,Gayan Munaweera,Qatar,Batsman,0,0,89,20,0,0
3417,SF Burger,Namibia,Batsman,0,11,300,9,1,0
3418,Abdul-Shakoor Rahimzei,Germany,Batsman,0,0,287,12,1,0
3419,Nazimuddin,Bangladesh,Batsman,125,147,284,0,2,0
3420,Ritik Tomar,Not available,Batsman,0,0,336,9,0,0
3421,T Hinds,Not available,Batsman,0,0,64,21,0,0
3422,NRT Gubbins,Not available,Batsman,0,0,530,1,1,0
3423,NR Hobson,Not available,Batsman,0,0,554,0,0,0
3424,LS Barkania,Not available,Batsman,0,0,14,24,0,0
3425,Rafiullah,Not available,Batsman,0,0,265,12,0,0
3426,S Thanikaithasan,Denmark,Batsman,0,0,458,4,1,0
3427,Tashi Phuntsho,Not available,Batsman,0,0,129,19,0,0
3428,JA Prestwidge,Not available,Batsman,0,0,149,17,0,0
3429,L Keny,United Arab Emirates,Batsman,0,112,248,9,0,0
3430,Nadeem Khan,Oman,Batsman,0,17,69,20,0,0
3431,TB Sole,Scotland,Batsman,0,38,160,13,0,0
3432,JK Vifah,Ghana,Batsman,0,0,413,6,1,0
3433,Divyang Hinganekar,Not available,Batsman,0,0,119,19,0,0
3434,Tenjin Rabgey,Not available,Batsman,0,0,526,1,4,0
3435,BJ Horne,Not available,Batsman,0,0,507,2,2,0
3436,RM Pyrah,Not available,Batsman,0,0,83,20,0,0
3437,V Lahiru,Not available,Batsman,0,0,135,18,0,0
3438,Amir Farooq,Not available,Batsman,0,0,87,20,0,0
3439,C White,England,Batsman,145,79,0,12,1,0
3440,Mohammad Khan Rafah,Not available,Batsman,0,0,116,20,0,0
3441,Muhammad Siddiqui,Not available,Batsman,0,0,248,13,0,0
3442,JV Chand,Not available,Batsman,0,0,318,10,0,0
3443,TAR Scriven,Not available,Batsman,0,0,110,19,0,0
3444,Zain Ahmad,Not available,Batsman,0,0,194,16,1,0
3445,M Valner,Not available,Batsman,0,0,39,22,0,0
3446,S Dhadwal,Not available,Batsman,0,0,192,15,0,0
3447,HAM Samuddika,Sri Lanka,Batsman,0,67,13,18,0,0
3448,Shahid Nazir,Pakistan,Batsman,84,0,0,16,0,0
3449,Rongsen Jonathan,Not available,Batsman,0,0,493,2,3,0
3450,M Chadha,Not available,Batsman,0,0,371,8,2,0
3451,AR Naidoo,Not available,Batsman,0,0,544,0,1,0
3452,Murid Ekrami,Not available,Batsman,0,0,79,20,0,0
3453,GRD Munasinghe,Italy,Batsman,0,0,6,24,0,0
3454,JJC Lawson,West Indies,Batsman,23,11,0,19,0,0
3455,E Kubwimana,Not available,Batsman,0,0,35,22,0,0
3456,MK Amusa,Not available,Batsman,0,0,219,14,0,0
3457,R Ntozakhe,South Africa,Batsman,0,8,0,18,0,0
3458,A Price,Not available,Batsman,0,0,86,19,0,0
3459,Ubaid Shah,Pakistan,Batsman,0,0,26,22,0,0
3460,Qanita Jalil,Pakistan,Batsman,0,32,137,13,0,0
3461,Tayyab Tahir,Pakistan,Batsman,0,181,364,0,1,0
3462,Lata Mondal,Bangladesh,Batsman,0,170,236,4,0,0
3463,Mirza Baig,Not available,Batsman,0,0,476,3,2,0
3464,MT Foster,Not available,Batsman,0,0,10,24,0,0
3465,EO Leonard,Not available,Batsman,0,0,12,24,0,0
3466,SSM Stanislaus,Not available,Batsman,0,0,521,1,1,0
3467,Gurpratap Singh,Not available,Batsman,0,0,187,16,1,0
3468,JA Tattersall,Not available,Batsman,0,0,542,0,1,0
3469,V Ooko,Kenya,Batsman,0,0,442,4,1,0
3470,Zabiullah Zahid,Not available,Batsman,0,0,111,18,0,0
3471,NSS Sharma,Not available,Batsman,0,0,1,24,0,0
3472,A Neill,Scotland,Batsman,0,29,0,21,0,0
3473,M Khojbariya,Not available,Batsman,0,0,189,15,0,0
3474,NK Tiwari,Not available,Batsman,0,0,190,15,0,0
3475,Mehrab Hossain jnr,Bangladesh,Batsman,102,183,71,5,1,0
3476,L Bonner,Not available,Batsman,0,0,142,18,1,0
3477,SM Tupou,Fiji,Batsman,0,0,181,16,0,0
3478,R Trenaman,Not available,Batsman,0,0,444,4,0,0
3479,D Foerster,Namibia,Batsman,0,0,129,17,0,0
3480,AJ Mosca,Not available,Batsman,0,0,539,0,4,0
3481,B Khumalo,Not available,Batsman,0,0,28,21,0,0
3482,D Nanayakkara,Not available,Batsman,0,0,286,10,2,0
3483,IA De Silva,Not available,Batsman,0,0,539,0,4,0
3484,Syeda Aroob Shah,Pakistan,Batsman,0,60,21,17,0,0
3485,CD Hinchliffe,Not available,Batsman,0,0,98,19,0,0
3486,Hiten Dalal,Not available,Batsman,0,0,516,1,3,0
3487,LJ Woodcock,New Zealand,Batsman,0,14,198,13,1,0
3488,US Hathinjar,Not available,Batsman,0,0,472,3,3,0
3489,BF Mailata,Samoa,Batsman,0,0,350,8,1,0
3490,Upendra Yadav,Not available,Batsman,0,0,537,0,3,0
3491,KDK Vithanage,Sri Lanka,Batsman,370,75,40,1,1,1
3492,Amir Hayat,United Arab Emirates,Batsman,0,31,3,20,0,0
3493,EC Rainsford,Zimbabwe,Batsman,0,31,1,16,0,0
3494,CPPM Sadun,Not available,Batsman,0,0,289,10,1,0
3495,Edward Fleming,Not available,Batsman,0,0,81,20,0,0
3496,Dylan Steyn,Not available,Batsman,0,0,535,0,2,1
3497,K Senamontree,Thailand,Batsman,0,0,50,21,0,0
3498,Muhammad Nadeem,South Korea,Batsman,0,0,220,14,1,0
3499,NE Mbhalati,Not available,Batsman,0,0,9,22,0,0
3500,S Milenko,Not available,Batsman,0,0,333,9,1,0
3501,EAS Ferrary,Not available,Batsman,0,0,154,17,1,0
3502,P Thongsa,Not available,Batsman,0,0,159,17,0,0
3503,Jake Egan,Not available,Batsman,0,0,533,0,3,0
3504,V Jatinder Kumar,Not available,Batsman,0,0,23,22,0,0
3505,C Wijesinghe,Not available,Batsman,0,0,32,22,0,0
3506,RV Scholes,Scotland,Batsman,0,0,122,17,0,0
3507,AE Paraam,Singapore,Batsman,0,0,361,7,2,0
3508,Cai Yuzhi,Not available,Batsman,0,0,136,17,0,0
3509,M Dlamini,Not available,Batsman,0,0,180,14,0,0
3510,M Siddharth,Not available,Batsman,0,0,1,24,0,0
3511,CM McBride,Scotland,Batsman,0,407,31,3,1,0
3512,Aman Desai,Not available,Batsman,0,0,531,0,2,0
3513,SRH Curtis,New Zealand,Batsman,0,156,375,0,2,0
3514,JM Tashkoff,Not available,Batsman,0,0,426,4,2,0
3515,Shantanu Kaveri,Not available,Batsman,0,0,298,10,0,0
3516,Ganesh Satish,Not available,Batsman,0,0,530,0,2,0
3517,PJ Watkins,Not available,Batsman,0,0,180,15,1,0
3518,KI Simmonds,Not available,Batsman,0,0,111,18,0,0
3519,Sameera Khan,Not available,Batsman,0,0,178,14,0,0
3520,TC Smith,Not available,Batsman,0,0,363,7,3,0
3521,C McKerr,Not available,Batsman,0,0,53,20,0,0
3522,M Coetzee,Not available,Batsman,0,0,528,0,3,1
3523,A Kheterpal,Not available,Batsman,0,0,288,9,0,0
3524,F Akankwasa,Not available,Batsman,0,0,114,18,0,0
3525,Muhammad Arfan,United Arab Emirates,Batsman,0,9,123,17,0,0
3526,L Ostergaard,Not available,Batsman,0,0,183,14,0,0
3527,Mohammad Irfan,Not available,Batsman,0,0,21,22,0,0
3528,MP Singh,Not available,Batsman,0,0,12,21,0,0
3529,OJ Hairs,Not available,Batsman,0,0,504,1,2,1
3530,I Wijesundera,Sri Lanka,Batsman,24,0,82,17,0,0
3531,Nasir Aziz,United Arab Emirates,Batsman,0,81,13,18,1,0
3532,Vikas Yadav,Not available,Batsman,0,0,48,20,0,0
3533,ME Loe,Not available,Batsman,0,0,5,22,0,0
3534,PRCS Kumarihami,Sri Lanka,Batsman,0,283,91,4,0,0
3535,Priya Mishra,India,Batsman,0,6,4,21,0,0
3536,M Mwangi,Kenya,Batsman,0,0,180,15,0,0
3537,K Chigora,Zimbabwe,Batsman,0,16,29,19,0,0
3538,MO Odumbe,Kenya,Batsman,0,324,0,7,2,0
3539,J Dawood,Not available,Batsman,0,0,9,23,0,0
3540,P Sabu,Not available,Batsman,0,0,224,13,1,0
3541,M Campopiano,Not available,Batsman,0,0,477,2,3,0
3542,W Liengprasert,Thailand,Batsman,0,0,119,18,0,0
3543,Shahil Momin,Not available,Batsman,0,0,231,12,0,0
3544,BJ Arnel,New Zealand,Batsman,45,0,0,14,0,0
3545,D Birrell,Jersey,Batsman,0,0,14,22,0,0
3546,A Campbell,Not available,Batsman,0,0,522,0,1,0
3547,SP Gomes,Not available,Batsman,0,0,522,0,5,0
3548,Irfan Safi,Not available,Batsman,0,0,181,15,0,0
3549,T Pradeep,Not available,Batsman,0,0,158,15,0,0
3550,Ashtuti Kumar,Not available,Batsman,0,0,23,21,0,0
3551,PR Adams,South Africa,Batsman,83,0,0,14,0,0
3552,KP Navgire,Not available,Batsman,0,0,521,0,4,0
3553,J McKenzie,Not available,Batsman,0,0,142,17,0,0
3554,S Burdekin,Not available,Batsman,0,0,191,15,1,0
3555,Abdullah Mahmood,Not available,Batsman,0,0,25,22,0,0
3556,A Sharma,India,Batsman,65,108,83,9,1,0
3557,DK Anefie,Not available,Batsman,0,0,218,12,0,0
3558,Nisha Ali,United Arab Emirates,Batsman,0,0,209,14,1,0
3559,AN Kervezee,Netherlands,Batsman,0,110,408,0,2,0
3560,NS Naik,Not available,Batsman,0,0,518,0,3,0
3561,R Southby,Not available,Batsman,0,0,518,0,3,0
3562,Kamran Ahmadzai,Not available,Batsman,0,0,346,7,1,0
3563,M van Jaarsveld,South Africa,Batsman,175,29,288,1,2,0
3564,A Randhawa,Austria,Batsman,0,0,517,0,2,0
3565,L Chipanga,Not available,Batsman,0,0,39,20,0,0
3566,Musa Shaheen,Not available,Batsman,0,0,515,0,2,0
3567,Ghulam Mudassar,Not available,Batsman,0,0,5,22,0,0
3568,D Lohia,Papua New Guinea,Batsman,0,25,26,20,0,0
3569,K Fletcher,Not available,Batsman,0,0,6,22,0,0
3570,HJ Swindells,Not available,Batsman,0,0,514,0,3,0
3571,M Topping,Not available,Batsman,0,0,514,0,5,0
3572,NJ Selman,Not available,Batsman,0,0,514,0,3,0
3573,R Choden,Not available,Batsman,0,0,50,20,0,0
3574,TBM de Leede,Netherlands,Batsman,0,113,0,16,1,0
3575,Chaudhary Akram,Not available,Batsman,0,0,333,8,1,0
3576,M Subasingha,Not available,Batsman,0,0,235,12,1,0
3577,MK Hollard,Not available,Batsman,0,0,29,22,0,0
3578,RA Sealy,Cayman Islands,Batsman,0,0,513,0,2,0
3579,Mohit Kumar,Not available,Batsman,0,0,18,22,0,0
3580,JM Fields,Australia,Batsman,232,215,65,0,2,1
3581,S Nadigotla,Not available,Batsman,0,0,421,4,1,0
3582,Samarth Vyas,Not available,Batsman,0,0,512,0,3,0
3583,KS Castle,Not available,Batsman,0,0,128,16,0,0
3584,Suryakant Pradhan,Not available,Batsman,0,0,127,16,0,0
3585,A Mukund,India,Batsman,320,0,189,0,3,0
3586,Rajat Dey,Not available,Batsman,0,0,488,1,2,0
3587,A Pusthay,Finland,Batsman,0,0,322,8,1,0
3588,A Vaidya,Not available,Batsman,0,0,183,14,0,0
3589,GH Bodi,South Africa,Batsman,0,83,426,0,3,0
3590,A Mare,Not available,Batsman,0,0,192,13,0,0
3591,FIN Khushi,Not available,Batsman,0,0,509,0,4,0
3592,L Denny,Not available,Batsman,0,0,141,16,0,0
3593,M Bhanuka,Sri Lanka,Batsman,6,140,363,0,0,0
3594,S Sanandia,Not available,Batsman,0,0,53,21,0,0
3595,NJ Shaw,England,Batsman,13,0,6,18,0,0
3596,MJ Greig,Not available,Batsman,0,0,476,1,0,0
3597,S Austin,Not available,Batsman,0,0,354,7,0,0
3598,Talha Khan,Germany,Batsman,0,0,486,1,3,0
3599,A McAuley,Isle of Man,Batsman,0,0,508,0,1,0
3600,J Bangura,Sierra Leone,Batsman,0,0,508,0,1,0
3601,Zaid Ahmad,Not available,Batsman,0,0,162,15,0,0
3602,Damodaran Rohit,Not available,Batsman,0,0,405,4,2,0
3603,DR Shorey,Not available,Batsman,0,0,506,0,3,0
3604,A Donovan,Not available,Batsman,0,0,425,3,1,1
3605,Alina Aslam,Not available,Batsman,0,0,87,17,0,0
3606,JAR Blain,Scotland,Batsman,0,67,3,18,0,0
3607,DLS van Bunge,Netherlands,Batsman,0,293,44,7,2,0
3608,KM Myat,Not available,Batsman,0,0,506,0,1,0
3609,Md Ariyan,Not available,Batsman,0,0,506,0,3,0
3610,Suraj Kumar,Oman,Batsman,0,392,114,0,3,0
3611,Khadija Khalil,Not available,Batsman,0,0,231,12,0,0
3612,T Iosefo,Not available,Batsman,0,0,103,18,0,0
3613,Shahadat Hossain,Bangladesh,Batsman,190,0,315,0,2,0
3614,C Forshaw,Not available,Batsman,0,0,21,22,0,0
3615,NR Johns-Wickberg,Not available,Batsman,0,0,66,19,0,0
3616,A Parima,Not available,Batsman,0,0,366,6,2,0
3617,D Vihanga,Sri Lanka,Batsman,0,63,0,17,0,0
3618,JEI Prasad,Not available,Batsman,0,0,101,17,0,0
3619,EN Gay,England,Batsman,172,0,332,0,4,0
3620,B Phelenyane,Not available,Batsman,0,0,69,18,0,0
3621,Rachel Delaney,Ireland,Batsman,0,78,40,15,0,0
3622,Deepraj Gaonkar,Not available,Batsman,0,0,283,9,0,0
3623,Munir Dar,Hong Kong,Batsman,0,18,94,17,0,0
3624,SA Wijeratne,Canada,Batsman,0,191,311,0,5,0
3625,Han Lili,China,Batsman,0,0,132,16,0,0
3626,BC Brown,Not available,Batsman,0,0,501,0,0,0
3627,IDA Damarell,Guernsey,Batsman,0,0,501,0,2,0
3628,W Niyitanga,Not available,Batsman,0,0,501,0,2,0
3629,S Kolcharam,Not available,Batsman,0,0,398,4,1,0
3630,Ibrahim Rahimi,Not available,Batsman,0,0,476,1,1,0
3631,M Hinkley,Not available,Batsman,0,0,500,0,0,0
3632,M Wright,Not available,Batsman,0,0,500,0,4,0
3633,D Tucker,South Africa,Batsman,64,64,50,10,1,0
3634,P Shetty,Not available,Batsman,0,0,113,15,0,0
3635,HNA Conway,Not available,Batsman,0,0,16,20,0,0
3636,BM Edmondson,Not available,Batsman,0,0,5,21,0,0
3637,L Mbane,Not available,Batsman,0,0,12,21,0,0
3638,MP Yadav,Not available,Batsman,0,0,6,21,0,0
3639,S Sola,Not available,Batsman,0,0,62,19,0,0
3640,V Mitari,Rwanda,Batsman,0,0,19,21,0,0
3641,R Odgers,Not available,Batsman,0,0,497,0,2,0
3642,F Mutua,Not available,Batsman,0,0,46,20,0,0
3643,Inam-ul-Haq,Qatar,Batsman,0,0,223,12,0,0
3644,J Syed Mohammad,Not available,Batsman,0,0,175,14,0,0
3645,P Kumbhare,Not available,Batsman,0,0,15,21,0,0
3646,N Nojic,Not available,Batsman,0,0,96,17,0,0
3647,A Augastin,Not available,Batsman,0,0,315,8,3,0
3648,M Commins,Ireland,Batsman,6,6,485,0,2,1
3649,Shykat Ali,Not available,Batsman,0,0,419,3,2,0
3650,M Ozturk,Not available,Batsman,0,0,104,17,0,0
3651,SC de Oliveira,Not available,Batsman,0,0,62,20,0,0
3652,ABY Smith,Not available,Batsman,0,0,269,9,1,0
3653,Mohammad Asghar,Not available,Batsman,0,0,9,21,0,0
3654,G Burrows,Isle of Man,Batsman,0,0,453,2,4,0
3655,N Peter,South Africa,Batsman,0,16,29,19,0,0
3656,S Sohal,United States of America,Batsman,0,0,474,1,2,0
3657,AL Olliver,Not available,Batsman,0,0,25,21,0,0
3658,M Stanikzai,Not available,Batsman,0,0,301,8,0,0
3659,E Marx,South Africa,Batsman,0,53,46,15,0,0
3660,U Bhatti,Canada,Batsman,0,120,23,13,0,0
3661,J Gumbie,Zimbabwe,Batsman,73,379,43,0,2,0
3662,Nakul Verma,Not available,Batsman,0,0,495,0,2,0
3663,K Reyneke,South Africa,Batsman,0,51,184,11,0,0
3664,VY Mahesh,Not available,Batsman,0,0,15,21,0,0
3665,I Waqavakatoga,Not available,Batsman,0,0,162,15,0,0
3666,Saqib Zulfiqar,Netherlands,Batsman,0,158,76,10,0,0
3667,Ali Raza,Not available,Batsman,0,0,1,22,0,0
3668,Sagar Trivedi,Not available,Batsman,0,0,92,17,0,0
3669,B Xenxe,Not available,Batsman,0,0,19,22,0,0
3670,Nary Thapa,Nepal,Batsman,0,0,111,17,0,0
3671,G Venkateswaran,Not available,Batsman,0,0,327,7,0,0
3672,GT Taylor,Bahamas,Batsman,0,0,238,11,1,0
3673,Hammadullah Shinwari,Not available,Batsman,0,0,26,21,0,0
3674,MA Pollard,Not available,Batsman,0,0,493,0,3,0
3675,T Musekiwa,Not available,Batsman,0,0,314,8,0,0
3676,AS van Beuge,Netherlands,Batsman,0,68,18,17,0,0
3677,H Bharadwaj,Not available,Batsman,0,0,35,20,0,0
3678,Subhransu Senapati,Not available,Batsman,0,0,492,0,2,0
3679,DR Hooper,Guernsey,Batsman,0,0,85,17,0,0
3680,J Bishop,Not available,Batsman,0,0,88,17,0,0
3681,Hammad Azam,Pakistan,Batsman,0,79,337,2,0,0
3682,RL Blake,Not available,Batsman,0,0,461,1,2,2
3683,P Sharma,Not available,Batsman,0,0,369,5,0,0
3684,Punit Bisht,Not available,Batsman,0,0,487,0,1,1
3685,Ravikumar Thakur,Not available,Batsman,0,0,2,22,0,0
3686,F Odhiambo,Not available,Batsman,0,0,23,20,0,0
3687,SL Verma,Not available,Batsman,0,0,395,4,3,0
3688,M Jele,Not available,Batsman,0,0,43,19,0,0
3689,R Klein,Netherlands,Batsman,0,38,102,12,0,0
3690,Bishworjit Konthoujam,Not available,Batsman,0,0,7,20,0,0
3691,KC Thompson,United Arab Emirates,Batsman,0,13,8,19,0,0
3692,AG Puttick,South Africa,Batsman,0,0,486,0,3,0
3693,TA Wood,Not available,Batsman,0,0,460,1,2,1
3694,Jaswinder Singh,Not available,Batsman,0,0,78,18,0,0
3695,L Qiao,Not available,Batsman,0,0,8,21,0,0
3696,Tanush Kotian,Not available,Batsman,0,0,75,18,0,0
3697,MO Kitunda,Not available,Batsman,0,0,485,0,0,0
3698,Mohammad Imran,Not available,Batsman,0,0,2,20,0,0
3699,TD Chaoana,Lesotho,Batsman,0,0,54,17,0,0
3700,S Jayathilake,Not available,Batsman,0,0,199,12,0,0
3701,A Suwanchonrathi,Thailand,Batsman,0,31,351,4,0,0
3702,SMLD Samarakoon,Not available,Batsman,0,0,169,13,0,0
3703,DS Rosier,Not available,Batsman,0,0,461,1,2,0
3704,J Mosca,Not available,Batsman,0,0,483,0,4,0
3705,U U Bose,Not available,Batsman,0,0,434,2,2,0
3706,YA Abdulla,Not available,Batsman,0,0,1,21,0,0
3707,JL Jaggesar,Not available,Batsman,0,0,28,19,0,0
3708,Ibrahim Zadran,Not available,Batsman,0,0,481,0,2,0
3709,Arpit Vasavada,Not available,Batsman,0,0,395,4,2,0
3710,CS Sandri,Italy,Batsman,0,0,223,11,0,0
3711,Z Pongolo,Not available,Batsman,0,0,110,16,0,0
3712,S Crowie,St Helena,Batsman,0,0,211,12,1,0
3713,Abdul Samad,Not available,Batsman,0,0,24,20,0,0
3714,Yudhvir Singh,Not available,Batsman,0,0,60,18,0,0
3715,H Hameed,England,Batsman,439,0,41,0,4,0
3716,SP Patil,United Arab Emirates,Batsman,0,153,327,0,1,0
3717,D Johnson,Not available,Batsman,0,0,233,10,1,0
3718,BD Cotton,Not available,Batsman,0,0,45,19,0,0
3719,H Dhavina,Not available,Batsman,0,0,37,18,0,0
3720,T Muller,Not available,Batsman,0,0,42,19,0,0
3721,Manan Bashir,Not available,Batsman,0,0,478,0,2,0
3722,Muhammad Asim,Not available,Batsman,0,0,291,8,2,0
3723,CN Phillips,Not available,Batsman,0,0,3,21,0,0
3724,Ravi Kiran,Not available,Batsman,0,0,7,20,0,0
3725,M Vumiliya,Not available,Batsman,0,0,55,18,0,0
3726,C Bray,Not available,Batsman,0,0,60,18,0,0
3727,RL Johnson,England,Batsman,6,16,0,18,0,0
3728,DS Rathi,Not available,Batsman,0,0,3,19,0,0
3729,N M'shangwe,Zimbabwe,Batsman,8,38,5,12,0,0
3730,V Nigam,Not available,Batsman,0,0,164,13,0,0
3731,B Kgosiemang,Botswana,Batsman,0,0,21,19,0,0
3732,L Griffith,Not available,Batsman,0,0,72,16,0,0
3733,S Daniel,Sri Lanka,Batsman,0,12,464,0,2,0
3734,EC Bargna,Not available,Batsman,0,0,1,20,0,0
3735,K Peddrick,Not available,Batsman,0,0,137,14,0,0
3736,Unnikrishnan Manukrishnan,Not available,Batsman,0,0,44,19,0,0
3737,EJ Byrom,Not available,Batsman,0,0,475,0,1,0
3738,L Agatha,Not available,Batsman,0,0,475,0,3,0
3739,N Master,Botswana,Batsman,0,0,76,18,0,0
3740,A Rameshan,Not available,Batsman,0,0,133,15,0,0
3741,Kumar Deobrat,Not available,Batsman,0,0,474,0,2,0
3742,Kamran Khan,Qatar,Batsman,0,0,472,0,0,0
3743,Shakeeb Ahmed,Not available,Batsman,0,0,87,17,0,0
3744,AB Slebsager,Not available,Batsman,0,0,79,17,0,0
3745,BF Calitz,Not available,Batsman,0,0,473,0,2,0
3746,Jatin Wadhwan,Not available,Batsman,0,0,473,0,4,0
3747,KB Pawan,Not available,Batsman,0,0,473,0,3,0
3748,KJ McClure,Not available,Batsman,0,0,473,0,1,0
3749,MA Wallace,Not available,Batsman,0,0,473,0,1,0
3750,Mehdi Hassan,Not available,Batsman,0,0,21,19,0,0
3751,EJ Inglis,Not available,Batsman,0,0,472,0,1,0
3752,RK Oliver,Not available,Batsman,0,0,472,0,2,0
3753,Pritam Das,Not available,Batsman,0,0,19,19,0,0
3754,Rameez Khan,Not available,Batsman,0,0,93,17,0,0
3755,D Ajekun,Not available,Batsman,0,0,379,4,0,0
3756,Girinath Reddy,Not available,Batsman,0,0,209,11,1,0
3757,M Ford,Not available,Batsman,0,0,354,5,2,0
3758,Faraaz Mehti Abbas,Not available,Batsman,0,0,418,2,1,0
3759,Ali Nawaz,Not available,Batsman,0,0,245,10,0,0
3760,L Canessane,Not available,Batsman,0,0,470,0,2,0
3761,M Sarenac,Not available,Batsman,0,0,24,19,0,0
3762,NRJ Young,Not available,Batsman,0,0,136,14,0,0
3763,Luis Hermida,Not available,Batsman,0,0,199,12,0,0
3764,MS Beresford,Not available,Batsman,0,0,16,19,0,0
3765,WS Davis,Not available,Batsman,0,0,20,19,0,0
3766,MNR Cooray,Maldives,Batsman,0,0,255,9,2,0
3767,Asif Shaikh,Not available,Batsman,0,0,11,20,0,0
3768,A Ferguson,Argentina,Batsman,0,0,469,0,2,0
3769,R Sathish,Not available,Batsman,0,0,290,7,0,0
3770,Akash Choudhary,Not available,Batsman,0,0,29,19,0,0
3771,AA Herwadkar,Not available,Batsman,0,0,465,0,3,0
3772,U Peace,Not available,Batsman,0,0,33,18,0,0
3773,Y Nagar,Not available,Batsman,0,0,376,4,0,0
3774,Hassnain Shah,Oman,Batsman,0,86,1,15,0,0
3775,RR Sharan,Not available,Batsman,0,0,270,8,2,0
3776,G Chohan,Not available,Batsman,0,0,161,13,0,0
3777,DAM Louis,Not available,Batsman,0,0,48,19,0,0
3778,PS Athavale,Oman,Batsman,0,103,364,0,2,0
3779,Rohan Prem,Not available,Batsman,0,0,394,3,3,0
3780,H Karunaratne,Sri Lanka,Batsman,0,290,155,0,1,0
3781,AS Dale,Not available,Batsman,0,0,5,20,0,0
3782,Sagar Pun,Nepal,Batsman,0,3,183,12,0,0
3783,MH Illingworth,Not available,Batsman,0,0,33,18,0,0
3784,AA Senn,Not available,Batsman,0,0,422,2,2,0
3785,Chetan Bist,Not available,Batsman,0,0,466,0,2,0
3786,HJ Nielsen,Not available,Batsman,0,0,466,0,1,0
3787,J Royal,Not available,Batsman,0,0,26,19,0,0
3788,Monir Hossain,Not available,Batsman,0,0,41,17,0,0
3789,S Morris,Not available,Batsman,0,0,10,19,0,0
3790,NKF Rada Rani,Not available,Batsman,0,0,294,7,1,0
3791,Omid Mailk Khel,Not available,Batsman,0,0,463,0,2,0
3792,SEA Ruck,New Zealand,Batsman,0,7,7,18,0,0
3793,W Clark,Not available,Batsman,0,0,376,4,0,0
3794,Babul Kumar,Not available,Batsman,0,0,461,0,2,0
3795,BB Chari,Zimbabwe,Batsman,254,186,21,0,2,0
3796,E Windsor,Not available,Batsman,0,0,464,0,0,0
3797,N Nuntarach,Not available,Batsman,0,0,187,12,0,0
3798,CZ Harris,New Zealand,Batsman,0,203,0,8,0,0
3799,T McKeegan,Not available,Batsman,0,0,2,21,0,0
3800,B Rawal,Not available,Batsman,0,0,463,0,0,0
3801,JM Mennie,Australia,Batsman,10,1,18,17,0,0
3802,L Klusener,South Africa,Batsman,0,163,0,11,1,0
3803,Aamir Lal,Not available,Batsman,0,0,149,14,0,0
3804,Umer Imtiaz,Not available,Batsman,0,0,462,0,2,0
3805,MP Ainsworth,Not available,Batsman,0,0,216,10,1,0
3806,Saqlain Mushtaq,Pakistan,Batsman,34,17,0,13,0,0
3807,DAL Paramitha,Not available,Batsman,0,0,25,18,0,0
3808,M Kasselman,Not available,Batsman,0,0,459,0,2,1
3809,N Potts,Not available,Batsman,0,0,98,16,0,0
3810,Z Abrahams,Not available,Batsman,0,0,0,21,0,0
3811,J Nyirankundineza,Not available,Batsman,0,0,9,19,0,0
3812,Arun Chaprana,Not available,Batsman,0,0,81,16,0,0
3813,Ehsan Nawaz,Hong Kong,Batsman,0,29,9,17,0,0
3814,JA Simmons,Not available,Batsman,0,0,66,16,0,0
3815,Saeed Ahmed,Not available,Batsman,0,0,388,3,1,0
3816,DO Leicher,Namibia,Batsman,0,154,174,5,1,0
3817,WT Gavera,Papua New Guinea,Batsman,0,4,14,19,0,0
3818,G Sultana,India,Batsman,0,61,9,13,0,0
3819,T Granger,Zimbabwe,Batsman,0,38,21,17,0,0
3820,CM McCarthy,Not available,Batsman,0,0,6,18,0,0
3821,K Birkenstock,Namibia,Batsman,0,233,80,5,2,0
3822,CM Carroll,Not available,Batsman,0,0,395,2,3,1
3823,JA Porter,Not available,Batsman,0,0,5,19,0,0
3824,D Wulandari,Not available,Batsman,0,0,393,2,3,0
3825,Imran Arif,Saudi Arabia,Batsman,0,0,124,15,0,0
3826,J Fernando,Not available,Batsman,0,0,189,11,0,0
3827,Maahi Madhavan,United States of America,Batsman,0,1,18,19,0,0
3828,A Vessik,Not available,Batsman,0,0,75,16,0,0
3829,Robert Raina,Not available,Batsman,0,0,110,16,0,0
3830,Sangita Rai,Nepal,Batsman,0,0,9,20,0,0
3831,Shubham Pundir,Not available,Batsman,0,0,452,0,2,0
3832,Muhammad Naeem,Not available,Batsman,0,0,432,1,4,0
3833,S Khiaoto,Thailand,Batsman,0,106,349,0,2,0
3834,Jamshid Nasiri,Not available,Batsman,0,0,167,13,1,0
3835,LS Baker,West Indies,Batsman,23,11,0,14,0,0
3836,C Seleka,Not available,Batsman,0,0,28,18,0,0
3837,Dilbar Hussain,Not available,Batsman,0,0,23,19,0,0
3838,Sachin Kumar,Not available,Batsman,0,0,147,13,0,0
3839,SL Rainbird,Not available,Batsman,0,0,34,17,0,0
3840,Joginder Sharma,India,Batsman,0,5,36,17,0,0
3841,AG Wharf,England,Batsman,0,19,0,17,0,0
3842,AR Schaw,Not available,Batsman,0,0,105,15,0,0
3843,Saud Islam,Not available,Batsman,0,0,452,0,3,0
3844,Amit Mishra,Not available,Batsman,0,0,25,19,0,0
3845,BG Rogers,Zimbabwe,Batsman,36,287,0,5,3,0
3846,Marina Iqbal,Pakistan,Batsman,0,137,261,2,0,0
3847,Aslam Khan,Not available,Batsman,0,0,451,0,1,0
3848,DD Masters,Not available,Batsman,0,0,13,17,0,0
3849,BL Morgan,England,Batsman,172,0,82,5,1,0
3850,CD Cumming,New Zealand,Batsman,408,42,0,0,1,0
3851,Shah Faisal,Oman,Batsman,0,7,34,17,0,0
3852,CT Steel,Not available,Batsman,0,0,165,12,0,0
3853,KN Peiris,Sri Lanka,Batsman,9,0,1,15,0,0
3854,Vishil Patel,Not available,Batsman,0,0,16,19,0,0
3855,Sania Khan,Pakistan,Batsman,0,4,22,18,0,0
3856,J Drysdale,United States of America,Batsman,0,2,11,18,0,0
3857,Mahbubul Alam,Bangladesh,Batsman,3,81,19,12,1,0
3858,OJ Barnes,Not available,Batsman,0,0,35,17,0,0
3859,O Kgeresi,Not available,Batsman,0,0,311,6,1,0
3860,T Parima,Not available,Batsman,0,0,445,0,0,1
3861,V Sukumaran,United Arab Emirates,Batsman,0,194,151,4,2,0
3862,K Fubler,Not available,Batsman,0,0,2,20,0,0
3863,Mayank Mishra,Not available,Batsman,0,0,34,18,0,0
3864,T Sandaruwan,Not available,Batsman,0,0,85,16,0,0
3865,Hamza Tariq,Canada,Batsman,0,99,348,0,2,0
3866,W Miyauchi,Japan,Batsman,0,0,446,0,2,0
3867,R Siriwardena,Not available,Batsman,0,0,55,18,0,0
3868,H Doriga,Papua New Guinea,Batsman,0,95,339,0,1,0
3869,V Phiri,Not available,Batsman,0,0,18,19,0,0
3870,Z Kamara,Not available,Batsman,0,0,227,9,0,0
3871,Iqbal Hossain,Not available,Batsman,0,0,381,3,2,0
3872,Zahir Mohammed,Not available,Batsman,0,0,445,0,1,0
3873,D Gumyusenge,Not available,Batsman,0,0,446,0,2,0
3874,RDB Ahir,Not available,Batsman,0,0,103,15,0,0
3875,S Immadi,United States of America,Batsman,0,4,11,15,0,0
3876,Abdur Rauf,Pakistan,Batsman,52,0,0,14,0,0
3877,BKEL Milantha,Not available,Batsman,0,0,445,0,2,0
3878,I Chuma,Not available,Batsman,0,0,232,9,0,0
3879,L Karlsson,Not available,Batsman,0,0,43,18,0,0
3880,A Rangaswamy,Botswana,Batsman,0,0,39,18,0,0
3881,Imliwati Lemtur,Not available,Batsman,0,0,101,14,0,0
3882,A Carter,Not available,Batsman,0,0,5,19,0,0
3883,Mohammad Ahnaff,Not available,Batsman,0,0,443,0,3,0
3884,SB Dubey,Not available,Batsman,0,0,444,0,0,0
3885,R Ova,Not available,Batsman,0,0,10,19,0,0
3886,M Pascal,Tanzania,Batsman,0,0,346,4,2,0
3887,T Mathew,Not available,Batsman,0,0,7,19,0,0
3888,C Bah,Not available,Batsman,0,0,199,9,0,0
3889,KSA McKenzie,West Indies,Batsman,203,0,240,0,2,0
3890,Shahzaib Hasan,Pakistan,Batsman,0,100,343,0,2,0
3891,V Abuga,Kenya,Batsman,0,0,443,0,1,0
3892,MT Stanley,Not available,Batsman,0,0,10,19,0,0
3893,DP Michael,Samoa,Batsman,0,0,304,6,2,1
3894,E Karimi,Not available,Batsman,0,0,9,19,0,0
3895,A Stocks,Not available,Batsman,0,0,153,12,0,0
3896,Hannan Sarkar,Bangladesh,Batsman,162,280,0,0,3,0
3897,K Khejroliya,Not available,Batsman,0,0,19,18,0,0
3898,Mohammad Talha,Pakistan,Batsman,34,0,0,13,0,0
3899,E Kuncova,Not available,Batsman,0,0,133,12,0,0
3900,RR Watson,Scotland,Batsman,0,239,55,6,2,0
3901,RN Lewis,West Indies,Batsman,1,134,0,11,0,0
3902,Jitin Singh,Tanzania,Batsman,0,0,247,9,1,0
3903,Zeeshan Ali,Not available,Batsman,0,0,130,14,0,0
3904,A Mhatre,Not available,Batsman,0,0,441,0,3,0
3905,PJ Wiseman,New Zealand,Batsman,58,0,0,10,0,0
3906,RS Fernando,Not available,Batsman,0,0,174,12,1,0
3907,PJ Horton,Not available,Batsman,0,0,440,0,3,0
3908,Surinder Singh,Philippines,Batsman,0,0,14,19,0,0
3909,O Matsolo,Not available,Batsman,0,0,64,16,0,0
3910,BBA Geddes,Not available,Batsman,0,0,439,0,2,0
3911,GC Tonge,West Indies,Batsman,25,10,1,15,0,0
3912,D Ramani,Not available,Batsman,0,0,8,19,0,0
3913,AH Hooda,Not available,Batsman,0,0,2,18,0,0
3914,AR Nedd,Not available,Batsman,0,0,29,17,0,0
3915,GFB Scott,Not available,Batsman,0,0,366,3,0,0
3916,S Nisansala,Sri Lanka,Batsman,0,20,3,16,0,0
3917,B Etim,Not available,Batsman,0,0,215,9,0,0
3918,SY Win,Not available,Batsman,0,0,10,19,0,0
3919,Varun Choudhary,Not available,Batsman,0,0,13,19,0,0
3920,DJ Jacobs,Not available,Batsman,0,0,437,0,2,0
3921,M Hundal,Not available,Batsman,0,0,12,19,0,0
3922,ON Gain,Not available,Batsman,0,0,437,0,0,0
3923,Pappu Roy,Not available,Batsman,0,0,3,19,0,0
3924,MA Aponso,Sri Lanka,Batsman,0,10,31,15,0,0
3925,D Marks,Not available,Batsman,0,0,31,17,0,0
3926,J Andrew,West Indies,Batsman,0,8,428,0,2,0
3927,Mohammed Azharuddeen,Not available,Batsman,0,0,436,0,1,0
3928,S Konstas,Australia,Batsman,163,0,273,0,4,0
3929,S Choden,Not available,Batsman,0,0,254,7,0,0
3930,Kamal Soukhiya,Not available,Batsman,0,0,39,17,0,0
3931,SA Jacobs,Not available,Batsman,0,0,14,17,0,0
3932,KO Meth,Zimbabwe,Batsman,72,49,6,9,0,0
3933,Rashid Khan,Not available,Batsman,0,0,67,16,0,0
3934,Sakib Hussain,Not available,Batsman,0,0,5,19,0,0
3935,Mihir Hirwani,Not available,Batsman,0,0,24,17,0,0
3936,Umer Khan,Not available,Batsman,0,0,3,19,0,0
3937,JP Kaltapau,Not available,Batsman,0,0,411,1,1,0
3938,OB Nightingale,Not available,Batsman,0,0,435,0,1,0
3939,Mohamed Rishwan,Maldives,Batsman,0,0,432,0,1,0
3940,AW Hawkins-Kay,Jersey,Batsman,0,0,90,15,0,0
3941,WK Lai,Hong Kong,Batsman,0,0,103,14,0,0
3942,B Kohler-Cadmore,Not available,Batsman,0,0,434,0,2,1
3943,H Agarwal,Not available,Batsman,0,0,74,15,0,0
3944,Kanwar Abhinay,Not available,Batsman,0,0,1,18,0,0
3945,RP Jones,Not available,Batsman,0,0,432,0,1,0
3946,AKS Bains,Not available,Batsman,0,0,433,0,3,0
3947,MDN Hansika,Sri Lanka,Batsman,0,357,76,0,0,0
3948,Muhammad Shahdad,United Arab Emirates,Batsman,0,319,0,4,3,0
3949,HR Cooper,Not available,Batsman,0,0,319,5,1,0
3950,EH Hutchinson,United States of America,Batsman,0,123,26,11,0,0
3951,Asad Ali Rehemtulla,Not available,Batsman,0,0,42,17,0,0
3952,CL Fitzpatrick,Australia,Batsman,48,0,0,13,0,0
3953,M Veringmeier,Netherlands,Batsman,0,0,408,1,2,0
3954,D Ruynekova,Not available,Batsman,0,0,169,11,0,0
3955,Ali Sheikh,Not available,Batsman,0,0,134,13,0,0
3956,M Marais,Not available,Batsman,0,0,431,0,1,0
3957,Ahmed Wardak,Germany,Batsman,0,0,88,15,0,0
3958,S Forbes,Ireland,Batsman,0,408,20,0,2,0
3959,Akash Singh,Not available,Batsman,0,0,25,17,0,0
3960,Ezgi Nur Kilic,Not available,Batsman,0,0,91,15,0,0
3961,S Matijevic,Not available,Batsman,0,0,143,12,0,0
3962,Qadeer Ahmed,United Arab Emirates,Batsman,0,2,7,16,0,0
3963,AM Healey,Not available,Batsman,0,0,103,14,0,0
3964,F Khaliq,Belgium,Batsman,0,0,123,13,0,0
3965,SM Kazi,Not available,Batsman,0,0,21,18,0,0
3966,LR Johnson,West Indies,Batsman,403,19,3,0,2,0
3967,G Shukla,Not available,Batsman,0,0,142,11,0,0
3968,AA Gajic,Not available,Batsman,0,0,18,18,0,0
3969,S Chinawa,Not available,Batsman,0,0,309,5,0,0
3970,A Karmacharya,Not available,Batsman,0,0,17,18,0,0
3971,SM Kavanagh,Ireland,Batsman,0,126,290,0,0,0
3972,Maaz Khan,Lesotho,Batsman,0,0,424,0,3,0
3973,Faisal Mubashir,Not available,Batsman,0,0,428,0,1,0
3974,Shasheem Rathour,Not available,Batsman,0,0,260,7,2,0
3975,Zaman Akhter,Not available,Batsman,0,0,82,15,0,0
3976,A Saud,Nepal,Batsman,0,189,238,0,2,0
3977,E Sandy,Not available,Batsman,0,0,427,0,1,0
3978,L Erdenebulgan,Not available,Batsman,0,0,20,18,0,0
3979,SA Piolet,Not available,Batsman,0,0,52,16,0,0
3980,SS Majumder,Not available,Batsman,0,0,99,14,0,0
3981,Sumaiya Siddiqi,Pakistan,Batsman,0,27,14,15,0,0
3982,Junaid Khan,Not available,Batsman,0,0,38,17,0,0
3983,Rahil Shah,Not available,Batsman,0,0,4,18,0,0
3984,F Samanyika,Not available,Batsman,0,0,263,6,0,0
3985,D Jansen,Not available,Batsman,0,0,321,4,2,0
3986,GE Mathurin,Not available,Batsman,0,0,20,17,0,0
3987,K Upadhyay,Not available,Batsman,0,0,30,16,0,0
3988,R Dianish,Not available,Batsman,0,0,401,1,1,0
3989,S Periyalwar,Not available,Batsman,0,0,424,0,3,0
3990,AW Gale,Not available,Batsman,0,0,423,0,2,0
3991,PS Punia,India,Batsman,0,273,150,0,2,0
3992,H Lin Oo,Myanmar,Batsman,0,0,194,10,0,0
3993,OP Rayner,Not available,Batsman,0,0,98,12,0,0
3994,N Harman,Not available,Batsman,0,0,304,5,0,0
3995,A Kolan,United States of America,Batsman,0,155,267,0,1,0
3996,Nyeing Cham Soe,Myanmar,Batsman,0,0,82,15,0,0
3997,ZP Ikiua,Not available,Batsman,0,0,221,8,1,0
3998,JC Darji,Tanzania,Batsman,0,0,171,11,2,0
3999,ES Szwarczynski,Netherlands,Batsman,0,281,140,0,3,0
4000,Mohammed Irshad,Not available,Batsman,0,0,114,14,0,0
4001,TJ McPharlin,Not available,Batsman,0,0,421,0,0,0
4002,Mohammad Afzal,Saudi Arabia,Batsman,0,0,125,13,0,0
4003,RD Harrison,Not available,Batsman,0,0,143,12,0,0
4004,JK Mukhiya,Nepal,Batsman,0,0,6,18,0,0
4005,K Alleyne,Not available,Batsman,0,0,352,3,0,0
4006,LC Le Tissier,Guernsey,Batsman,0,0,164,11,0,0
4007,A Cranstone,Not available,Batsman,0,0,420,0,3,0
4008,Imran Ali Butt,Bahrain,Batsman,0,0,420,0,2,0
4009,N Mugabe,Not available,Batsman,0,0,418,0,2,0
4010,MR Meshram,India,Batsman,0,322,77,0,3,0
4011,R Rohan,Singapore,Batsman,0,0,414,0,0,0
4012,S Ivetic,Not available,Batsman,0,0,417,0,3,0
4013,Junaid Khan,Not available,Batsman,0,0,19,17,0,0
4014,Rameesha Shahid,Not available,Batsman,0,0,213,8,0,0
4015,KJ Dudgeon,Not available,Batsman,0,0,129,12,0,0
4016,M Dixit,Not available,Batsman,0,0,78,14,0,0
4017,GJ Hopkins,New Zealand,Batsman,71,236,110,0,0,0
4018,I Edwards,Not available,Batsman,0,0,12,17,0,0
4019,Zahid Shirzad,Canada,Batsman,0,57,0,15,1,0
4020,BS Smith,Not available,Batsman,0,0,416,0,2,0
4021,JM Vujinovich,Not available,Batsman,0,0,157,11,0,0
4022,Kangabam Singh,Not available,Batsman,0,0,217,8,1,0
4023,VB Chikkannaiah,Not available,Batsman,0,0,416,0,3,0
4024,S Kushretha,Not available,Batsman,0,0,53,16,0,0
4025,P Silas,Not available,Batsman,0,0,413,0,0,0
4026,Akhil Arjunan,Not available,Batsman,0,0,122,12,0,0
4027,AL Stephen,Vanuatu,Batsman,0,0,15,17,0,0
4028,B Mpedi,Not available,Batsman,0,0,78,15,0,0
4029,T Webster,Not available,Batsman,0,0,414,0,2,0
4030,E Mbofana,Zimbabwe,Batsman,0,22,0,16,0,0
4031,T Kamungozi,Zimbabwe,Batsman,5,25,0,13,0,0
4032,Sanjida Islam,Bangladesh,Batsman,0,93,320,0,1,0
4033,A Meyenborg,Not available,Batsman,0,0,13,17,0,0
4034,C le Roux,Not available,Batsman,0,0,29,16,0,0
4035,A Patmore,Not available,Batsman,0,0,414,0,1,0
4036,D la Cock,Namibia,Batsman,0,313,98,0,2,0
4037,BMA Mbida,Not available,Batsman,0,0,189,8,0,0
4038,TD Andrews,Not available,Batsman,0,0,98,13,0,0
4039,I Asif,Austria,Batsman,0,0,297,5,0,0
4040,HL Tau,Papua New Guinea,Batsman,0,8,65,13,0,0
4041,MGSM Fernando,Italy,Batsman,0,0,24,17,0,0
4042,TT Maposa,Not available,Batsman,0,0,55,15,0,0
4043,Ajay Sarkar,Not available,Batsman,0,0,10,16,0,0
4044,A Bester,Not available,Batsman,0,0,61,16,0,0
4045,M Lakshan,Not available,Batsman,0,0,70,15,0,0
4046,AK Gokoel,Not available,Batsman,0,0,66,15,0,0
4047,JS Pooranakaran,Not available,Batsman,0,0,6,16,0,0
4048,K Peterson,Not available,Batsman,0,0,65,15,0,0
4049,Khalid Kail,Oman,Batsman,0,117,294,0,3,0
4050,SD Robson,England,Batsman,336,0,75,0,2,1
4051,WAR Fraine,Not available,Batsman,0,0,411,0,0,0
4052,DA Marillier,Zimbabwe,Batsman,0,249,0,5,1,1
4053,P Prasanth,Not available,Batsman,0,0,64,15,0,0
4054,C Munoz-Mills,Spain,Batsman,0,0,383,1,0,0
4055,R Thapliyal,Not available,Batsman,0,0,7,18,0,0
4056,RDM Leverock,Bermuda,Batsman,0,45,0,13,0,0
4057,A Prashar,Not available,Batsman,0,0,134,12,0,0
4058,Mohit Avasthi,Not available,Batsman,0,0,0,18,0,0
4059,PS Masvaure,Zimbabwe,Batsman,351,40,0,0,3,0
4060,GA Stuurman,South Africa,Batsman,11,0,13,16,0,0
4061,Waheed Ahmed,United Arab Emirates,Batsman,0,73,124,8,0,0
4062,YS Blagg,Not available,Batsman,0,0,30,17,0,0
4063,Aminul Islam,Not available,Batsman,0,0,39,16,0,0
4064,MET Salisbury,Not available,Batsman,0,0,5,17,0,0
4065,Mohammad Boota,United Arab Emirates,Batsman,0,173,211,1,1,0
4066,RA Stevenson,Not available,Batsman,0,0,62,14,0,0
4067,J Barker,Not available,Batsman,0,0,409,0,0,0
4068,T Kelly,Not available,Batsman,0,0,409,0,0,0
4069,M Beardman,Not available,Batsman,0,0,2,18,0,0
4070,K Mahato,Nepal,Batsman,0,1,9,17,0,0
4071,SZ Thakor,India,Batsman,0,46,44,11,0,0
4072,Zia-ul-Haq,Not available,Batsman,0,0,1,17,0,0
4073,Esam Rahman,Not available,Batsman,0,0,373,1,2,0
4074,A Wanjira,Not available,Batsman,0,0,70,14,0,0
4075,Prashant Gupta,Not available,Batsman,0,0,408,0,2,0
4076,TK Musakanda,Zimbabwe,Batsman,71,210,127,0,0,0
4077,Bipin Khatri,Not available,Batsman,0,0,31,17,0,0
4078,AC McDermott,Not available,Batsman,0,0,0,18,0,0
4079,Asif Bevinje,Not available,Batsman,0,0,114,13,0,0
4080,HHC Gunaratne,Sri Lanka,Batsman,0,13,2,16,0,0
4081,KAD Hurdle,Bermuda,Batsman,0,25,0,15,0,0
4082,GL Triscari,Not available,Batsman,0,0,1,17,0,0
4083,MW Snedden,Not available,Batsman,0,0,6,17,0,0
4084,Techi Doria,Not available,Batsman,0,0,242,7,0,0
4085,Azam Khalil,Sweden,Batsman,0,0,104,13,0,0
4086,RD Shah,Kenya,Batsman,0,407,0,0,3,0
4087,ZT Kyaw,Not available,Batsman,0,0,183,9,0,0
4088,GR Russ,Philippines,Batsman,0,0,245,7,0,0
4089,K Nuwantha,Sri Lanka,Batsman,22,0,70,12,1,0
4090,RV Gomez,Not available,Batsman,0,0,174,10,0,0
4091,N Caruana,Not available,Batsman,0,0,227,8,0,0
4092,Ayush Jamwal,Not available,Batsman,0,0,72,13,0,0
4093,S Vijayakumar,Singapore,Batsman,0,0,7,18,0,0
4094,Sidhant Singh,Singapore,Batsman,0,0,193,9,2,0
4095,KM Chingaipe,Not available,Batsman,0,0,54,15,0,0
4096,J Moondra,Not available,Batsman,0,0,16,18,0,0
4097,Zubair Ali,Not available,Batsman,0,0,405,0,5,0
4098,Lakhan Singh,Not available,Batsman,0,0,265,6,2,0
4099,DE Johnson,Not available,Batsman,0,0,5,18,0,0
4100,M Simpson-Parker,Not available,Batsman,0,0,383,1,4,0
4101,Akash Bhandari,Not available,Batsman,0,0,112,12,0,0
4102,MLN Sissako,Not available,Batsman,0,0,296,4,2,0
4103,Mukhtar Ahmed,Not available,Batsman,0,0,404,0,2,0
4104,L Shafeeg,Not available,Batsman,0,0,48,15,0,0
4105,O Lefaga,Not available,Batsman,0,0,39,16,0,0
4106,K Kato-Stafford,Not available,Batsman,0,0,55,16,0,0
4107,MDT Kamini,India,Batsman,45,353,0,0,1,2
4108,G Kansonkho,Malawi,Batsman,0,0,380,1,0,0
4109,M Castineiras,Not available,Batsman,0,0,403,0,0,2
4110,C Waiswa,Uganda,Batsman,0,0,63,15,0,0
4111,IY Mckeon,Not available,Batsman,0,0,352,2,3,0
4112,N Joshi,Not available,Batsman,0,0,401,0,0,0
4113,N Bidaisee,Not available,Batsman,0,0,167,10,1,0
4114,Ayesha Naseem,Pakistan,Batsman,0,33,369,0,0,0
4115,CK Leopard,Not available,Batsman,0,0,339,3,1,0
4116,HP Tillakaratne,Sri Lanka,Batsman,70,332,0,0,1,0
4117,N Mokoena,Not available,Batsman,0,0,34,16,0,0
4118,Shafiq Sharif,Malaysia,Batsman,0,0,402,0,1,0
4119,MK O'Riordan,Not available,Batsman,0,0,168,10,0,0
4120,Kanchan Rana,Not available,Batsman,0,0,249,6,1,0
4121,Ammar Khalid,Canada,Batsman,0,0,0,17,0,0
4122,AA Onikoyi,Nigeria,Batsman,0,0,401,0,1,0
4123,JH Plom,Not available,Batsman,0,0,38,16,0,0
4124,MSN Ekani,Not available,Batsman,0,0,138,11,0,0
4125,Vikash Singh,Not available,Batsman,0,0,48,14,0,0
4126,JL Tutty,Not available,Batsman,0,0,31,16,0,0
4127,Sagun Kamat,Not available,Batsman,0,0,400,0,2,0
4128,D Wotu,Not available,Batsman,0,0,19,16,0,0
4129,K Kavindi,Sri Lanka,Batsman,0,17,34,14,0,0
4130,OJ Webster,Isle of Man,Batsman,0,0,240,7,1,0
4131,JC Balt,Namibia,Batsman,0,35,105,11,0,0
4132,G Toka,Papua New Guinea,Batsman,0,268,31,4,0,0
4133,Sudip Chatterjee,Not available,Batsman,0,0,399,0,3,0
4134,Ashwani Kumar,Not available,Batsman,0,0,1,18,0,0
4135,Khadija Imtiaz,Not available,Batsman,0,0,119,12,0,0
4136,Ruyel Miah,Not available,Batsman,0,0,20,16,0,0
4137,Abdul Wahid,Not available,Batsman,0,0,170,10,1,0
4138,Ameel Mauroof,Maldives,Batsman,0,0,92,13,0,0
4139,M Ansari,Oman,Batsman,0,0,6,17,0,0
4140,Nikhil Gangta,Not available,Batsman,0,0,370,1,3,0
4141,IKO Aboagye,Ghana,Batsman,0,0,43,16,0,0
4142,Karanveer Kaushal,Not available,Batsman,0,0,397,0,3,0
4143,AA Paradkar,United States of America,Batsman,0,51,16,14,0,0
4144,R de Swardt,South Africa,Batsman,99,0,95,7,1,0
4145,JAM Henri,Not available,Batsman,0,0,44,15,0,0
4146,F Singh,Not available,Batsman,0,0,26,16,0,0
4147,G Gune,Not available,Batsman,0,0,396,0,1,1
4148,O Davidson,Scotland,Batsman,0,34,37,12,0,0
4149,J Kowa,Not available,Batsman,0,0,62,14,0,0
4150,Jai Sinh,Not available,Batsman,0,0,156,11,1,0
4151,N Saini,Not available,Batsman,0,0,395,0,3,0
4152,A Aitken,Scotland,Batsman,0,78,189,5,0,0
4153,Kanishk Seth,Not available,Batsman,0,0,24,16,0,0
4154,S Dhakal,Nepal,Batsman,0,7,9,14,0,0
4155,SA Mothoa,Not available,Batsman,0,0,23,15,0,0
4156,Shivam Bhambri,Not available,Batsman,0,0,394,0,3,0
4157,Mazharul Islam,Not available,Batsman,0,0,300,4,2,0
4158,CM Wright,Scotland,Batsman,0,81,14,12,0,0
4159,Vikas Hathwala,Not available,Batsman,0,0,364,1,1,0
4160,A Paul,Not available,Batsman,0,0,30,16,0,0
4161,NB Singh,Not available,Batsman,0,0,1,18,0,0
4162,T Maruma,Zimbabwe,Batsman,68,122,86,4,0,0
4163,BI Dilruksha,Not available,Batsman,0,0,392,0,2,0
4164,Rajesh Dhuper,Not available,Batsman,0,0,392,0,1,0
4165,Snehal Kauthankar,Not available,Batsman,0,0,392,0,2,0
4166,Omar Rassol,Not available,Batsman,0,0,291,4,2,0
4167,G Oliveira,Not available,Batsman,0,0,75,13,0,0
4168,BS Fulmali,Not available,Batsman,0,0,391,0,1,0
4169,L Dobson,Not available,Batsman,0,0,390,0,1,0
4170,PSRK Sudarshan,Not available,Batsman,0,0,20,16,0,0
4171,Amir Butt,Not available,Batsman,0,0,208,8,1,0
4172,Sagar Udeshi,Not available,Batsman,0,0,17,15,0,0
4173,WA White,Not available,Batsman,0,0,42,15,0,0
4174,NV Knight,England,Batsman,0,390,0,0,3,0
4175,Sumit Ruikar,Not available,Batsman,0,0,47,14,0,0
4176,TS Kamunhukamwe,Zimbabwe,Batsman,0,131,259,0,1,0
4177,K Cawte,Isle of Man,Batsman,0,0,3,17,0,0
4178,Nazmul Hossain Milon,Not available,Batsman,0,0,364,1,0,0
4179,R Mangal,Not available,Batsman,0,0,6,17,0,0
4180,F Utagushimaninde,Not available,Batsman,0,0,389,0,0,1
4181,R Pathan,Not available,Batsman,0,0,387,0,2,1
4182,ATS Silva,United Arab Emirates,Batsman,0,1,8,16,0,0
4183,TF Brookes,Not available,Batsman,0,0,323,3,0,0
4184,GJ Thompson,Ireland,Batsman,0,0,388,0,3,0
4185,Nouman Sarwar,Qatar,Batsman,0,0,179,9,0,0
4186,M Frost,Not available,Batsman,0,0,13,15,0,0
4187,Imran Khan,Not available,Batsman,0,0,9,16,0,0
4188,JKD Andreano,Not available,Batsman,0,0,56,13,0,0
4189,ZN Gibson,Not available,Batsman,0,0,38,15,0,0
4190,HS Gericke,Not available,Batsman,0,0,387,0,3,0
4191,M Austin,Not available,Batsman,0,0,387,0,2,0
4192,M Carmichael,Not available,Batsman,0,0,387,0,0,0
4193,Mohammad Rizlan,Qatar,Batsman,0,0,387,0,3,0
4194,MQ Adams,Not available,Batsman,0,0,387,0,1,0
4195,Yair Nagavkar,Israel,Batsman,0,0,94,12,0,0
4196,Zeshan Arif,Austria,Batsman,0,0,364,1,1,0
4197,SN Swamy,Not available,Batsman,0,0,7,17,0,0
4198,Faisal Akram,Pakistan,Batsman,0,0,9,16,0,0
4199,MW Tromp,Not available,Batsman,0,0,385,0,2,0
4200,Ansh Patel,Canada,Batsman,0,54,6,13,0,0
4201,DO Obuya,Kenya,Batsman,0,302,84,0,2,0
4202,Muhammad Farooq,United Arab Emirates,Batsman,0,4,24,15,0,0
4203,Muhammad Haziq Aiman,Not available,Batsman,0,0,386,0,0,1
4204,T Bhatia,India,Batsman,66,138,182,0,1,0
4205,Javid Patel,Not available,Batsman,0,0,74,13,0,0
4206,R Ankad,Not available,Batsman,0,0,71,14,0,0
4207,RO Mazumba,Not available,Batsman,0,0,67,14,0,0
4208,E Solomon,Israel,Batsman,0,0,384,0,2,0
4209,Parveen Kumar,Canada,Batsman,0,41,27,12,0,0
4210,R Wilson,Ireland,Batsman,4,0,8,15,0,0
4211,S Nsubuga,Not available,Batsman,0,0,2,17,0,0
4212,E Kearney,Not available,Batsman,0,0,37,13,0,0
4213,M Phillips,Not available,Batsman,0,0,63,14,0,0
4214,SP Gauchan,Nepal,Batsman,0,0,15,15,0,0
4215,Waseeq Ahmed,Bahrain,Batsman,0,0,8,16,0,0
4216,Dhruv Raval,Not available,Batsman,0,0,384,0,2,0
4217,F Song,China,Batsman,0,0,136,11,0,0
4218,SM Harwood,Australia,Batsman,0,0,12,16,0,0
4219,T Trajkovic,Not available,Batsman,0,0,115,12,0,0
4220,A Husain,Not available,Batsman,0,0,16,16,0,0
4221,LN O'Connor,Not available,Batsman,0,0,7,15,0,0
4222,JR Barry,Bahamas,Batsman,0,0,175,9,0,0
4223,TT Aung,Not available,Batsman,0,0,295,4,0,0
4224,Abdul Gaffar Saqlain,Not available,Batsman,0,0,77,13,0,0
4225,T Mulepati,Not available,Batsman,0,0,92,13,0,0
4226,R Kanoh,Thailand,Batsman,0,100,206,3,0,0
4227,SKDT Madusanka,Not available,Batsman,0,0,224,7,0,0
4228,KS Sharma,Not available,Batsman,0,0,336,2,4,0
4229,NG Collins,Finland,Batsman,0,0,382,0,2,0
4230,E Anderson,Not available,Batsman,0,0,26,15,0,0
4231,DPS Tyagi,Not available,Batsman,0,0,65,14,0,0
4232,RV Patel,Not available,Batsman,0,0,375,0,0,0
4233,SJ Harbinson,Not available,Batsman,0,0,146,10,0,0
4234,SP Khakurel,Nepal,Batsman,0,78,303,0,2,0
4235,DG Weakley,Bahamas,Batsman,0,0,34,15,0,0
4236,Chirag Khurana,Not available,Batsman,0,0,264,5,2,0
4237,GDR Eranga,Canada,Batsman,0,0,1,17,0,0
4238,Muhammad Salman,Not available,Batsman,0,0,7,16,0,0
4239,W Ngowhuad,Not available,Batsman,0,0,6,17,0,0
4240,O Ranedoumoun,Not available,Batsman,0,0,67,13,0,0
4241,Amoluk Singh,Not available,Batsman,0,0,258,5,2,0
4242,DK Mathias,Not available,Batsman,0,0,325,2,2,0
4243,Shoaib Ali,Saudi Arabia,Batsman,0,0,61,15,1,0
4244,D Saxena,Not available,Batsman,0,0,239,6,1,0
4245,EJ Richardson,Ireland,Batsman,0,12,52,14,0,0
4246,N Benjamin,Not available,Batsman,0,0,90,12,0,0
4247,BBJL Perera,Italy,Batsman,0,0,379,0,1,0
4248,Khin Aye,Myanmar,Batsman,0,0,163,9,0,0
4249,KL Nagarkoti,Not available,Batsman,0,0,68,13,0,0
4250,CJ Russell,Not available,Batsman,0,0,0,17,0,0
4251,C Pyle,Gibraltar,Batsman,0,0,378,0,0,0
4252,Lalhruai Ralte,Not available,Batsman,0,0,52,13,0,0
4253,Aarti Priya,Not available,Batsman,0,0,80,12,0,0
4254,Ahmad Khalid Ahmadzai,Not available,Batsman,0,0,50,15,0,0
4255,RD Atangana,Not available,Batsman,0,0,60,14,0,0
4256,C Hartmann,Not available,Batsman,0,0,377,0,0,0
4257,JT Todd,Not available,Batsman,0,0,377,0,3,0
4258,Kuldeep,Not available,Batsman,0,0,377,0,3,0
4259,SE Gotch,Not available,Batsman,0,0,377,0,0,0
4260,J Ajiambo,Not available,Batsman,0,0,6,16,0,0
4261,SFS Cheema,Not available,Batsman,0,0,2,17,0,0
4262,Amit Mishra,Not available,Batsman,0,0,13,16,0,0
4263,Fazle Mahmud,Bangladesh,Batsman,0,0,371,0,1,0
4264,JT McFadyen,New Zealand,Batsman,0,0,376,0,0,0
4265,Muhammad Burhan,Hungary,Batsman,0,0,54,14,0,0
4266,S Sajana,Not available,Batsman,0,0,282,4,0,0
4267,Soyeb Pendi,Not available,Batsman,0,0,31,15,0,0
4268,I Muhawenimana,Not available,Batsman,0,0,14,14,0,0
4269,M Darke,Not available,Batsman,0,0,375,0,0,0
4270,Shahzaib Jamil,Not available,Batsman,0,0,375,0,0,0
4271,T Bokako,Not available,Batsman,0,0,9,15,0,0
4272,FFZ Nhaduate,Not available,Batsman,0,0,287,4,2,0
4273,Waqar Younis,Pakistan,Batsman,52,17,0,11,0,0
4274,SJ Topping,Not available,Batsman,0,0,374,0,4,0
4275,Tejwinder Singh,Not available,Batsman,0,0,75,13,0,0
4276,Dolar Mahmud,Bangladesh,Batsman,0,61,24,12,0,0
4277,Uswa Syed,Not available,Batsman,0,0,76,13,0,0
4278,Ian Dev Singh,Not available,Batsman,0,0,373,0,1,0
4279,Mohammad Atif,Not available,Batsman,0,0,2,16,0,0
4280,RJ Ranpura,Oman,Batsman,0,0,61,14,0,0
4281,RT Bailey,Not available,Batsman,0,0,373,0,2,0
4282,H Dhami,Nepal,Batsman,0,15,20,15,0,0
4283,Rex Rajkumar,Not available,Batsman,0,0,167,8,0,0
4284,ZXM Vukusic,Not available,Batsman,0,0,210,7,1,0
4285,MJ Robbins,Not available,Batsman,0,0,35,15,0,0
4286,VO Lawes,West Indies,Batsman,0,2,48,13,0,0
4287,A Raza,Belgium,Batsman,0,0,372,0,2,0
4288,Nilansh Keswani,United Arab Emirates,Batsman,0,18,60,12,0,0
4289,Awais Ahmad,Not available,Batsman,0,0,323,2,0,0
4290,A Kanukuntla,Not available,Batsman,0,0,137,9,0,0
4291,Sami Ullah,Not available,Batsman,0,0,105,12,0,0
4292,AA Barot,Not available,Batsman,0,0,348,1,1,1
4293,Aniruddha Joshi,Not available,Batsman,0,0,370,0,2,0
4294,R Lutaaya,Not available,Batsman,0,0,371,0,1,0
4295,WB Marshall,Not available,Batsman,0,0,371,0,1,0
4296,AM McCarthy,West Indies,Batsman,0,15,349,0,2,0
4297,Amshi de Silva,Not available,Batsman,0,0,30,15,0,0
4298,N Harvey,Not available,Batsman,0,0,7,16,0,0
4299,S Sarandeva,Not available,Batsman,0,0,100,11,1,0
4300,Vichanath Singh,Thailand,Batsman,0,0,56,13,0,0
4301,Amal Jacob,Not available,Batsman,0,0,60,13,0,0
4302,Irfan Sukkur,Not available,Batsman,0,0,370,0,1,0
4303,Suryansh Shedge,Not available,Batsman,0,0,251,5,1,0
4304,C Sosa,Not available,Batsman,0,0,30,14,0,0
4305,CE Bennett,Not available,Batsman,0,0,14,16,0,0
4306,HDPK Dharmasena,Sri Lanka,Batsman,6,129,0,6,0,0
4307,A Mene-Ejegi,Not available,Batsman,0,0,107,11,0,0
4308,M Ariokot,Not available,Batsman,0,0,182,7,0,0
4309,B Ellis,Not available,Batsman,0,0,105,12,0,0
4310,M Vandrasi,Not available,Batsman,0,0,164,9,0,0
4311,B Shanti,Not available,Batsman,0,0,366,0,0,0
4312,N Salekar,Not available,Batsman,0,0,128,10,0,0
4313,Rana Dutta,Not available,Batsman,0,0,76,12,0,0
4314,Amandeep Singh,Not available,Batsman,0,0,154,9,0,0
4315,DVD Madampage,Not available,Batsman,0,0,126,10,0,0
4316,Aftab Hussain,Not available,Batsman,0,0,7,16,0,0
4317,M Smit,South Africa,Batsman,0,116,146,4,2,0
4318,MMMS Cooray,Not available,Batsman,0,0,233,6,1,0
4319,Amar Naeem,Austria,Batsman,0,0,367,0,1,0
4320,J Sanele,Not available,Batsman,0,0,103,11,0,0
4321,AF Aoina,Not available,Batsman,0,0,65,13,0,0
4322,Mangal Mahrour,Not available,Batsman,0,0,342,1,3,0
4323,C Brits,South Africa,Batsman,0,292,72,0,3,1
4324,RG More,Not available,Batsman,0,0,16,15,0,0
4325,Shadnan Khan,Austria,Batsman,0,0,186,8,1,0
4326,JS Lehmann,Not available,Batsman,0,0,341,1,1,0
4327,R Dhar,India,Batsman,78,53,16,8,2,0
4328,Kuldeep Gurjar,Not available,Batsman,0,0,51,14,0,0
4329,J Khadka,Not available,Batsman,0,0,4,15,0,0
4330,J Sebanja,Uganda,Batsman,0,0,70,13,0,0
4331,S Chattergoon,West Indies,Batsman,76,281,0,0,2,0
4332,Arjun Tendulkar,Not available,Batsman,0,0,38,14,0,0
4333,DE Budge,Scotland,Batsman,0,237,60,2,0,0
4334,MG Sirur,Not available,Batsman,0,0,72,13,0,0
4335,Mohammed Awais,Qatar,Batsman,0,0,36,14,0,0
4336,GG Alta,Not available,Batsman,0,0,126,10,0,0
4337,Tillakaratne Sampath,Not available,Batsman,0,0,248,4,2,0
4338,S Kanankege,Not available,Batsman,0,0,35,13,0,0
4339,Wasim Akram,Pakistan,Batsman,0,71,0,12,0,0
4340,A Thorpe,Not available,Batsman,0,0,18,15,0,0
4341,CC van Slobbe,Netherlands,Batsman,0,0,106,11,0,0
4342,JW Shutt,Not available,Batsman,0,0,0,16,0,0
4343,DT Doram,Netherlands,Batsman,0,0,4,15,0,0
4344,Amit Sinha,Not available,Batsman,0,0,318,2,2,0
4345,CJB McCullough,Not available,Batsman,0,0,45,14,0,0
4346,Varun Sood,Not available,Batsman,0,0,185,7,1,0
4347,GG Peters,Not available,Batsman,0,0,2,16,0,0
4348,SJ Bruce,Not available,Batsman,0,0,1,16,0,0
4349,SA Panayan,Not available,Batsman,0,0,57,12,0,0
4350,Naina Saju,Not available,Batsman,0,0,11,15,0,0
4351,Sunny Patel,Not available,Batsman,0,0,116,10,0,0
4352,A Shreshta,Not available,Batsman,0,0,361,0,1,0
4353,Rohan Kunnummal,Not available,Batsman,0,0,361,0,3,0
4354,SG Mangela,Not available,Batsman,0,0,361,0,2,0
4355,Shivank Vashisth,Not available,Batsman,0,0,12,16,0,0
4356,SMK Waththage,Czech Republic,Batsman,0,0,9,15,0,0
4357,D Langford-Smith,Ireland,Batsman,0,79,0,10,0,0
4358,Osama Mahmood,Not available,Batsman,0,0,263,4,2,0
4359,Akshay Wadkar,Not available,Batsman,0,0,360,0,2,0
4360,JA Bird,Not available,Batsman,0,0,335,1,2,0
4361,K Kubota,Not available,Batsman,0,0,1,16,0,0
4362,SC Meaker,England,Batsman,0,2,19,14,0,0
4363,S Hook,Not available,Batsman,0,0,359,0,2,0
4364,CM Akachukwu,Not available,Batsman,0,0,90,11,0,0
4365,N Zimonjic,Not available,Batsman,0,0,127,10,0,0
4366,O Olaleye,Not available,Batsman,0,0,358,0,0,0
4367,MW Jones,Scotland,Batsman,0,9,28,14,0,0
4368,YP Dayal,Not available,Batsman,0,0,136,9,0,0
4369,TL Cutler,Not available,Batsman,0,0,69,12,0,0
4370,GP Balderson,Not available,Batsman,0,0,114,11,0,0
4371,Harsh Dubey,Not available,Batsman,0,0,13,15,0,0
4372,Auqib Nabi,Not available,Batsman,0,0,47,13,0,0
4373,RC Irani,England,Batsman,0,118,0,8,0,0
4374,SM Meherob,Not available,Batsman,0,0,100,11,0,0
4375,Sajad Ahmadzai,Not available,Batsman,0,0,70,12,0,0
4376,JL Aras,United States of America,Batsman,0,5,36,13,0,0
4377,AC Lenham,Not available,Batsman,0,0,15,14,0,0
4378,ST Frohnmayer,Not available,Batsman,0,0,129,9,0,0
4379,Rishabh Tiwari,Not available,Batsman,0,0,356,0,3,0
4380,Syed Maisam Ali,Not available,Batsman,0,0,31,15,0,0
4381,Bashir Shah,Denmark,Batsman,0,0,10,15,0,0
4382,C Henery,Not available,Batsman,0,0,128,10,0,0
4383,A Nathwani,Not available,Batsman,0,0,25,14,0,0
4384,KHD Barker,Not available,Batsman,0,0,54,13,0,0
4385,M Artur,Not available,Batsman,0,0,56,13,0,0
4386,NT Nyamhuri,Zimbabwe,Batsman,18,33,5,11,0,0
4387,Abhijeet Ahuja,Not available,Batsman,0,0,313,2,2,0
4388,Puneet Datey,Not available,Batsman,0,0,21,14,0,0
4389,GC Galanis,Not available,Batsman,0,0,77,12,0,0
4390,R Chaudhary,Not available,Batsman,0,0,11,14,0,0
4391,JRMVB Sanjaya,Not available,Batsman,0,0,48,13,0,0
4392,Pankaj Rao,Not available,Batsman,0,0,1,15,0,0
4393,DGAPD Wiswi,Not available,Batsman,0,0,85,12,0,0
4394,Rishav Das,Not available,Batsman,0,0,353,0,2,0
4395,S Grover,Not available,Batsman,0,0,353,0,0,1
4396,H Khogiyani,Not available,Batsman,0,0,121,9,0,0
4397,DB Das,Not available,Batsman,0,0,352,0,0,0
4398,H Johal,Not available,Batsman,0,0,19,15,0,0
4399,MY Vallie,Not available,Batsman,0,0,190,7,0,0
4400,Sineth Jayawardena,Not available,Batsman,0,0,290,3,2,0
4401,Soaeb Tai,Not available,Batsman,0,0,56,13,0,0
4402,EHSN Silva,United Arab Emirates,Batsman,0,7,32,13,0,0
4403,Karanveer Singh,Not available,Batsman,0,0,12,15,0,0
4404,M Aboagye,Ghana,Batsman,0,0,113,10,0,0
4405,VV Weerappuli,Not available,Batsman,0,0,15,15,0,0
4406,Rakibul Hasan,Italy,Batsman,0,0,61,13,0,0
4407,EC Sen,Not available,Batsman,0,0,351,0,1,0
4408,OA Ramela,Not available,Batsman,0,0,351,0,1,0
4409,Shafiqul Islam,Not available,Batsman,0,0,0,15,0,0
4410,TP Allen,United States of America,Batsman,0,0,160,8,0,0
4411,Sameer Minhas,Not available,Batsman,0,0,349,0,3,0
4412,M Beitaki,Fiji,Batsman,0,0,350,0,2,0
4413,Sarfaraj Patel,Lesotho,Batsman,0,0,103,11,0,0
4414,Ahmed Hassan,Maldives,Batsman,0,0,210,6,0,0
4415,Hassan Eisakhil,Not available,Batsman,0,0,349,0,2,1
4416,Nafees Iqbal,Bangladesh,Batsman,221,128,0,0,2,0
4417,TJ Lester,Not available,Batsman,0,0,8,15,0,0
4418,Abul Farhad,Not available,Batsman,0,0,12,15,0,0
4419,Tanay Thyagarajan,Not available,Batsman,0,0,111,9,0,0
4420,Zain Muzaffar,Not available,Batsman,0,0,50,13,0,0
4421,Bakhtyar Nabi,Not available,Batsman,0,0,55,13,0,0
4422,Siyabonga Mahima,Not available,Batsman,0,0,9,14,0,0
4423,Mukhtar Ghulami,Not available,Batsman,0,0,348,0,0,0
4424,Pavan Deshpande,Not available,Batsman,0,0,297,2,2,0
4425,CJ Borgas,Not available,Batsman,0,0,345,0,0,0
4426,Isaac Mohammed,Not available,Batsman,0,0,347,0,0,0
4427,E Schiferli,Netherlands,Batsman,0,79,7,9,0,0
4428,NMS Param,Singapore,Batsman,0,0,298,2,1,0
4429,Adnan Mufti,United Arab Emirates,Batsman,0,328,18,0,1,0
4430,SS McKechnie,Hong Kong,Batsman,0,73,273,0,0,0
4431,WRKS Darshika,Not available,Batsman,0,0,147,9,1,0
4432,DS Thilakaratne,Not available,Batsman,0,0,33,14,0,0
4433,D Golechha,Not available,Batsman,0,0,5,14,0,0
4434,LN Onyango,Kenya,Batsman,0,61,12,11,0,0
4435,A Akhigbe,Not available,Batsman,0,0,86,11,0,0
4436,H Desai,Not available,Batsman,0,0,345,0,1,0
4437,R Bishnoi,Not available,Batsman,0,0,345,0,2,0
4438,Rashid Latif,Pakistan,Batsman,10,335,0,0,0,0
4439,Abdullah Rana,Not available,Batsman,0,0,42,14,0,0
4440,SA Sathiya,Not available,Batsman,0,0,32,13,0,0
4441,Saif Badar,Not available,Batsman,0,0,317,1,1,0
4442,Sanvir Singh,Not available,Batsman,0,0,251,4,1,0
4443,CN Onwuzulike,Nigeria,Batsman,0,0,299,2,2,0
4444,Jagrat Dubey,Not available,Batsman,0,0,68,11,0,0
4445,RK Kiseto,Tanzania,Batsman,0,0,13,14,0,0
4446,GCH Hill,Not available,Batsman,0,0,147,8,0,0
4447,A Das,India,Batsman,0,1,7,14,0,0
4448,DF Jacobs,Thailand,Batsman,0,0,169,8,0,0
4449,J Hicks,Not available,Batsman,0,0,0,15,0,0
4450,R Edwards,Not available,Batsman,0,0,8,15,0,0
4451,EK Marlow,Not available,Batsman,0,0,185,7,0,0
4452,D Robson,Not available,Batsman,0,0,29,13,0,0
4453,Haseebullah Khan,Pakistan,Batsman,0,0,343,0,1,0
4454,Nitin Yadav,Not available,Batsman,0,0,3,15,0,0
4455,T Kaitano,Zimbabwe,Batsman,186,157,0,0,1,0
4456,Ayesha Hasan,Not available,Batsman,0,0,340,0,1,0
4457,B Tlali,Not available,Batsman,0,0,56,12,0,0
4458,BP Sharma,Not available,Batsman,0,0,0,15,0,0
4459,RR Biswa,Not available,Batsman,0,0,167,7,0,0
4460,Hayatullah Niazi,Norway,Batsman,0,0,133,9,1,0
4461,Muhammad Shoaib Ahmed,Cyprus,Batsman,0,0,136,9,0,0
4462,RMAU Grimmond,West Indies,Batsman,0,198,144,0,3,0
4463,DJ Turkich,Not available,Batsman,0,0,91,11,0,0
4464,AN Toube,Not available,Batsman,0,0,197,6,0,0
4465,Hamid Safi,Not available,Batsman,0,0,211,6,0,0
4466,J Campbell,Zimbabwe,Batsman,37,8,238,2,0,0
4467,TM Macalou,Not available,Batsman,0,0,92,11,0,0
4468,CFK van Wyk,New Zealand,Batsman,341,0,0,0,1,0
4469,R Moonsamy,Not available,Batsman,0,0,341,0,2,0
4470,RJ Das,Not available,Batsman,0,0,341,0,2,0
4471,S Williams,Sierra Leone,Batsman,0,0,43,12,0,0
4472,MY Bawa,Not available,Batsman,0,0,177,7,0,0
4473,K Ganesh,United States of America,Batsman,0,0,131,9,0,0
4474,SM Betts,Not available,Batsman,0,0,11,14,0,0
4475,SY Nihute,Not available,Batsman,0,0,340,0,1,0
4476,GK Ghalley,Not available,Batsman,0,0,338,0,0,0
4477,HMHE Parsons,Not available,Batsman,0,0,191,7,0,0
4478,S Kambalapalli,Not available,Batsman,0,0,111,10,1,0
4479,HE Dearden,Not available,Batsman,0,0,339,0,1,0
4480,MC Juneja,Not available,Batsman,0,0,339,0,1,0
4481,Mudassir Iqbal,South Korea,Batsman,0,0,127,9,0,0
4482,Raza-ur-Rehman,Canada,Batsman,0,174,70,3,2,0
4483,Garret Banner,Not available,Batsman,0,0,98,10,0,0
4484,Tanveer Ul-Haq,Not available,Batsman,0,0,38,13,0,0
4485,P Agrawal,Not available,Batsman,0,0,14,14,0,0
4486,CG Heaphy,Not available,Batsman,0,0,338,0,1,0
4487,Moin Khan,Pakistan,Batsman,64,274,0,0,2,0
4488,V Mbazo,Not available,Batsman,0,0,338,0,0,0
4489,BM Pecic,Not available,Batsman,0,0,337,0,1,1
4490,ML Udawatte,Sri Lanka,Batsman,23,243,71,0,2,0
4491,GM Ntambalika,Malawi,Batsman,0,0,171,7,0,0
4492,KL Britt,Australia,Batsman,8,0,291,1,1,0
4493,KS Ahuja,Not available,Batsman,0,0,266,3,0,0
4494,SB Keene,Not available,Batsman,0,0,214,5,1,0
4495,SE Bowden,Not available,Batsman,0,0,112,10,0,0
4496,SJ Srivastava,Not available,Batsman,0,0,5,14,0,0
4497,LW Feldman,Not available,Batsman,0,0,12,14,0,0
4498,MT Jacob,Not available,Batsman,0,0,42,12,0,0
4499,S Mukuddem,Bermuda,Batsman,0,90,0,10,1,0
4500,Juairiya Ferdous,Bangladesh,Batsman,0,7,328,0,2,0
4501,Pooja Ganesh,United States of America,Batsman,0,49,286,0,0,0
4502,Atif-Ur-Rehman,Not available,Batsman,0,0,18,13,0,0
4503,GM Ewing,Zimbabwe,Batsman,36,77,0,6,0,0
4504,E Guehoada,Not available,Batsman,0,0,43,12,0,0
4505,Saad Masood,Pakistan,Batsman,0,38,117,7,1,0
4506,Aslan Jafri,Not available,Batsman,0,0,130,9,0,0
4507,S Qeshile,South Africa,Batsman,0,22,312,0,0,0
4508,CA Dry,Not available,Batsman,0,0,44,12,0,0
4509,V Masekesa,Zimbabwe,Batsman,38,0,0,10,0,0
4510,GR Breese,Not available,Batsman,0,0,58,12,0,0
4511,Mrinmoy Dutta,Not available,Batsman,0,0,6,14,0,0
4512,Nimish Lathief,Not available,Batsman,0,0,93,10,0,0
4513,MFI Assuncao,Not available,Batsman,0,0,198,6,0,0
4514,T Makusha,Zimbabwe,Batsman,0,22,20,10,0,0
4515,J Horrocks,Not available,Batsman,0,0,57,11,0,0
4516,Musfik Hasan,Not available,Batsman,0,0,0,15,0,0
4517,M Short,Not available,Batsman,0,0,39,13,0,0
4518,RD de Sousa,Not available,Batsman,0,0,114,9,0,0
4519,A Flower,Zimbabwe,Batsman,0,332,0,0,3,0
4520,Amir Zaib,Not available,Batsman,0,0,243,4,0,0
4521,M Rathnayake,Not available,Batsman,0,0,332,0,1,0
4522,Najiha Alvi,Pakistan,Batsman,0,313,19,0,1,0
4523,Tushar Imran,Bangladesh,Batsman,37,250,0,1,0,0
4524,H Rashid,Swaziland,Batsman,0,0,139,8,0,0
4525,JTA Benton,Not available,Batsman,0,0,51,12,0,0
4526,A Martin,West Indies,Batsman,0,10,0,12,0,0
4527,Brijesh Sharma,Not available,Batsman,0,0,2,14,0,0
4528,AR Valdez,Not available,Batsman,0,0,270,2,1,0
4529,N Krishna,Not available,Batsman,0,0,60,12,0,0
4530,A Mohamed,Tanzania,Batsman,0,0,131,8,0,0
4531,E Van Zyl,Not available,Batsman,0,0,331,0,0,0
4532,G Mallett,Not available,Batsman,0,0,1,15,0,0
4533,GH O'Brien,Bermuda,Batsman,0,2,25,13,0,0
4534,Muhammad Umar,Not available,Batsman,0,0,331,0,1,0
4535,MJ Suthar,India,Batsman,33,0,1,12,0,0
4536,Yuvraj Singh,Not available,Batsman,0,0,19,14,0,0
4537,M Kpaka,Sierra Leone,Batsman,0,0,77,11,0,0
4538,M Mavunga,Zimbabwe,Batsman,0,13,44,11,0,0
4539,MP Enright,Namibia,Batsman,0,0,108,10,0,0
4540,R Limema,Not available,Batsman,0,0,15,13,0,0
4541,A Bierwisch,Not available,Batsman,0,0,153,8,0,0
4542,Ali Usman,Pakistan,Batsman,19,0,0,11,0,0
4543,S Simetu,Not available,Batsman,0,0,20,13,0,0
4544,Zinaida Jeremiah,Tanzania,Batsman,0,0,12,14,0,0
4545,BS Stephenson,Not available,Batsman,0,0,164,7,1,0
4546,JM Iradukunda,Not available,Batsman,0,0,42,12,0,0
4547,AUKDS Kalugala,Not available,Batsman,0,0,281,2,0,0
4548,SA Fernando,Not available,Batsman,0,0,21,14,0,0
4549,Mayank Raghav,Not available,Batsman,0,0,301,1,2,1
4550,C Agafili,Not available,Batsman,0,0,244,3,0,0
4551,D Smith,Not available,Batsman,0,0,328,0,2,0
4552,PA Nixon,England,Batsman,0,297,31,0,0,0
4553,PB Gouge,Not available,Batsman,0,0,328,0,3,0
4554,M Abdulla,Malawi,Batsman,0,0,51,12,0,0
4555,Palzor Tamang,Not available,Batsman,0,0,107,9,0,0
4556,Faisal Raza,Not available,Batsman,0,0,303,1,0,0
4557,A Argyropoulou,Not available,Batsman,0,0,327,0,1,0
4558,MH Richardson,New Zealand,Batsman,327,0,0,0,0,1
4559,C Gunasekara,Sri Lanka,Batsman,0,0,22,14,0,0
4560,AB Fudadin,West Indies,Batsman,122,0,199,0,2,0
4561,KR Singh,Not available,Batsman,0,0,144,8,0,0
4562,E Duffy,Not available,Batsman,0,0,45,12,0,0
4563,G Ilarionova,Not available,Batsman,0,0,116,8,0,0
4564,KR Jha,Not available,Batsman,0,0,96,10,0,0
4565,PDRL Perera,Sri Lanka,Batsman,0,5,0,11,0,0
4566,Abdul Samad,Pakistan,Batsman,0,66,259,0,0,0
4567,Ameer Saiyed,Not available,Batsman,0,0,253,3,0,0
4568,F Tanguy,Not available,Batsman,0,0,59,11,0,0
4569,Zada Sher,Not available,Batsman,0,0,201,5,1,0
4570,Amogh Desai,Not available,Batsman,0,0,236,4,0,0
4571,A Aikenhead,Not available,Batsman,0,0,324,0,2,0
4572,Atif Rasheed,Not available,Batsman,0,0,215,5,0,0
4573,E Johnston,Not available,Batsman,0,0,324,0,1,0
4574,K Krishnakumar,Not available,Batsman,0,0,324,0,1,0
4575,Pradipta Pramanik,Not available,Batsman,0,0,56,12,0,0
4576,Samarth Seth,Not available,Batsman,0,0,275,2,2,0
4577,G Mahlokwana,Not available,Batsman,0,0,17,13,0,0
4578,K D Patel,Not available,Batsman,0,0,19,12,0,0
4579,E Kabwere,Not available,Batsman,0,0,6,14,0,0
4580,S Magar,Nepal,Batsman,0,0,128,8,0,0
4581,Ankit Kaushik,Not available,Batsman,0,0,301,1,1,0
4582,PJ Brett,Not available,Batsman,0,0,3,14,0,0
4583,Muhammed Imran,Oman,Batsman,0,2,1,14,0,0
4584,LR Doolan,New Zealand,Batsman,0,49,22,10,0,0
4585,GH Rhodes,Not available,Batsman,0,0,103,10,0,0
4586,LO Telea,Samoa,Batsman,0,0,55,12,0,0
4587,S Ostergaard,Not available,Batsman,0,0,25,13,0,0
4588,AS Gorad,Not available,Batsman,0,0,269,2,0,0
4589,Ali Nadeem,Canada,Batsman,0,134,188,0,3,0
4590,DA Gunawardene,Sri Lanka,Batsman,0,322,0,0,2,0
4591,Jannatul Ferdus,Bangladesh,Batsman,0,30,3,12,0,0
4592,Shubham Khajuria,Not available,Batsman,0,0,322,0,2,0
4593,T Johnson,Not available,Batsman,0,0,6,13,0,0
4594,J Neill,Ireland,Batsman,145,0,52,4,0,0
4595,Arif Yaqoob,Not available,Batsman,0,0,11,14,0,0
4596,A Glen,Not available,Batsman,0,0,89,10,0,0
4597,AAS Silva,Not available,Batsman,0,0,110,9,0,0
4598,DJ Gibb,Not available,Batsman,0,0,16,12,0,0
4599,JF Kloppenburg,Netherlands,Batsman,0,149,0,7,0,1
4600,SH Obed,Not available,Batsman,0,0,71,11,0,0
4601,SV Carlisle,Zimbabwe,Batsman,211,110,0,0,0,1
4602,L Kishan Singha,Not available,Batsman,0,0,79,10,0,0
4603,PK Mohanarangam,Not available,Batsman,0,0,58,12,0,0
4604,Abhishesh Gautam,Not available,Batsman,0,0,12,13,0,0
4605,BS McKinney,Not available,Batsman,0,0,320,0,0,0
4606,ER Dwivedi,Not available,Batsman,0,0,320,0,1,0
4607,L Heap,Not available,Batsman,0,0,319,0,0,0
4608,LH Heaps,Not available,Batsman,0,0,11,13,0,0
4609,TMA Leslie,Not available,Batsman,0,0,36,12,0,0
4610,S Ravikumar,Sri Lanka,Batsman,0,0,122,8,1,0
4611,P Gheewala,Not available,Batsman,0,0,15,13,0,0
4612,RAP Nissanka,Sri Lanka,Batsman,0,31,0,11,0,0
4613,Lalhruaizela,Not available,Batsman,0,0,207,5,0,0
4614,C Cassell,Scotland,Batsman,0,4,3,13,0,0
4615,C Perry,Not available,Batsman,0,0,23,12,0,0
4616,RR Raje,Not available,Batsman,0,0,21,13,0,0
4617,S Sadarangani,Not available,Batsman,0,0,186,5,0,0
4618,V Pratap Singh,Not available,Batsman,0,0,2,13,0,0
4619,M Raikes,Not available,Batsman,0,0,248,3,3,0
4620,Ashiqullah Said,Belgium,Batsman,0,0,39,12,0,0
4621,KB Ahir,Panama,Batsman,0,0,23,13,0,0
4622,S de Livera,Not available,Batsman,0,0,318,0,0,0
4623,T Vithushan,Not available,Batsman,0,0,9,14,0,0
4624,TJ Draca,Not available,Batsman,0,0,17,13,0,0
4625,Anoop Orsu,Not available,Batsman,0,0,292,1,1,0
4626,Senitha Halambage,Not available,Batsman,0,0,51,12,0,0
4627,Anique Uddin,Denmark,Batsman,0,0,137,8,0,0
4628,AS Mehmi,Not available,Batsman,0,0,167,6,0,0
4629,EMA McLeod,New Zealand,Batsman,0,61,256,0,1,0
4630,Himanshu Bisht,Not available,Batsman,0,0,54,11,0,0
4631,I Goordial-John,Not available,Batsman,0,0,115,8,0,0
4632,JR Dean,Not available,Batsman,0,0,317,0,1,0
4633,M Martinez,Not available,Batsman,0,0,100,8,0,0
4634,T Sandeep,Not available,Batsman,0,0,317,0,2,0
4635,JO Ngoche,Kenya,Batsman,0,11,3,11,0,0
4636,Ishwar Chaudhary,Not available,Batsman,0,0,45,11,0,0
4637,LN McCarthy,Ireland,Batsman,0,12,18,10,0,0
4638,LI Salomone,Not available,Batsman,0,0,158,7,1,0
4639,Arjit Gupta,Not available,Batsman,0,0,252,3,0,0
4640,EM Moore,South Africa,Batsman,23,0,293,0,1,0
4641,Ismail Kara,Not available,Batsman,0,0,176,6,2,0
4642,L Senokwane,South Africa,Batsman,3,0,313,0,0,0
4643,Tahmeed Rahman,Not available,Batsman,0,0,18,12,0,0
4644,ZL Thoon,Not available,Batsman,0,0,29,12,0,0
4645,P Mujaji,Zimbabwe,Batsman,0,86,227,0,0,0
4646,A Chenthamara,Not available,Batsman,0,0,3,14,0,0
4647,S Tosic,Not available,Batsman,0,0,131,8,0,0
4648,C Ostergaard,Not available,Batsman,0,0,40,11,0,0
4649,Aminuddin Ramly,Malaysia,Batsman,0,0,315,0,0,0
4650,Aniket Verma,Not available,Batsman,0,0,315,0,1,0
4651,RD Jacobs,West Indies,Batsman,173,142,0,0,1,1
4652,Vishvaraj Jadeja,Not available,Batsman,0,0,315,0,1,0
4653,Y Jalloh,Sierra Leone,Batsman,0,0,315,0,2,0
4654,CJC Wright,Not available,Batsman,0,0,7,13,0,0
4655,ORT Sale,Not available,Batsman,0,0,20,13,0,0
4656,Lalhmangaiha,Not available,Batsman,0,0,240,3,0,0
4657,NM Meepage,Sri Lanka,Batsman,0,1,1,12,0,0
4658,B Pondani,Not available,Batsman,0,0,20,12,0,0
4659,J Dean,Not available,Batsman,0,0,286,1,0,0
4660,Sumit Singh,Not available,Batsman,0,0,122,8,0,0
4661,DR Patankar,Not available,Batsman,0,0,314,0,1,0
4662,THS Rew,Not available,Batsman,0,0,314,0,1,0
4663,E Ungerman,Not available,Batsman,0,0,12,13,0,0
4664,T Legaabile,Not available,Batsman,0,0,71,10,0,0
4665,Wu Juan,China,Batsman,0,0,20,12,0,0
4666,BP Coburn,Not available,Batsman,0,0,44,11,0,0
4667,Suman Ghimire,Not available,Batsman,0,0,265,2,1,0
4668,Mohamed Mahfooz,Maldives,Batsman,0,0,54,11,0,0
4669,C Lokuge,Not available,Batsman,0,0,81,10,0,0
4670,H Kaushik,United Arab Emirates,Batsman,0,80,156,2,1,0
4671,Natim Hassam,Not available,Batsman,0,0,218,4,1,0
4672,MP Bicknell,England,Batsman,19,0,0,10,0,0
4673,Musawar Shah,Not available,Batsman,0,0,1,14,0,0
4674,K Wakita,Japan,Batsman,0,0,42,12,0,0
4675,SJ Elliott,Australia,Batsman,196,8,34,2,1,1
4676,SR Thadani,United States of America,Batsman,0,6,17,12,0,0
4677,Al-Amin,Not available,Batsman,0,0,232,3,0,0
4678,Adeeb Usmani,United Arab Emirates,Batsman,0,279,32,0,2,1
4679,C Brennan,Not available,Batsman,0,0,311,0,1,0
4680,K Vijayaraghavan,Not available,Batsman,0,0,311,0,0,0
4681,PP Hinge,Not available,Batsman,0,0,3,14,0,0
4682,PC Connell,Ireland,Batsman,0,6,1,13,0,0
4683,E Falconer,Not available,Batsman,0,0,79,10,0,0
4684,WACP Wijelath,Not available,Batsman,0,0,4,14,0,0
4685,F Pessima,Not available,Batsman,0,0,35,12,0,0
4686,K Shrestha,Nepal,Batsman,0,0,310,0,0,0
4687,UCKA Dona,United Arab Emirates,Batsman,0,88,222,0,1,0
4688,AEN Riley,Not available,Batsman,0,0,10,13,0,0
4689,Gurdeep Singh,Kenya,Batsman,0,0,242,3,0,0
4690,JNK Shannon,Ireland,Batsman,0,2,286,1,4,0
4691,J Spence,Not available,Batsman,0,0,309,0,3,0
4692,RP Sharma,Not available,Batsman,0,0,309,0,1,0
4693,H Celik,Not available,Batsman,0,0,59,11,0,0
4694,Sammu Ashan,Not available,Batsman,0,0,79,10,0,0
4695,SM Benade,South Africa,Batsman,0,100,34,7,0,0
4696,Ankit Chaudhary,Not available,Batsman,0,0,35,12,0,0
4697,S Krisheta,Not available,Batsman,0,0,173,6,0,0
4698,NA Gordon,Not available,Batsman,0,0,5,13,0,0
4699,Akash Vasisht,Not available,Batsman,0,0,168,6,0,0
4700,Jaweed Sadran,Not available,Batsman,0,0,71,10,0,0
4701,Prashanth Kumar,Not available,Batsman,0,0,281,1,1,0
4702,S Koppolu,Not available,Batsman,0,0,157,6,0,0
4703,Faheem Nellancheri,Not available,Batsman,0,0,307,0,0,0
4704,S Sehrawat,Not available,Batsman,0,0,307,0,0,0
4705,A Ostergaard,Not available,Batsman,0,0,245,2,1,0
4706,K Vislapuu,Not available,Batsman,0,0,17,12,0,0
4707,SL Gomez,Not available,Batsman,0,0,273,1,0,0
4708,Aditya Garhwal,Not available,Batsman,0,0,263,2,0,0
4709,S Conners,Not available,Batsman,0,0,7,13,0,0
4710,Zara Mohammad,Not available,Batsman,0,0,43,11,0,0
4711,SJ Hughes-Pinan,Not available,Batsman,0,0,8,13,0,0
4712,I Elec,Not available,Batsman,0,0,144,7,2,0
4713,Tashi Dorji,Not available,Batsman,0,0,94,9,0,0
4714,A Mesarovic,Not available,Batsman,0,0,197,4,2,0
4715,V Buruka,Papua New Guinea,Batsman,0,2,0,12,0,0
4716,NJ van den Bergh,Not available,Batsman,0,0,305,0,2,0
4717,S Daffara,Not available,Batsman,0,0,305,0,0,0
4718,T Saville,Not available,Batsman,0,0,305,0,0,0
4719,Ashwini Balaji,Not available,Batsman,0,0,2,12,0,0
4720,RM ter Braak,Not available,Batsman,0,0,9,13,0,0
4721,N Mabila,Not available,Batsman,0,0,68,9,0,0
4722,Abhishek Anand,Not available,Batsman,0,0,279,1,1,0
4723,E Liddell,Australia,Batsman,24,0,0,10,0,0
4724,TN Walallawita,Not available,Batsman,0,0,23,12,0,0
4725,Tariq Aziz,Portugal,Batsman,0,0,85,10,0,0
4726,Chan Sau Har,Hong Kong,Batsman,0,0,26,12,0,0
4727,DM Richards,West Indies,Batsman,125,179,0,0,3,0
4728,KA Hope,West Indies,Batsman,101,138,65,0,0,0
4729,Mohammad Sharif,Bangladesh,Batsman,36,0,51,6,0,0
4730,RN Gurbani,Not available,Batsman,0,0,14,12,0,0
4731,TG Mokoena,Not available,Batsman,0,0,304,0,0,0
4732,Jonte Smith,Not available,Batsman,0,0,37,12,0,0
4733,Mohammed Irfan,Uganda,Batsman,0,0,35,12,0,0
4734,Yashodha Lanka,Not available,Batsman,0,0,282,1,2,0
4735,AV Rajput,Not available,Batsman,0,0,171,6,1,0
4736,ED Silva,Not available,Batsman,0,0,166,6,2,0
4737,GW Thomas,Not available,Batsman,0,0,303,0,1,0
4738,M Heingo,Namibia,Batsman,0,0,0,13,0,0
4739,M Rawat,Not available,Batsman,0,0,303,0,2,0
4740,MA Suji,Kenya,Batsman,0,36,0,9,0,0
4741,GE Hall,Not available,Batsman,0,0,9,13,0,0
4742,J Blades,West Indies,Batsman,0,0,6,12,0,0
4743,A Busing-Volschenk,Namibia,Batsman,0,2,213,4,2,0
4744,DE Burgess,Samoa,Batsman,0,0,136,7,0,0
4745,P Murungi,Not available,Batsman,0,0,231,3,0,0
4746,Mohamed Turay,Not available,Batsman,0,0,19,12,0,0
4747,L Anyait,Not available,Batsman,0,0,9,12,0,0
4748,G Goudie,Scotland,Batsman,0,0,8,13,0,0
4749,I Mutoni,Not available,Batsman,0,0,2,13,0,0
4750,Iftikhar Kankhel,Not available,Batsman,0,0,9,13,0,0
4751,Saurabh Rawat,Not available,Batsman,0,0,300,0,1,0
4752,Adnan Mirza,Not available,Batsman,0,0,130,7,0,0
4753,MPM Pathirannehelage,Not available,Batsman,0,0,83,9,0,0
4754,Nestor Dhamba,Oman,Batsman,0,23,3,11,0,0
4755,T Chopra,Not available,Batsman,0,0,28,12,0,0
4756,NRP Scholtz,Namibia,Batsman,0,0,111,8,0,0
4757,YV Dhull,Not available,Batsman,0,0,300,0,1,0
4758,F O'Neill,Not available,Batsman,0,0,60,10,0,0
4759,P Chilongia,Not available,Batsman,0,0,49,11,0,0
4760,G Lalbiakvela,Not available,Batsman,0,0,16,11,0,0
4761,RJ Hatchman,Gibraltar,Batsman,0,0,137,6,0,0
4762,W McClintock,Not available,Batsman,0,0,295,0,1,0
4763,Hemang Patel,Not available,Batsman,0,0,71,10,0,0
4764,Atharva Ankolekar,Not available,Batsman,0,0,78,9,0,0
4765,Muhammad Murad,Not available,Batsman,0,0,42,11,0,0
4766,TS Omary,Tanzania,Batsman,0,0,63,10,0,0
4767,B Yadav,Not available,Batsman,0,0,191,4,1,0
4768,OJS Bartlett,Not available,Batsman,0,0,51,10,0,0
4769,Y Saranonnakkun,Not available,Batsman,0,0,295,0,0,0
4770,Abid Mushtaq,Not available,Batsman,0,0,29,11,0,0
4771,E Gebhard,Not available,Batsman,0,0,292,0,3,0
4772,HA Jackson,Not available,Batsman,0,0,298,0,0,0
4773,B Shotorova,Not available,Batsman,0,0,62,9,0,0
4774,Mohammad Tauqir,United Arab Emirates,Batsman,0,34,17,9,0,0
4775,CJ Koski,Not available,Batsman,0,0,294,0,0,0
4776,Elan Talker,Not available,Batsman,0,0,36,11,0,0
4777,Kamran Wahid,Not available,Batsman,0,0,25,12,0,0
4778,R Matsumura,Japan,Batsman,0,0,9,13,0,0
4779,Akbar Ali,Not available,Batsman,0,0,297,0,0,0
4780,Jayasooriya,Not available,Batsman,0,0,71,9,0,0
4781,Shaik Basha,Not available,Batsman,0,0,101,9,0,0
4782,Z Evans,Not available,Batsman,0,0,8,13,0,0
4783,DDP D'Silva,United Arab Emirates,Batsman,0,53,91,6,0,0
4784,KJ Cottoy,Not available,Batsman,0,0,120,8,0,0
4785,Sunny Rana,Not available,Batsman,0,0,2,13,0,0
4786,Raza Hasan,Pakistan,Batsman,0,0,22,11,0,0
4787,A Norgrove,Not available,Batsman,0,0,296,0,2,0
4788,MS Maker,Not available,Batsman,0,0,296,0,2,0
4789,Abhijeet Saket,Not available,Batsman,0,0,0,13,0,0
4790,I Mugisha,Not available,Batsman,0,0,58,10,0,0
4791,DG Crowley,Italy,Batsman,0,0,191,4,2,0
4792,T Muzarabani,Zimbabwe,Batsman,0,10,0,11,0,0
4793,C Pervez,Canada,Batsman,0,0,2,13,0,0
4794,MKDI Amerasinghe,Sri Lanka,Batsman,0,5,0,10,0,0
4795,Musa Khan Ahmadzai,Not available,Batsman,0,0,5,13,0,0
4796,RI Millar,Not available,Batsman,0,0,12,13,0,0
4797,S Thapa,Not available,Batsman,0,0,20,12,0,0
4798,Kartik Sharma,Not available,Batsman,0,0,295,0,2,0
4799,Muhammad Zohaib,Not available,Batsman,0,0,270,1,1,0
4800,Aakash Chand,Nepal,Batsman,0,0,8,12,0,0
4801,Aslam Mohammad,Not available,Batsman,0,0,171,5,2,0
4802,G Ayan,Not available,Batsman,0,0,76,9,0,0
4803,JS Floros,Not available,Batsman,0,0,204,3,0,0
4804,Luca Petre,Not available,Batsman,0,0,41,11,0,0
4805,Waseem Raza,Not available,Batsman,0,0,32,11,0,0
4806,TA Lavia,Not available,Batsman,0,0,61,10,0,0
4807,Kawsar Khan,Not available,Batsman,0,0,69,10,0,0
4808,LK Newton,England,Batsman,111,0,31,5,1,0
4809,Tian Sen Qun,China,Batsman,0,0,28,11,0,0
4810,Rahul Dalal,Not available,Batsman,0,0,294,0,2,0
4811,Ram Dayal,Not available,Batsman,0,0,28,11,0,0
4812,AJA Gray,Not available,Batsman,0,0,24,12,0,0
4813,Madhawa Basnayaka,Not available,Batsman,0,0,73,10,0,0
4814,P Nedeljkovic,Not available,Batsman,0,0,32,11,0,0
4815,R Athapaththu,Not available,Batsman,0,0,47,11,0,0
4816,D Unhale,Not available,Batsman,0,0,184,4,0,0
4817,Kilco R Marak,Not available,Batsman,0,0,5,13,0,0
4818,Y Choden,Not available,Batsman,0,0,185,5,0,0
4819,FW McCann,Not available,Batsman,0,0,264,1,0,0
4820,Khrievitso Kense,Not available,Batsman,0,0,2,13,0,0
4821,Mirza Ahsan,Not available,Batsman,0,0,293,0,3,0
4822,T Suri,United Arab Emirates,Batsman,0,91,202,0,1,0
4823,JM Muirhead,Not available,Batsman,0,0,15,12,0,0
4824,Sabnam Rai,Nepal,Batsman,0,0,4,12,0,0
4825,Aman Hakim Khan,Not available,Batsman,0,0,195,4,1,0
4826,M Vivekanandan,Not available,Batsman,0,0,75,9,0,0
4827,Bilal Ahmad Mir,Not available,Batsman,0,0,89,9,0,0
4828,C Tlali,Lesotho,Batsman,0,0,292,0,1,0
4829,Mudassar Muhammad,Germany,Batsman,0,0,228,3,1,0
4830,A Kalasi,Not available,Batsman,0,0,14,12,0,0
4831,W Wotu,Not available,Batsman,0,0,172,5,0,0
4832,LK Bennett,Netherlands,Batsman,0,0,8,12,0,0
4833,TP Kaber,Not available,Batsman,0,0,49,11,0,0
4834,AR Frost,Not available,Batsman,0,0,225,3,2,0
4835,Debabrata Pradhan,Not available,Batsman,0,0,31,11,0,0
4836,GR Codrington,Canada,Batsman,0,80,0,8,0,0
4837,M Phiase,Not available,Batsman,0,0,43,11,0,0
4838,Amjad Ali,United Arab Emirates,Batsman,0,249,42,0,1,0
4839,DV Varghese,Not available,Batsman,0,0,40,10,0,0
4840,CR King,Not available,Batsman,0,0,110,8,0,0
4841,S Pillai,Not available,Batsman,0,0,130,6,0,0
4842,Shaila Sharmin,Bangladesh,Batsman,0,59,54,7,0,0
4843,A Dhingra,Not available,Batsman,0,0,8,12,0,0
4844,Saghir Khan,Not available,Batsman,0,0,65,10,0,0
4845,GJ Gibbs,Not available,Batsman,0,0,128,7,0,0
4846,J Byrappa,Not available,Batsman,0,0,238,2,1,0
4847,A Bishnoi,Not available,Batsman,0,0,11,12,0,0
4848,Saniyah Zia,Canada,Batsman,0,0,54,10,0,0
4849,Munim Shahriar,Not available,Batsman,0,0,290,0,2,0
4850,Vinoop Manoharan,Not available,Batsman,0,0,131,7,1,0
4851,Fazil Rahman,Not available,Batsman,0,0,7,13,0,0
4852,O Cele,Not available,Batsman,0,0,7,12,0,0
4853,RM Magare,Not available,Batsman,0,0,162,5,0,0
4854,BR Sharath,Not available,Batsman,0,0,289,0,1,0
4855,C Nunes,Not available,Batsman,0,0,289,0,1,0
4856,GE Parsons,Not available,Batsman,0,0,12,12,0,0
4857,Ilyas Ahmed,Not available,Batsman,0,0,15,11,0,0
4858,K Hilton,Not available,Batsman,0,0,289,0,1,0
4859,WEL Buttleman,Not available,Batsman,0,0,289,0,1,0
4860,BO Coad,Not available,Batsman,0,0,14,12,0,0
4861,P Dakainivanua,Not available,Batsman,0,0,75,9,0,0
4862,P Malemikia,Not available,Batsman,0,0,26,11,0,0
4863,Ragne Hallik,Not available,Batsman,0,0,115,7,0,0
4864,AM Ali,Not available,Batsman,0,0,196,4,0,0
4865,S Sharma,India,Batsman,4,4,8,11,0,0
4866,Alifiya Sayed,Not available,Batsman,0,0,3,11,0,0
4867,AR Odedara,Oman,Batsman,0,243,45,0,1,0
4868,LI Haoye,China,Batsman,0,0,0,12,0,0
4869,DK Pallekonda,Not available,Batsman,0,0,38,11,0,0
4870,R Castillo,Not available,Batsman,0,0,45,10,0,0
4871,MT Waqanisau,Not available,Batsman,0,0,76,9,0,0
4872,Likitha Yadav,Not available,Batsman,0,0,80,9,0,0
4873,Mustafa Omer,Not available,Batsman,0,0,284,0,0,1
4874,Ngawang Thinley,Not available,Batsman,0,0,25,12,0,0
4875,R van Schoor,Namibia,Batsman,0,0,287,0,1,0
4876,S Niyomuhoza,Not available,Batsman,0,0,287,0,1,0
4877,S di Bartolomeo,Not available,Batsman,0,0,2,13,0,0
4878,BA Pathan,Not available,Batsman,0,0,0,12,0,0
4879,I Alumo,Not available,Batsman,0,0,25,11,0,0
4880,V Ateak,Ghana,Batsman,0,0,6,12,0,0
4881,DJ Grobbelaar,Not available,Batsman,0,0,63,9,0,0
4882,CMG Atkins,England,Batsman,137,117,0,1,2,0
4883,I Bist,Not available,Batsman,0,0,22,11,0,0
4884,RJ Gibson,Not available,Batsman,0,0,285,0,1,0
4885,YS To,Hong Kong,Batsman,0,0,120,7,0,0
4886,K Anjali Sarvani,Not available,Batsman,0,0,25,10,0,0
4887,Yasser Nazir,Bahrain,Batsman,0,0,279,0,0,0
4888,A McGrath,England,Batsman,34,155,0,3,1,0
4889,Bikramkumar Das,Not available,Batsman,0,0,285,0,4,0
4890,Ethan D'Souza,United Arab Emirates,Batsman,0,9,168,5,0,0
4891,J Anderson,Ireland,Batsman,0,118,162,0,1,0
4892,Sankar Paul,Not available,Batsman,0,0,71,9,0,0
4893,Tsepo Ndwandwa,Not available,Batsman,0,0,3,12,0,0
4894,Ali Hasan,Not available,Batsman,0,0,10,12,0,0
4895,Ashith Rajiv,Not available,Batsman,0,0,59,9,0,0
4896,JW Hartshorn,Not available,Batsman,0,0,1,13,0,0
4897,Shahrukh Quddus,Not available,Batsman,0,0,2,12,0,0
4898,TA Findlay,Not available,Batsman,0,0,0,12,0,0
4899,Ibrar Ahmad,Not available,Batsman,0,0,60,10,0,0
4900,J Pillay,Not available,Batsman,0,0,284,0,2,0
4901,NN Banner,Not available,Batsman,0,0,46,10,0,0
4902,P Florin,Not available,Batsman,0,0,23,12,0,0
4903,PG Tulloch,Not available,Batsman,0,0,24,11,0,0
4904,AJ Kenealy,Ireland,Batsman,0,39,18,8,0,0
4905,Jobayer Hossen,Not available,Batsman,0,0,57,10,0,0
4906,J Efosa,Not available,Batsman,0,0,32,11,0,0
4907,T Ramabitsa,Not available,Batsman,0,0,25,11,0,0
4908,Zahid Ali,United Arab Emirates,Batsman,0,16,29,10,0,0
4909,James Middlebrook,Not available,Batsman,0,0,53,10,0,0
4910,Gurpreet Singh,Not available,Batsman,0,0,100,8,0,0
4911,Kshitiz Sharma,Not available,Batsman,0,0,232,2,2,0
4912,LOB Cann,Bermuda,Batsman,0,214,36,1,1,0
4913,Rizpha Bano,Not available,Batsman,0,0,281,0,1,0
4914,H Iwasaki,Not available,Batsman,0,0,283,0,1,0
4915,J Glen,Not available,Batsman,0,0,133,7,0,0
4916,S Anirudha,Not available,Batsman,0,0,283,0,2,0
4917,Ibrahim Kursad Dalyan,Not available,Batsman,0,0,152,5,0,0
4918,NT Rajendran,Not available,Batsman,0,0,31,11,0,0
4919,S Sarthak,Not available,Batsman,0,0,44,11,0,0
4920,A Fillie,Not available,Batsman,0,0,3,12,0,0
4921,Callum Taylor,Not available,Batsman,0,0,169,5,0,0
4922,Z Hoque,Thailand,Batsman,0,0,132,6,0,0
4923,Aditya Waghmode,Not available,Batsman,0,0,282,0,2,0
4924,M Rogers,Not available,Batsman,0,0,282,0,0,0
4925,Samiullah Shenwari,Not available,Batsman,0,0,117,7,0,0
4926,T Duffin,Zimbabwe,Batsman,58,224,0,0,2,0
4927,T Kolcunova,Not available,Batsman,0,0,146,4,1,0
4928,SS Bandekar,Not available,Batsman,0,0,59,10,0,0
4929,WD Balaji Rao,Canada,Batsman,0,22,0,10,0,0
4930,A Kontopirakis,Not available,Batsman,0,0,222,2,0,0
4931,M Kadyan,Not available,Batsman,0,0,111,7,1,0
4932,Muhammad Usman,Not available,Batsman,0,0,279,0,1,0
4933,V Mahajan,Not available,Batsman,0,0,127,6,0,0
4934,PEA Karunarathna,Not available,Batsman,0,0,50,10,0,0
4935,TH Semau,Not available,Batsman,0,0,22,11,0,0
4936,Amulya Pandrekar,Not available,Batsman,0,0,13,11,0,0
4937,B Chipli,Not available,Batsman,0,0,280,0,1,0
4938,Humaira Tasneem,United Arab Emirates,Batsman,0,0,39,11,0,0
4939,KH Abe,Not available,Batsman,0,0,260,1,1,0
4940,Shawaal Zulfiqar,Pakistan,Batsman,0,15,265,0,1,0
4941,Afida Afthab,Not available,Batsman,0,0,6,11,0,0
4942,H Satheedevi,Not available,Batsman,0,0,118,7,0,0
4943,GM Thomson,Not available,Batsman,0,0,200,3,1,0
4944,Anwar Arudin,Malaysia,Batsman,0,0,280,0,1,0
4945,D Rawat,Not available,Batsman,0,0,96,8,0,0
4946,Felix Alemao,Not available,Batsman,0,0,22,11,0,0
4947,C Valente,Not available,Batsman,0,0,84,8,0,0
4948,Sulaiman Ali,Not available,Batsman,0,0,139,6,0,0
4949,A Conteh,Gambia,Batsman,0,0,58,10,0,0
4950,NG Jones,Ireland,Batsman,0,7,71,8,0,0
4951,Yusuf Ebrahim,Panama,Batsman,0,0,137,6,0,0
4952,CC Blake,Vanuatu,Batsman,0,0,11,12,0,0
4953,Divyendra Singh,Not available,Batsman,0,0,279,0,2,0
4954,Deepak Punia,Not available,Batsman,0,0,80,8,0,0
4955,I Shukla,Not available,Batsman,0,0,21,11,0,0
4956,CJ Dias,Not available,Batsman,0,0,14,11,0,0
4957,R Malhotra,India,Batsman,0,118,34,5,0,0
4958,LC Pearson,England,Batsman,0,0,0,11,0,0
4959,Vani Dhanuka,Not available,Batsman,0,0,137,6,1,0
4960,RK O'Donnell,Not available,Batsman,0,0,83,8,0,0
4961,CJ White,Not available,Batsman,0,0,13,12,0,0
4962,L Taylor,Not available,Batsman,0,0,74,8,0,0
4963,AM Samad,Canada,Batsman,0,226,0,2,0,0
4964,M Desmond,Not available,Batsman,0,0,5,12,0,0
4965,C Tommy,Vanuatu,Batsman,0,0,277,0,0,0
4966,S Uwera,Not available,Batsman,0,0,277,0,1,0
4967,O Keitsemang,Not available,Batsman,0,0,12,11,0,0
4968,LP van der Westhuizen,Namibia,Batsman,0,0,155,5,1,0
4969,Andre Jarju,Gambia,Batsman,0,0,42,10,0,0
4970,JK Reed,Not available,Batsman,0,0,8,12,0,0
4971,CJ Briggs,Not available,Batsman,0,0,276,0,1,0
4972,CM Gautam,Not available,Batsman,0,0,276,0,0,0
4973,PJ Ingram,New Zealand,Batsman,61,193,22,0,1,0
4974,Sachidanand Pandey,Not available,Batsman,0,0,35,10,0,0
4975,Salman Nazar,Not available,Batsman,0,0,10,12,0,0
4976,AJ Burger,Namibia,Batsman,0,199,0,3,1,0
4977,N Knights,Isle of Man,Batsman,0,0,253,1,1,0
4978,SK Rana,Not available,Batsman,0,0,274,0,1,0
4979,GR Hay,Not available,Batsman,0,0,275,0,3,0
4980,Idrees Ul Haque,Not available,Batsman,0,0,275,0,1,0
4981,R Gaznavi,Not available,Batsman,0,0,275,0,0,0
4982,Virk Ali,Not available,Batsman,0,0,275,0,2,0
4983,WKD Perkins,Not available,Batsman,0,0,275,0,1,0
4984,LJ Leokaoke,Not available,Batsman,0,0,196,3,2,0
4985,B van Zyl,Not available,Batsman,0,0,49,10,0,0
4986,Krishnamoorthy Vignesh,Not available,Batsman,0,0,2,12,0,0
4987,JD Gibson,Not available,Batsman,0,0,228,2,0,0
4988,Kashif Siddique,Not available,Batsman,0,0,254,1,2,0
4989,TJ Phillips,Not available,Batsman,0,0,71,8,0,0
4990,EF Beard,Isle of Man,Batsman,0,0,271,0,0,0
4991,IS Billcliff,Canada,Batsman,0,223,51,0,2,0
4992,R Tari,Vanuatu,Batsman,0,0,274,0,0,0
4993,RGL Carters,Not available,Batsman,0,0,274,0,0,0
4994,J Dzulfikar,Not available,Batsman,0,0,136,6,0,0
4995,LG Moras,Not available,Batsman,0,0,89,7,0,0
4996,D Demic,Not available,Batsman,0,0,168,5,0,1
4997,F Najjumba,Uganda,Batsman,0,0,151,5,0,0
4998,K Weeraratne,Sri Lanka,Batsman,0,120,45,4,0,0
4999,RL Toole,Not available,Batsman,0,0,0,12,0,0
5000,Adnan Ilyas,Oman,Batsman,0,0,273,0,1,0