S.no,Player Name,Runs in Flat Pitches,Runs in Red Soil Pitches,Runs in Black Soil Pitches,Dismissals in Flat Pitches,Dismissals in Red Soil Pitches,Dismissals in Black Soil Pitches
1,V Kohli,14785,1836,1104,232,33,19
2,RG Sharma,9993,3034,418,207,87,15
3,DA Warner,11943,402,144,207,10,4
4,JC Buttler,10752,1031,185,214,31,10
5,JJ Roy,10416,163,188,244,2,4
6,JE Root,10411,231,106,164,5,2
7,AD Hales,10640,87,11,233,3,2
8,KC Sangakkara,10527,189,0,173,4,0
9,JM Vince,9958,0,0,193,0,0
10,CH Gayle,9179,452,27,190,12,2
11,Q de Kock,8546,832,259,193,17,7
12,KS Williamson,9119,230,133,159,9,6
13,MS Dhoni,8236,720,483,145,26,13
14,AB de Villiers,8775,442,153,133,10,4
15,SPD Smith,8491,123,668,157,7,12
16,BM Duckett,9081,0,39,191,1,1
17,F du Plessis,7837,857,207,151,17,10
18,AJ Finch,8534,238,119,185,5,5
19,Babar Azam,8752,0,0,156,0,0
20,S Dhawan,7198,906,525,146,23,13
21,MJ Guptill,8060,114,11,171,5,2
22,WL Madsen,8104,0,0,156,0,0
23,CA Ingram,8039,48,0,149,2,0
24,C Munro,7955,28,36,164,1,2
25,JM Bairstow,7555,178,278,136,8,6
26,GJ Maxwell,7326,373,103,199,12,8
27,KL Rahul,6412,946,375,130,16,11
28,DJ Bell-Drummond,7683,0,0,179,0,0
29,DA Miller,6867,484,245,122,14,5
30,N Pooran,7076,239,66,160,11,2
31,DJ Malan,7195,6,153,155,1,2
32,TM Head,7076,206,12,132,6,2
33,HM Amla,7201,81,0,124,2,0
34,JM Clarke,7243,0,0,163,0,0
35,HC Brook,6979,96,62,127,6,2
36,SA Northeast,7011,0,0,121,0,0
37,Shubman Gill,6033,498,258,104,17,6
38,SK Raina,5527,751,311,132,19,8
39,RS Bopara,6518,31,0,148,2,0
40,T Kohler-Cadmore,6520,0,0,170,0,0
41,SR Tendulkar,5410,1110,0,75,32,0
42,MM Ali,6086,269,126,188,10,6
43,LRPL Taylor,6163,247,21,130,7,1
44,KA Pollard,5037,1296,59,122,43,3
45,AZ Lees,6387,0,0,122,0,0
46,EJG Morgan,6191,100,54,167,4,3
47,A Lyth,6308,0,0,158,0,0
48,BB McCullum,5876,337,93,130,9,3
49,SR Watson,5660,342,277,135,9,7
50,V Sehwag,5777,372,58,113,15,3
51,PD Salt,5989,178,23,151,7,1
52,RR Rossouw,6153,24,0,133,1,0
53,SD Hope,5996,75,95,125,2,1
54,TWM Latham,5818,148,143,138,5,4
55,TM Dilshan,5987,101,0,121,5,0
56,MR Marsh,5516,261,226,126,8,3
57,AM Rahane,4808,652,533,117,18,19
58,Tamim Iqbal,5959,0,0,127,0,0
59,BA Stokes,5334,101,486,136,7,9
60,SS Iyer,5156,682,79,105,21,8
61,DJ Mitchell,5486,322,76,126,6,4
62,SA Yadav,3512,1982,341,93,52,7
63,Yuvraj Singh,5452,267,86,127,16,4
64,PR Stirling,5640,0,0,158,0,0
65,DPMD Jayawardene,5378,254,0,113,5,0
66,JL Denly,5626,0,0,146,0,0
67,Mohammad Rizwan,5560,0,0,103,0,0
68,Mushfiqur Rahim,5447,8,59,116,1,2
69,G Gambhir,4975,428,84,118,18,3
70,AN Cook,5189,214,0,100,4,0
71,DP Conway,5115,47,236,90,7,4
72,BKG Mendis,5300,29,52,128,2,1
73,T Westley,5345,0,0,105,0,0
74,LS Livingstone,5112,129,92,130,7,4
75,AD Mathews,5124,84,57,115,3,2
76,IR Bell,5253,0,0,108,0,0
77,Shakib Al Hasan,5135,106,11,125,8,1
78,SV Samson,4133,909,203,97,25,8
79,Fakhar Zaman,5167,0,0,110,0,0
80,LJ Wright,5155,5,0,118,1,0
81,SW Billings,5003,49,99,147,1,7
82,AK Markram,4760,255,112,111,7,4
83,Shan Masood,5126,0,0,111,0,0
84,SE Marsh,4828,268,26,90,5,3
85,James Bracey,5120,0,0,106,0,0
86,CB Cooke,5114,0,0,112,0,0
87,SR Hain,5054,0,0,85,0,0
88,KK Jennings,4874,112,0,108,2,0
89,GD Phillips,4766,85,117,117,4,2
90,MD Stoneman,4953,0,0,113,0,0
91,M Labuschagne,4934,15,0,102,1,0
92,RR Pant,3987,541,350,88,16,8
93,SR Patel,4790,49,0,121,3,0
94,CDJ Dent,4834,0,0,115,0,0
95,DW Lawrence,4833,0,0,114,0,0
96,RJ Burns,4796,0,0,123,0,0
97,KP Pietersen,4418,301,0,93,4,0
98,MH Wessels,4709,0,0,104,0,0
99,WA Young,4478,146,74,103,4,3
100,AD Russell,4244,258,188,113,9,4
101,OJ Pope,4683,0,0,100,0,0
102,OB Cox,4682,0,0,128,0,0
103,WG Jacks,4319,350,0,122,11,0
104,MP Stoinis,4468,140,31,114,7,3
105,G Clark,4615,0,0,111,0,0
106,PSP Handscomb,4558,0,47,95,0,3
107,CT Bancroft,4573,0,0,100,0,0
108,CN Ackermann,4566,0,0,100,0,1
109,HH Pandya,3026,1175,327,79,45,9
110,JD Libby,4471,0,0,78,0,0
111,KS Carlson,4429,0,0,114,0,0
112,UT Khawaja,4424,0,0,91,0,0
113,CA Lynn,4321,100,0,95,3,0
114,SS Eskinazi,4406,0,0,105,0,0
115,RA Jadeja,3627,500,253,80,15,11
116,HE van der Dussen,4182,65,133,82,3,1
117,BL D'Oliveira,4358,0,0,132,0,0
118,KD Karthik,3253,924,173,101,27,4
119,Z Crawley,4345,0,0,123,0,0
120,TL Seifert,4307,0,3,121,0,1
121,Mahmudullah,4092,111,78,117,1,2
122,RR Hendricks,4179,97,0,92,2,0
123,SG Borthwick,4270,3,0,94,1,0
124,Shoaib Malik,4254,0,0,112,0,0
125,LD Chandimal,4214,0,35,108,0,1
126,Ishan Kishan,3368,758,76,79,34,6
127,SO Hetmyer,3763,363,72,110,4,3
128,H Klaasen,3832,321,22,91,5,1
129,S Mandhana,3717,406,35,75,10,2
130,SM Curran,3863,178,107,118,6,1
131,LM Reece,4108,0,0,106,0,0
132,JL du Plooy,4108,0,0,104,0,0
133,TP Alsop,4103,0,0,94,0,0
134,PD Collingwood,4097,0,0,96,0,0
135,Mohammad Hafeez,4080,5,0,88,1,0
136,MDE Holden,4075,0,0,84,0,0
137,TB Abell,4052,0,0,87,0,0
138,T Banton,3998,21,0,100,3,0
139,LJ Evans,4017,0,0,103,0,0
140,JA Leaning,3993,0,0,120,0,0
141,R Vasconcelos,3989,0,0,90,0,0
142,JA Simpson,3986,0,0,116,0,0
143,Liton Das,3855,22,102,104,1,2
144,BA Godleman,3975,0,0,91,0,0
145,OG Robinson,3962,0,0,81,0,0
146,R Powell,3717,220,24,116,6,2
147,R Dravid,3569,392,0,71,7,0
148,BT Slater,3933,0,0,74,0,0
149,E Lewis,3643,241,47,77,9,1
150,Miles Hammond,3925,0,0,114,0,0
151,MS Wade,3813,66,39,102,3,4
152,AM Rossington,3913,0,0,110,0,0
153,DG Bedingham,3886,0,0,74,0,0
154,ADS Fletcher,3877,0,0,101,0,0
155,JC Hildreth,3868,0,0,84,0,0
156,RT Ponting,3739,125,0,64,6,0
157,RN ten Doeschate,3778,70,0,77,0,1
158,RI Keogh,3845,0,0,100,0,0
159,DJ Willey,3797,12,16,115,3,1
160,BR McDermott,3821,0,0,86,0,0
161,Sikandar Raza,3793,27,0,93,1,0
162,Azhar Ali,3818,0,0,77,0,0
163,DP Sibley,3805,0,0,74,0,0
164,TH David,3433,360,0,82,8,0
165,JD Ryder,3719,69,0,75,3,0
166,NRT Gubbins,3784,0,0,76,0,0
167,MEK Hussey,3611,157,0,64,6,0
168,SR Dickson,3763,0,0,78,0,0
169,GJ Bailey,3480,77,188,84,2,4
170,BT Foakes,3736,0,0,89,0,0
171,HM Nicholls,3626,55,42,71,2,1
172,LJ Hill,3702,0,0,106,0,0
173,JM Cox,3695,0,0,72,0,0
174,RK Patel,3681,0,0,93,0,0
175,RD Rickelton,3116,557,0,70,11,0
176,EG Barnard,3664,0,0,90,0,0
177,BL Mooney,3532,132,0,48,6,0
178,MJ Clarke,3631,26,0,71,4,0
179,MS Chapman,3653,2,0,78,1,0
180,JL Smith,3654,0,0,79,0,0
181,JH Kallis,3501,147,0,59,5,0
182,JJ Cobb,3637,0,0,92,0,0
183,SD Robson,3607,0,0,65,0,0
184,J Charles,3554,52,0,105,2,0
185,BRM Taylor,3594,0,0,82,0,0
186,RE Levi,3539,30,0,76,4,0
187,YBK Jaiswal,3092,318,127,72,11,3
188,RA Whiteley,3528,0,0,105,0,0
189,CP Jewell,3516,0,0,76,0,0
190,MN Samuels,3361,140,9,75,7,1
191,Younis Khan,3500,0,0,56,0,0
192,RV Uthappa,2846,526,126,83,18,6
193,MDKJ Perera,3464,4,7,94,1,1
194,CA Pujara,2999,367,95,54,7,3
195,D Elgar,3392,5,54,55,0,2
196,AL Davies,3434,0,0,108,0,0
197,R Ravindra,3229,70,83,73,7,3
198,RF Higgins,3374,0,0,82,0,0
199,GH Roderick,3358,0,0,94,0,0
200,JP Inglis,3318,39,0,74,2,0
201,DL Lloyd,3355,0,0,122,0,0
202,SA Zaib,3355,0,0,74,0,0
203,AT Carey,3350,0,0,80,0,0
204,HD Rutherford,3344,0,0,91,0,0
205,FH Allen,3302,37,0,86,1,0
206,BC Brown,3329,0,0,88,0,0
207,SM Davies,3312,0,0,86,0,0
208,AJ Hose,3303,0,0,90,0,0
209,DJM Short,3268,4,0,77,1,0
210,A Balbirnie,3270,0,0,86,0,0
211,PD Trego,3266,0,0,76,0,0
212,TC Bruce,3261,5,0,61,1,0
213,DJ Vilas,3265,0,0,66,0,0
214,TJ Haines,3255,0,0,67,0,0
215,Abhishek Sharma,2765,359,120,74,11,4
216,MJJ Critchley,3224,0,0,97,0,0
217,JMR Taylor,3221,0,0,92,0,0
218,AT Rayudu,1800,1072,342,47,47,10
219,L Wolvaardt,3071,0,133,55,0,1
220,IJL Trott,3162,39,0,56,2,0
221,DN Wyatt,3044,156,0,58,5,0
222,AHT Donald,3187,0,0,88,0,0
223,MS Harris,3166,0,0,76,0,0
224,JP Duminy,2956,173,21,59,2,1
225,MT Renshaw,3038,0,99,51,0,2
226,SE Rutherford,2909,212,0,87,4,0
227,LWP Wells,3108,0,0,91,0,0
228,MK Pandey,2734,299,55,55,10,2
229,JDS Neesham,3082,0,0,89,0,1
230,BD Guest,3050,0,0,72,0,0
231,P Nissanka,3001,1,33,71,2,1
232,M Klinger,3024,0,0,55,0,0
233,GC Smith,2967,49,0,56,2,0
234,HZ Finch,3014,0,0,96,0,0
235,CD Nash,2983,0,0,79,0,0
236,N Dickwella,2962,1,4,84,1,1
237,PWA Mulder,2956,0,0,65,0,0
238,DM de Silva,2877,8,60,71,1,2
239,ME Trescothick,2940,0,0,59,0,0
240,DT Christian,2873,32,33,80,3,1
241,DJ Bravo,2691,201,45,86,9,2
242,DR Smith,2521,345,63,79,13,2
243,MA Agarwal,2171,452,279,63,13,6
244,GL van Buuren,2893,0,0,67,0,0
245,LA Procter,2888,0,0,59,0,0
246,SJ Mullaney,2886,0,0,86,0,0
247,L Ronchi,2875,8,0,71,1,0
248,ML Hayden,2823,59,0,48,3,0
249,JA Haynes,2875,0,0,69,0,0
250,RM Yates,2874,0,0,64,0,0
251,OJ Price,2845,0,0,75,0,0
252,HT Tector,2840,0,0,62,0,0
253,JA Rudolph,2835,0,0,65,0,0
254,H Kaur,2597,79,151,50,7,3
255,DP Hughes,2825,0,0,67,0,0
256,SJ Croft,2811,0,0,68,0,0
257,WT Root,2808,0,0,75,0,0
258,MW Short,2792,11,0,73,1,0
259,JI Rodrigues,2338,372,90,50,11,2
260,CJ Anderson,2634,163,2,62,6,0
261,RD Gaikwad,2250,338,200,55,11,3
262,DKH Mitchell,2770,0,0,76,0,0
263,LMP Simmons,2277,487,0,72,13,0
264,AC Gilchrist,2641,91,0,59,5,0
265,EA Perry,2526,203,0,43,5,0
266,BG Compton,2719,0,0,65,0,0
267,JO Holder,2579,73,57,91,5,4
268,AJ Strauss,2694,0,0,57,0,0
269,LA Dawson,2680,1,0,75,1,0
270,JG Bethell,2467,203,6,66,4,1
271,D Wiese,2673,0,0,83,0,0
272,V Chopra,2671,0,0,54,0,0
273,N Rana,1996,600,70,57,19,4
274,TA Blundell,2607,12,44,66,4,2
275,MG Bracewell,2640,0,0,73,0,0
276,EN Gay,2638,0,0,58,0,0
277,KIC Asalanka,2576,13,37,60,2,1
278,L Gregory,2623,0,0,84,0,0
279,NR Sciver,2394,223,0,42,5,0
280,DI Stevens,2611,0,0,65,0,0
281,Kamran Akmal,2607,0,0,68,0,0
282,MJ Santner,2488,35,73,64,3,4
283,WMH Rhodes,2589,0,0,71,0,0
284,EC Joyce,2569,0,0,52,0,0
285,DM Bravo,2303,254,6,49,4,0
286,TS Muyeye,2554,0,0,74,0,0
287,BA King,2505,37,0,78,4,0
288,MJ Cosgrove,2531,0,0,59,0,0
289,Soumya Sarkar,2517,0,0,75,0,0
290,JM Coles,2512,0,0,62,0,0
291,S Dube,1922,513,72,46,20,2
292,BG Charlesworth,2507,0,0,56,0,0
293,TT Beaumont,2438,59,0,54,3,0
294,SC Williams,2489,0,0,47,0,0
295,T Stubbs,2405,80,0,50,4,0
296,AJ Turner,2484,0,0,72,0,0
297,MD Shanaka,2301,103,68,68,2,2
298,MJ Lumb,2412,50,0,67,2,0
299,H Hameed,2459,0,0,58,0,0
300,C Green,2185,259,0,49,5,0
301,HH Gibbs,2428,13,0,41,1,0
302,NLTC Perera,2324,39,72,85,1,4
303,Tilak Varma,1771,585,74,33,24,3
304,WU Tharanga,2411,16,0,64,3,0
305,TJ Moores,2426,0,0,76,0,0
306,Imrul Kayes,2423,0,0,72,0,0
307,MA Jones,2349,71,0,64,1,0
308,NF Kelly,2419,0,0,56,0,0
309,BAC Howell,2368,0,0,76,0,0
310,M Vijay,2017,282,68,46,8,5
311,MM Lanning,2347,16,0,35,1,0
312,PI Walter,2349,0,0,79,0,0
313,L Tucker,2348,0,0,70,0,0
314,KR Mayers,2344,0,0,75,0,0
315,HRC Came,2341,0,0,60,0,0
316,S Chanderpaul,2253,82,0,45,3,0
317,D Ramdin,2255,77,0,69,1,0
318,J Weatherald,2309,0,0,61,0,0
319,GS Ballance,2294,0,0,70,0,0
320,LD McManus,2282,0,0,76,0,0
321,MC Henriques,2226,0,55,62,0,0
322,T Bavuma,2210,0,70,56,0,3
323,BJ Webster,2277,0,0,47,0,0
324,AJ Healy,2102,172,0,56,6,0
325,TGR Clark,2272,0,0,70,0,0
326,JA Raval,2256,0,0,56,0,0
327,D Cleaver,2251,0,0,62,0,0
328,HG Munsey,2220,27,0,51,1,0
329,SC Ganguly,2227,18,0,46,3,0
330,IA Cockbain,2242,0,0,53,0,0
331,CS Delport,2232,0,0,64,0,0
332,AJA Wheater,2224,0,0,62,0,0
333,JR Philippe,2219,0,0,58,0,0
334,SP Narine,2140,38,39,96,8,2
335,NT Broom,2196,0,0,56,0,0
336,MK Andersson,2181,0,0,52,0,0
337,CJ Bowes,2180,0,0,61,0,0
338,Ahmed Shehzad,2168,0,0,54,0,0
339,WIA Fernando,2140,0,9,58,0,1
340,JEK Rew,2145,0,0,38,0,0
341,AJ Blake,2144,0,0,61,0,0
342,C de Grandhomme,2092,0,49,74,0,2
343,Imam-ul-Haq,2108,0,0,44,0,0
344,PP Shaw,1752,324,19,45,11,2
345,B Sai Sudharsan,2089,5,0,40,1,0
346,AGH Orr,2086,0,0,49,0,0
347,CL White,2041,43,0,39,1,1
348,Sarfraz Ahmed,2066,0,0,60,0,0
349,SG Budinger,2052,0,0,60,0,0
350,Agha Salman,2051,0,0,44,0,0
351,HC Knight,1889,153,0,35,4,0
352,FJ Hudson-Prentice,2035,0,0,70,0,0
353,BA Raine,2022,0,0,86,0,0
354,WP Saha,1529,392,95,52,9,8
355,VVS Laxman,1859,154,0,36,5,0
356,HK Matthews,1950,16,45,36,1,2
357,JWA Taylor,2006,0,0,33,0,0
358,MS Pepper,1996,0,0,58,0,0
359,SFM Devine,1949,41,0,47,2,0
360,JJ Bohannon,1974,0,0,48,0,0
361,JA Burns,1969,0,0,47,0,0
362,AG Wakely,1968,0,0,61,0,0
363,FDM Karunaratne,1961,0,0,55,1,0
364,Sabbir Rahman,1960,0,0,60,0,0
365,KK Nair,1789,93,74,58,6,3
366,YK Pathan,1564,327,64,44,11,1
367,DR Mousley,1947,0,0,51,0,0
368,RM Patidar,1556,339,37,38,6,2
369,Nazmul Hossain Shanto,1878,0,53,49,1,2
370,NLJ Browne,1924,0,0,40,0,0
371,Shahid Afridi,1923,0,0,74,0,0
372,Waseem Muhammad,1922,0,0,48,0,0
373,GR Hay,1906,0,0,42,0,0
374,GC Wilson,1896,0,0,61,0,0
375,CR Woakes,1782,46,60,63,4,1
376,Umar Akmal,1882,0,0,46,0,0
377,AR Patel,1430,297,153,61,8,8
378,JDM Evison,1874,0,0,53,0,0
379,WCF Smeed,1872,0,0,56,0,0
380,AC Voges,1863,0,7,31,0,1
381,HDRL Thirimanne,1866,0,0,43,0,0
382,JK Fuller,1863,0,0,55,0,0
383,JB Cracknell,1863,0,0,53,0,0
384,JJ Weatherley,1859,0,0,48,0,0
385,HWR Cartwright,1857,0,0,43,0,0
386,P Rathnayake,1851,0,0,27,0,0
387,Towhid Hridoy,1759,0,90,35,0,2
388,JHK Adams,1848,0,0,48,0,0
389,J Allenby,1842,0,0,53,0,0
390,MA Carberry,1838,0,0,48,0,0
391,AG Prince,1826,9,0,33,1,0
392,JEC Franklin,1609,225,0,55,8,0
393,L Lee,1828,0,0,32,0,0
394,KJ O'Brien,1827,0,0,45,0,0
395,RR O'Donnell,1823,0,0,45,0,0
396,BJ Haddin,1792,19,10,54,1,1
397,EJ Byrom,1820,0,0,61,0,0
398,CD Fletcher,1817,0,0,34,0,0
399,MP Breetzke,1814,0,0,47,0,0
400,Anamul Haque,1796,0,0,56,0,0
401,LPJ Kimber,1795,0,0,51,0,0
402,HJH Marshall,1795,0,0,50,0,0
403,ST Jayasuriya,1577,211,0,39,2,0
404,RL Chase,1753,34,0,56,1,0
405,SIR Dunkley,1743,21,20,39,3,2
406,AGS Gous,1776,6,0,32,1,0
407,TB Robinson,1779,0,0,43,0,0
408,MD Gunathilaka,1764,3,10,47,1,2
409,D Padikkal,1392,327,48,45,9,2
410,JC Silk,1767,0,0,43,0,0
411,JH Wharton,1764,0,0,38,0,0
412,Saim Ayub,1762,0,0,55,0,0
413,D Brevis,1591,84,86,51,5,3
414,TLW Cooper,1759,0,0,43,0,0
415,Mohammad Yousuf,1758,0,0,37,0,0
416,MGK Burgess,1752,0,0,46,0,0
417,Shafali Verma,1553,103,95,38,6,3
418,Misbah-ul-Haq,1748,0,0,37,0,0
419,A Gardner,1690,57,0,51,4,0
420,GH Worker,1746,0,0,46,0,0
421,WTS Porterfield,1745,0,0,46,0,0
422,B Popli,1741,0,0,28,0,0
423,EJH Eckersley,1735,0,0,58,0,0
424,RR Sarwan,1727,0,0,33,0,0
425,VR Iyer,1370,287,57,32,9,1
426,Haider Ali,1713,0,0,55,0,0
427,PHKD Mendis,1712,0,0,44,0,0
428,Mominul Haque,1710,0,0,50,0,0
429,PA Patel,1047,557,105,44,25,4
430,DR Flynn,1705,0,0,31,0,0
431,GG Wagg,1698,0,0,44,0,0
432,RM Ghosh,1463,228,3,38,8,1
433,NJ Selman,1694,0,0,41,0,0
434,GA Bartlett,1693,0,0,54,0,0
435,P Mustard,1686,0,0,52,0,0
436,J Clark,1682,0,0,54,0,0
437,JA Tattersall,1678,0,0,43,0,0
438,Abdullah Shafique,1671,0,0,41,0,0
439,RI Newton,1668,0,0,39,0,0
440,BBA Geddes,1666,0,0,45,0,0
441,Kashif Ali,1665,0,0,42,0,0
442,HG Kuhn,1661,0,0,41,0,0
443,K Verreynne,1652,0,0,28,0,0
444,GH Dockrell,1651,0,0,52,0,0
445,K Mishara,1643,0,0,26,0,0
446,NA McSweeney,1638,0,0,39,0,0
447,BJ Hodge,1542,95,0,28,2,0
448,CJ Ferguson,1621,12,0,42,1,0
449,Azam Khan,1630,0,0,53,0,0
450,R Ashwin,1187,341,99,49,18,8
451,LU Igalagamage,1621,0,0,25,0,0
452,MJ Richardson,1617,0,0,39,0,0
453,MJ Owen,1616,0,0,48,0,0
454,CR Ervine,1615,0,0,39,0,0
455,L Winfield,1585,30,0,35,2,0
456,CJ Jordan,1607,5,0,54,1,0
457,CS MacLeod,1607,0,0,45,0,0
458,J Overton,1557,27,19,69,3,1
459,CE McConchie,1602,0,0,52,0,0
460,KR Brown,1602,0,0,41,0,0
461,R Parag,1309,221,68,46,10,1
462,OA Shah,1520,76,0,36,1,0
463,DJ Hooda,995,407,192,39,14,6
464,RA Tripathi,1137,260,197,34,9,11
465,LP Goldsworthy,1589,0,0,35,0,0
466,Rahmanullah Gurbaz,1577,8,0,55,1,0
467,P Litchfield,1294,278,0,37,5,0
468,Imad Wasim,1557,0,0,48,0,0
469,TJ Prest,1552,0,0,41,0,0
470,A Symonds,1441,111,0,25,3,0
471,GCH Hill,1551,0,0,38,0,0
472,AE Jones,1476,70,0,45,6,0
473,EJ Pollock,1542,0,0,59,0,0
474,TR Ambrose,1537,0,0,31,0,0
475,J Fraser-McGurk,1533,0,0,50,0,0
476,TA Lammonby,1529,0,0,38,0,0
477,G Stewart,1526,0,0,51,0,0
478,KH Pandya,982,408,135,32,17,5
479,Shadab Khan,1519,0,0,58,0,0
480,RD Berrington,1503,10,0,32,1,0
481,P Simran Singh,1404,106,0,47,1,0
482,C Campher,1510,0,0,46,0,0
483,SP Crook,1508,0,0,38,0,0
484,D Foxcroft,1507,0,0,31,0,0
485,CAK Walton,1499,0,0,42,0,0
486,Iftikhar Ahmed,1496,0,0,44,0,0
487,TK Curran,1463,21,11,67,1,1
488,M Montgomery,1492,0,0,37,0,0
489,DJG Sammy,1477,14,0,63,4,0
490,TT Bresnan,1445,45,0,57,1,0
491,SM Whiteman,1482,0,0,36,0,0
492,H Masakadza,1481,0,0,46,0,0
493,NJ O'Brien,1479,0,0,40,0,0
494,SW Bates,1435,44,0,37,2,0
495,RS Patel,1472,0,0,39,0,0
496,RE van der Merwe,1464,0,0,42,0,1
497,JG Myburgh,1458,0,0,42,0,0
498,R Shepherd,1342,91,24,41,2,1
499,AM Tribe,1443,0,0,20,0,0
500,RK Singh,1238,161,41,27,7,3
501,MW Machan,1439,0,0,36,0,0
502,CMW Read,1436,0,0,31,0,0
503,JW Wells,1432,0,0,33,0,0
504,BR Dunk,1411,20,0,42,2,0
505,Rehan Ahmed,1429,0,0,56,0,0
506,SB Harper,1429,0,0,38,0,0
507,JF Carter,1426,0,0,30,0,0
508,JJ Peirson,1412,0,0,42,0,0
509,R Clarke,1411,0,0,45,0,0
510,JA Thompson,1409,0,0,51,0,0
511,JP Faulkner,1273,42,92,36,3,4
512,AN Petersen,1405,0,0,35,0,0
513,P Coughlin,1400,0,0,39,0,0
514,LJ Carter,1399,0,0,31,0,0
515,JN Malan,1397,0,0,24,0,0
516,Usman Khan (2),1395,0,0,30,0,0
517,Mandeep Singh,1238,73,79,38,4,2
518,S Samarawickrama,1368,21,0,41,2,0
519,KM Jadhav,1097,158,130,32,5,3
520,AP Devcich,1382,0,0,40,0,0
521,TC Fell,1381,0,0,55,0,0
522,JJ Carson,1378,0,0,49,0,0
523,JJG Sales,1377,0,0,27,0,0
524,KJ Coetzer,1375,0,0,43,0,0
525,D Ferreira,1356,18,0,36,1,0
526,Anuj Dal,1373,0,0,45,0,0
527,PBB Rajapaksa,1248,110,11,41,4,2
528,TM McGrath,1150,215,0,31,4,0
529,FJ Bean,1355,0,0,38,0,0
530,BA Carse,1349,3,0,44,1,1
531,ML Revis,1352,0,0,32,0,0
532,SM Katich,1344,8,0,30,2,0
533,MD Patel,1351,0,0,35,1,0
534,ML Pettini,1350,0,0,32,0,0
535,MP O'Dowd,1343,0,5,38,0,1
536,LG Pretorius,1345,0,0,29,0,0
537,Saud Shakeel,1338,0,0,32,0,0
538,S Luus,1303,0,33,29,0,2
539,Anshuman Rath,1334,0,0,19,0,0
540,OJ Carter,1333,0,0,43,0,0
541,J Leach,1331,0,0,54,0,0
542,G Voll,1329,0,0,28,0,0
543,SM Ervine,1322,0,0,41,0,0
544,IK Pathan,1186,135,0,33,6,0
545,F Behardien,1304,16,0,25,1,0
546,ST Doheny,1319,0,0,32,0,0
547,BFW de Leede,1294,0,10,30,0,1
548,BS Smith,1299,0,0,29,0,0
549,C Karunaratne,1257,23,11,25,0,0
550,NJ Maddinson,1288,0,0,48,0,0
551,Mehedi Hasan Miraz,1242,11,32,64,1,2
552,NJ Dexter,1285,0,0,38,0,0
553,S van Zyl,1278,0,0,34,0,0
554,LBK Hollman,1276,0,0,52,0,0
555,RK Paudel,1189,83,0,26,4,0
556,DR Sams,1252,19,0,51,3,0
557,GM Harris,1267,0,0,31,0,0
558,DB Sharma,1013,224,28,27,6,2
559,PJ Horton,1264,0,0,34,0,0
560,Craig Cachopa,1263,0,0,44,0,0
561,DAJ Bracewell,1263,0,0,35,0,0
562,Sahibzada Farhan,1259,0,0,37,0,0
563,AL Hughes,1253,0,0,56,0,0
564,ZS Ansari,1251,0,0,25,0,0
565,Asad Shafiq,1249,0,0,33,0,0
566,KU Carty,1249,0,0,26,0,0
567,Sharjeel Khan,1245,0,0,39,0,0
568,GD Elliott,1239,0,0,40,0,0
569,SR Harmer,1233,0,0,50,0,0
570,JW Hastings,1231,0,0,37,0,0
571,Mohammad Nabi,1173,55,0,42,3,0
572,DMW Rawlins,1228,0,0,43,0,0
573,AI Ross,1220,0,0,29,0,0
574,AC Kerr,1220,0,0,23,0,0
575,JA Clarkson,1218,0,0,26,0,0
576,MJ Prior,1192,21,0,35,1,0
577,TE Albert,1201,0,0,47,0,0
578,DG Brownlie,1192,0,0,35,0,0
579,Afif Hossain,1191,0,0,45,0,0
580,LW James,1191,0,0,44,0,0
581,Nasir Hossain,1190,0,0,34,0,0
582,Asif Ali,1186,0,0,53,0,0
583,SC Kuggeleijn,1186,0,0,34,0,0
584,Salman Butt,1172,13,0,32,1,0
585,MV Boucher,1103,74,0,26,1,0
586,KD Clarke,1175,0,0,26,0,0
587,Karanbir Singh,1172,0,0,11,0,0
588,IG Holland,1170,0,0,47,0,0
589,BCJ Cutting,1130,37,0,45,3,0
590,RP Jones,1165,0,0,30,0,0
591,CF Hughes,1161,0,0,34,0,0
592,TAI Taylor,1159,0,0,49,0,0
593,CWJ Allison,1143,0,0,20,0,0
594,WD Bragg,1142,0,0,33,0,0
595,M Kapp,1141,0,0,29,0,0
596,AC Jayangani,1141,0,0,23,0,0
597,MG Erasmus,1135,0,0,32,0,0
598,BJ Watling,1134,0,0,29,0,0
599,A Flintoff,1132,0,0,24,0,0
600,C Overton,1131,0,0,37,0,0
601,PG Fulton,1131,0,0,26,0,0
602,AJ Robson,1130,0,0,37,0,0
603,GP Smith,1130,0,0,34,0,0
604,AR McBrine,1127,0,0,34,0,0
605,JA Morkel,1070,39,16,34,3,1
606,TT Samaraweera,1097,26,0,19,2,0
607,Khushdil Shah,1122,0,0,27,0,0
608,Babar Hayat,1121,0,0,21,0,0
609,EA Brookes,1117,0,0,40,0,0
610,CG Benjamin,1115,0,0,30,0,0
611,V Shankar,1002,46,67,24,4,2
612,AM Hardie,1111,0,0,29,0,0
613,LV van Beek,1108,0,2,37,0,1
614,JT Smuts,1110,0,0,29,0,0
615,CAJ Meschede,1109,0,0,38,0,0
616,TH Tector,1109,0,0,24,0,0
617,DN Phillips,1107,0,0,45,0,0
618,BJ McMullen,1082,25,0,21,1,0
619,ARI Umeed,1106,0,0,22,0,0
620,WR Smith,1100,0,0,33,0,0
621,JM De Caires,1099,0,0,37,0,0
622,Zafar Gohar,1098,0,0,42,0,0
623,MHW Papps,1097,0,0,24,0,0
624,Harbhajan Singh,647,428,19,38,24,1
625,Washington Sundar,903,103,85,36,6,5
626,SJ Thakor,1090,0,0,32,0,0
627,TJ Price,1087,0,0,37,0,0
628,A Capsey,1050,32,0,30,3,0
629,Mohammad Ashraful,1076,0,0,41,0,0
630,DM Bess,1075,0,0,31,0,0
631,WJ Durston,1074,0,0,31,0,0
632,Mohammad Nawaz (3),1071,0,0,44,0,0
633,WD Parnell,1051,20,0,38,2,0
634,MJ Lamb,1068,0,0,28,0,0
635,K Bhurtel,990,78,0,23,4,0
636,MG Johnson,999,56,10,36,1,2
637,LJ Woodcock,1065,0,0,21,0,0
638,DJ Hussey,1004,59,0,30,5,0
639,W Luxton,1062,0,0,37,0,0
640,Dhruv Jurel,1017,40,0,22,2,0
641,DS Airee,886,169,0,20,3,0
642,Mohammad Mithun,1054,0,0,43,0,0
643,MJ Waite,1054,0,0,37,0,0
644,BJ Jacobs,1053,0,0,21,0,0
645,CR Brathwaite,988,64,0,49,1,0
646,JC Archer,989,60,0,36,3,1
647,E Chigumbura,1045,0,0,29,0,0
648,D Pretorius,1029,1,13,36,0,1
649,SJ Murdoch,1042,0,0,27,0,0
650,BWM Mike,1041,0,0,33,0,0
651,C Tear,1041,0,0,22,0,0
652,ZJ Chappell,1037,0,0,45,0,0
653,L Croospulle,1034,0,0,25,0,0
654,BD Schmulian,1033,0,0,16,0,0
655,R Tewatia,674,303,49,25,7,3
656,E Jones,1026,0,0,20,0,0
657,Ashar Zaidi,1025,0,0,32,0,0
658,DA Douthwaite,1020,0,0,35,0,0
659,BF Smith,1015,0,0,33,0,0
660,BS Wilson,1014,0,0,24,0,0
661,MH Cross,1007,4,0,28,1,0
662,HJ Armitage,1002,0,0,26,0,0
663,MP Vaughan,1001,0,0,19,0,0
664,GO Jones,1000,0,0,30,0,0
665,A Badoni,841,130,27,22,4,2
666,NRD Compton,939,59,0,27,1,0
667,SA Edwards,958,0,38,25,0,1
668,CJ Green,993,0,0,28,0,0
669,AU Rashid,935,22,30,47,5,2
670,TP Ura,986,0,0,14,0,0
671,DR Martyn,828,155,0,20,3,0
672,L Trevaskis,982,0,0,44,0,0
673,AK Kitchen,982,0,0,29,0,0
674,PWH de Silva,930,33,18,44,1,4
675,JS Lehmann,978,0,0,29,0,0
676,A Bandara,975,0,0,8,0,0
677,AG Salter,973,0,0,40,0,0
678,JLB Davies,968,0,0,36,0,0
679,Junaid Siddique,967,0,0,28,0,0
680,KHD Barker,966,0,0,26,0,0
681,JM Sharma,699,232,32,25,6,1
682,PA Jaques,963,0,0,16,0,0
683,GR Adair,962,0,0,28,0,0
684,ML Guptill-Bunce,957,0,0,22,0,0
685,C Connolly,939,17,0,26,1,0
686,Mohammad Haris,954,0,0,37,0,0
687,J Broad,952,0,0,30,0,0
688,A Sharafu,951,0,0,22,0,0
689,TAR Scriven,946,0,0,26,0,0
690,M Bryant,944,0,0,26,0,0
691,EL Lamb,944,0,0,24,0,0
692,GJ Muchall,942,0,0,14,0,0
693,T van der Gugten,941,0,0,36,0,0
694,J Liyanage,939,0,0,28,0,0
695,BJ Bennett,934,5,0,20,1,0
696,SN Luff,938,0,0,21,0,0
697,RJ Nicol,935,0,0,31,0,0
698,TG Southee,806,48,80,52,7,5
699,AN Davidson-Richards,930,0,0,26,0,0
700,ME Bouchier,928,0,0,24,1,0
701,M Jansen,822,101,1,32,1,1
702,BS McKinney,923,0,0,25,0,0
703,BR Hampton,920,0,0,33,0,0
704,CJL Rogers,919,0,0,24,0,0
705,WA Tavare,918,0,0,23,0,0
706,LM Benkenstein,917,0,0,26,0,0
707,GJ Delany,916,0,0,35,0,0
708,OE Robinson,915,0,0,43,0,0
709,CO Obuya,914,0,0,15,0,0
710,Faheem Ashraf,913,0,0,46,0,0
711,Abdul Razzaq,913,0,0,19,0,0
712,H Deol,860,3,49,22,2,3
713,SS Tiwary,809,43,58,24,1,2
714,MF Hurst,906,0,0,28,0,0
715,BGF Green,905,0,0,28,0,0
716,C Carmichael,903,0,0,23,0,0
717,HR Cooper,900,0,0,27,0,0
718,TB de Bruyn,860,0,38,28,0,2
719,CT Steel,898,0,0,29,0,0
720,V Suryavanshi,892,4,0,19,1,0
721,SM Solia,895,0,0,32,0,0
722,Priyansh Arya,879,15,0,26,1,0
723,RR Patel,893,0,0,21,0,0
724,DJ Lamb,891,0,0,35,0,0
725,Haris Sohail,888,0,0,21,0,0
726,RK Kleinveldt,884,0,0,39,0,0
727,MJG Rippon,884,0,0,24,0,0
728,AM Lilley,883,0,0,36,0,0
729,H Davids,881,0,0,31,0,0
730,K Noema-Barnett,879,0,0,30,0,0
731,WT Smale,877,0,0,24,0,0
732,TS Roland-Jones,876,0,0,32,0,0
733,KOA Powell,706,149,21,18,4,1
734,SN Khan,724,127,23,17,10,2
735,AM Ellis,874,0,0,18,0,0
736,CH Morris,728,101,44,29,3,1
737,DPS Sooriyabandara,873,0,0,8,0,0
738,TP Ward,871,0,0,18,0,0
739,SCJ Broad,863,6,0,47,1,0
740,T de Zorzi,869,0,0,26,0,0
741,JS Foster,864,0,0,23,0,0
742,MJ Potts,863,0,0,30,0,0
743,EJ Villani,863,0,0,13,0,0
744,PJ Cummins,680,123,56,39,1,0
745,NA Greenwood,859,0,0,24,0,0
746,MG Neser,858,0,0,27,0,0
747,AN Kervezee,858,0,0,25,0,0
748,M Vohra,776,77,0,22,6,0
749,DJS Dottin,733,20,100,16,1,3
750,GS Dinusha,853,0,0,12,0,0
751,A Sutherland,759,89,0,24,4,0
752,KE Bryce,847,0,0,14,0,0
753,MA Leask,841,4,0,24,1,0
754,SSJ Brooks,838,0,0,24,0,0
755,TD Paine,834,2,0,33,1,0
756,Sohaib Maqsood,830,0,0,20,0,0
757,RP Burl,825,0,0,24,1,0
758,KNM Fernando,823,0,0,29,0,0
759,MJ Henry,812,10,0,52,2,0
760,IS Sodhi,805,15,0,38,2,0
761,NV Ojha,707,110,0,21,6,0
762,GF Linde,813,0,0,40,0,0
763,FW McCann,810,0,0,27,0,0
764,MR Adair,807,0,0,37,0,0
765,FS Middleton,807,0,0,23,0,0
766,GA Elwiss,767,39,0,9,2,0
767,SR Mukkamalla,803,2,0,20,1,0
768,Inzamam-ul-Haq,803,0,0,19,0,0
769,Asif Khan,801,0,0,12,0,0
770,HJ Swindells,800,0,0,24,0,0
771,Hassan Nawaz,794,0,0,17,0,0
772,T Brits,793,0,0,20,0,0
773,MA Starc,692,9,91,31,2,2
774,MW Chu,791,0,0,30,0,0
775,Tanzid Hasan,691,12,87,27,1,2
776,Rony Talukdar,790,0,0,26,0,0
777,W Barresi,753,0,37,20,0,1
778,JL Jonassen,756,28,0,22,2,0
779,MK Tiwary,416,270,97,17,8,3
780,Yasir Ali Chowdhury,782,0,0,29,0,0
781,JP Phillips,777,0,0,19,0,0
782,MA Pollard,777,0,0,17,0,0
783,C De Freitas,775,0,0,14,0,0
784,LE Plunkett,772,0,0,31,0,0
785,Mashrafe Mortaza,771,0,0,33,0,0
786,SA Abbott,769,0,0,28,1,0
787,RTM Mendis,768,0,0,15,0,0
788,JJ Smit,766,0,0,19,0,0
789,Milind Kumar,732,34,0,13,1,0
790,FIN Khushi,765,0,0,23,0,0
791,KR Patterson,761,0,0,18,0,0
792,CL Tryon,760,0,0,25,0,0
793,Mohammad Naim,760,0,0,23,0,0
794,FC Wilson,760,0,0,18,0,0
795,A Vala,759,0,0,13,0,0
796,Zain-ul-Hassan,758,0,0,32,0,0
797,GP Balderson,757,0,0,24,0,0
798,AP Tare,221,535,0,11,15,1
799,B Cachopa,755,0,0,14,0,0
800,BI Kellaway,753,0,0,21,0,0
801,M de Lange,750,1,0,39,1,0
802,Nizakat Khan,751,0,0,24,0,0
803,GH Lewis,751,0,0,15,0,0
804,JJS Sangha,751,0,0,12,0,0
805,JS Patel,750,0,0,35,0,0
806,JL Langer,737,12,0,15,2,0
807,Hussain Talat,748,0,0,23,0,0
808,G Redmayne,747,0,0,16,0,0
809,KM Mack,745,0,0,20,0,0
810,NRM Thain,745,0,0,20,0,0
811,GT Hankins,744,0,0,25,0,0
812,JCT Boyle,744,0,0,24,0,0
813,MN van Wyk,743,0,0,21,0,0
814,GR Severin,737,0,0,19,0,0
815,JM How,736,0,0,9,0,0
816,Mosaddek Hossain,732,0,0,28,0,0
817,BN Cooper,732,0,0,14,0,0
818,CG Harrison,729,0,0,23,0,0
819,D Lakshan,729,0,0,17,0,0
820,Shayan Jahangir,728,0,0,25,0,0
821,SB Styris,686,41,0,19,2,0
822,Kai Smith,725,0,0,19,0,0
823,R McLaren,724,1,0,17,1,0
824,TF Rogers,724,0,0,24,0,0
825,MJ Hay,721,0,0,22,0,0
826,CJC Wright,720,0,0,31,0,0
827,Hassan Azad,720,0,0,13,0,0
828,Shahriar Nafees,719,0,0,26,0,0
829,JA McCollum,719,0,0,22,0,0
830,M du Preez,716,0,0,22,0,0
831,DC de Boorder,716,0,0,19,0,0
832,NAJ Wraith,715,0,0,24,0,0
833,A Wickramasinghe,715,0,0,16,0,0
834,RK Oliver,714,0,0,23,0,0
835,Shashank Singh,616,72,26,16,2,2
836,PJ Moor,713,0,0,29,0,0
837,Aaron Jones,713,0,0,20,0,0
838,Pratika Rawal,710,0,0,13,0,0
839,Rashid Khan,530,139,40,34,3,1
840,JR Hopes,629,79,0,22,4,0
841,Simi Singh,708,0,0,25,0,0
842,Virandeep Singh,706,0,0,17,0,0
843,Harpreet Singh,664,41,0,9,1,0
844,JM Cumming,704,0,0,16,0,0
845,RRS Cornwall,703,0,0,24,0,0
846,C Bosch,654,49,0,16,3,0
847,TK Parkes,703,0,0,16,0,0
848,RA Mariu,702,0,0,15,0,0
849,AM Ali,701,0,0,18,0,0
850,Nikhil Chaudhary,695,0,0,27,0,0
851,JD Wildermuth,694,0,0,20,0,0
852,DS Smith,693,0,0,24,0,0
853,R Rasantha,693,0,0,15,0,0
854,A Harinath,689,0,0,15,0,0
855,M Lakshan,686,0,0,10,0,0
856,SM Pollock,627,58,0,15,2,0
857,W Madhevere,683,0,0,30,0,0
858,PJ Scholfield,683,0,0,17,0,0
859,BJ Curran,675,0,0,23,0,0
860,RWT Key,675,0,0,20,0,0
861,PJ Hughes,628,0,47,15,0,1
862,L Vincent,675,0,0,12,0,0
863,SSD Arachchige,674,0,0,22,0,0
864,MWT Boyle,673,0,0,17,0,0
865,MJ North,672,0,0,19,0,0
866,MD Craig,672,0,0,18,0,0
867,APR Gidman,670,0,0,15,0,0
868,KJ McClure,667,0,0,25,0,0
869,AL Phehlukwayo,664,0,0,27,0,0
870,RL Haynes,664,0,0,11,0,0
871,N McAndrew,661,0,0,18,0,0
872,AT Thomson,660,0,0,25,0,0
873,N Wadhera,580,80,0,18,5,0
874,FS Organ,656,0,0,17,0,0
875,Syed Aziz,654,0,0,19,0,0
876,NA Rock,651,0,0,18,0,0
877,V Aravind,651,0,0,13,0,0
878,Abishek Porel,603,47,0,19,2,0
879,N de Klerk,650,0,0,21,0,0
880,Nurul Hasan,649,0,0,20,0,0
881,NG Smith,647,0,0,28,0,0
882,Nathan Fernandes,647,0,0,17,0,0
883,SD Heazlett,644,0,0,22,0,0
884,GHS Garton,642,0,0,34,0,0
885,RML Taylor,639,0,0,22,0,0
886,SP Krishnamurthi,601,37,0,13,1,0
887,L Bruce,636,0,0,16,0,0
888,Aasif Sheikh,563,71,0,24,4,0
889,PJ Malan,634,0,0,15,0,0
890,BA Hutton,633,0,0,37,0,0
891,RW Chakabva,633,0,0,22,0,0
892,T Marumani,619,14,0,18,1,0
893,SL Kalis,633,0,0,18,0,0
894,J Blake,633,0,0,17,0,0
895,FG Kemp,627,5,0,15,2,0
896,Kaveen Bandara,632,0,0,12,0,0
897,MRJ Watt,621,10,0,24,0,0
898,S Daniel,631,0,0,12,0,0
899,Ahmed Faiz Mohammad Noor,630,0,0,16,0,0
900,AA Obanda,629,0,0,17,0,0
901,Shamsur Rahman,629,0,0,15,0,0
902,Anuj Rawat,432,131,66,9,4,1
903,Jatinder Singh,628,0,0,20,0,0
904,HJ Hunt,624,0,0,15,0,0
905,KC Brathwaite,518,103,0,22,2,0
906,JF Thomas,620,0,0,17,0,0
907,M Commins,619,0,0,15,0,0
908,DAS Gunaratne,581,36,0,18,1,0
909,A Raghuvanshi,526,90,0,15,3,0
910,M Bhanuka,615,0,0,20,0,0
911,JAR Harris,613,0,0,29,0,0
912,D van Niekerk,612,0,0,19,0,0
913,GW Thomas,611,0,0,24,0,0
914,M Renwick,610,0,0,24,0,0
915,Nithish Kumar Reddy,546,60,0,19,3,0
916,BC Lara,606,0,0,15,0,0
917,S Prasanna,602,0,3,35,0,0
918,C Kieswetter,573,29,0,19,1,0
919,AC Agar,600,0,0,22,0,0
920,GK Berg,598,0,0,25,0,0
921,RJ Das,596,0,0,23,0,0
922,SW Poynter,595,0,0,18,0,0
923,BJ Horne,592,0,0,16,0,0
924,GL Adams,592,0,0,16,0,0
925,MA Abbas,590,0,0,20,0,0
926,JR Doran,589,0,0,19,0,0
927,G Wareham,556,33,0,17,1,0
928,SB Keene,588,0,0,12,0,0
929,RD Pringle,586,0,0,31,0,0
930,HR Hosein,583,0,0,17,0,0
931,BJ Dawkins,582,0,0,13,0,0
932,Anmolpreet Singh,580,0,0,15,0,0
933,TJ Wells,578,0,0,18,0,0
934,SR Taylor,553,25,0,10,1,0
935,MA Wallace,574,0,0,29,0,0
936,HE Dearden,574,0,0,20,0,0
937,S Badrinath,415,159,0,12,3,0
938,JN Loftie-Eaton,573,0,0,18,0,0
939,JP Kotze,573,0,0,13,0,0
940,KMA Paul,568,3,0,25,1,0
941,Abdul Samad,562,5,4,22,2,1
942,Azhar Mahmood,551,19,0,16,2,0
943,Kushal Malla,570,0,0,13,0,0
944,Shamim Hossain,569,0,0,14,0,0
945,S Kosala,568,0,0,8,0,0
946,GJ Batty,567,0,0,36,0,0
947,MA Wood,507,44,16,22,2,1
948,UBT Chand,549,18,0,20,3,0
949,Naman Dhir,319,247,0,11,11,0
950,Sachin Baby,377,187,2,9,6,1
951,KM Chathli,565,0,0,18,0,0
952,O Prendergast,564,0,0,13,0,0
953,Shaheen Shah Afridi,563,0,0,38,0,0
954,CG Williams,563,0,0,9,0,0
955,D Perrin,562,0,0,12,0,0
956,Chirag Suri,562,0,0,10,0,0
957,AA Jangoo,561,0,0,11,0,0
958,MH Yardy,560,0,0,17,0,0
959,KH Prajapati,560,0,0,10,0,0
960,JN Frylinck,559,0,0,19,0,0
961,D Ibrahim,558,0,0,29,0,0
962,Gurkeerat Singh,542,2,11,17,1,1
963,SK Patel,552,0,0,12,0,0
964,MT Coles,551,0,0,34,0,0
965,BAM Heath,549,1,0,21,1,0
966,Steven Ryan Taylor,550,0,0,18,0,0
967,HD Ward,548,0,0,25,0,0
968,Ashutosh Sharma,386,162,0,18,4,0
969,AW Gale,545,0,0,18,0,0
970,PW Borren,544,0,0,14,0,0
971,Kasey Aldridge,542,0,0,20,0,0
972,HAPW Jayawardene,542,0,0,11,0,0
973,AY Patel,521,15,5,31,2,2
974,M Shahrukh Khan,433,93,15,17,4,1
975,G Roelofsen,540,0,0,19,0,0
976,T Taibu,538,0,0,14,0,0
977,JD Campbell,538,0,0,11,0,0
978,CR Knott,537,0,0,17,0,0
979,CF Parkinson,535,0,0,27,0,0
980,CJ Chibhabha,535,0,0,15,0,0
981,Nasir Jamshed,534,0,0,12,0,0
982,TM Johnson,533,0,0,13,0,0
983,GJ Bell,532,0,0,19,0,0
984,Jaker Ali,532,0,0,16,0,0
985,VS Solanki,531,0,0,19,0,0
986,J Hermann,530,0,0,9,0,0
987,TC Lace,528,0,0,13,0,0
988,FA Allen,522,0,5,26,0,1
989,KL George,527,0,0,14,0,0
990,Parvez Hossain Emon,527,0,0,14,0,0
991,ML Green,526,0,0,19,0,0
992,HG Duke,525,0,0,14,0,0
993,W Sutherland,522,0,0,29,0,0
994,C Pavely,521,0,0,8,0,0
995,RS Fernando,521,0,0,8,0,0
996,A Athanaze,519,0,0,19,0,0
997,Bilal Zalmai,519,0,0,18,0,0
998,Zakir Hasan,518,0,0,19,0,0
999,JK Denly,518,0,0,18,0,0
1000,DH Lategan,517,0,0,12,0,0
1001,LA Patterson-White,513,0,0,28,0,0
1002,Vikramjit Singh,513,0,0,15,0,0
1003,LE Bosman,513,0,0,14,0,0
1004,WAR Fraine,512,0,0,18,0,0
1005,KA Maharaj,416,1,94,19,0,2
1006,KMDN Kulasekara,477,33,0,23,2,0
1007,Kamran Ghulam,510,0,0,16,0,0
1008,EM McCaughan,510,0,0,11,0,0
1009,Mahmudul Hasan Joy,509,0,0,13,0,0
1010,Muhammad Tanveer,509,0,0,9,0,0
1011,Urvil Patel,508,0,0,17,0,0
1012,Basil Hameed,506,0,0,17,0,0
1013,ARG Thomas,506,0,0,9,0,0
1014,NT Paranavitana,505,0,0,13,0,0
1015,Hassan Khan,502,0,0,16,0,0
1016,M van Lingen,502,0,0,11,0,0
1017,H Lakov,502,0,0,10,0,0
1018,R Odgers,502,0,0,8,0,0
1019,JDP Oram,481,20,0,15,0,0
1020,CA Wakim,501,0,0,12,0,0
1021,CK Coventry,501,0,0,10,0,0
1022,SP Fleming,474,26,0,15,1,0
1023,PM Seelaar,500,0,0,15,0,0
1024,Rohan Mustafa,499,0,0,23,0,0
1025,LJ Fletcher,498,0,0,29,0,0
1026,CN Miles,498,0,0,22,0,0
1027,DJ Grobbelaar,497,0,0,18,0,0
1028,YH Bhatia,377,70,49,16,4,3
1029,Ekansh Singh,496,0,0,16,0,0
1030,LA Dunbar,495,0,0,8,0,0
1031,M Topping,493,0,0,12,0,0
1032,SD Peters,490,0,0,15,0,0
1033,Aarif Sheikh,450,39,0,13,3,0
1034,CJ McKay,469,8,11,21,1,0
1035,SJ Baard,488,0,0,12,0,0
1036,Meet Bhavsar,487,0,0,10,0,0
1037,Josh Brown,486,0,0,22,0,0
1038,VP Thamotharam,485,0,0,9,0,0
1039,DJ Redfern,484,0,0,19,0,0
1040,BJ Dwarshuis,484,0,0,11,0,0
1041,MS Crane,482,0,0,20,0,0
1042,MW Harvey,482,0,0,14,0,0
1043,AH Miller,481,0,0,16,0,0
1044,GH Rhodes,481,0,0,15,0,0
1045,Hamza Shaikh,480,0,0,15,0,0
1046,Yasir Khan,478,0,0,17,0,0
1047,Najibullah Zadran,477,0,0,22,0,0
1048,TE Kane,477,0,0,13,0,0
1049,LI Georgeson,477,0,0,11,0,0
1050,S de Livera,476,0,0,15,0,0
1051,SN Thakur,310,110,54,22,9,2
1052,ND McKenzie,474,0,0,10,0,0
1053,STR Binny,402,47,24,15,1,4
1054,NJ Carey,472,0,0,9,0,0
1055,PA Raikes,471,0,0,14,0,0
1056,J Clayton,471,0,0,13,0,0
1057,LN Stackpole,471,0,0,9,0,0
1058,DA Payne,470,0,0,19,0,0
1059,BA Mayes,469,0,0,10,0,0
1060,TE Lawes,467,0,0,13,0,0
1061,PF Younghusband,466,0,0,19,0,0
1062,MW Goodwin,466,0,0,10,0,0
1063,N Wagner,465,0,0,27,0,0
1064,RH Priest,459,6,0,12,1,0
1065,Sohail Ahmed,465,0,0,6,0,0
1066,S Davizi,464,0,0,9,0,0
1067,J Shaw,463,0,0,24,0,0
1068,SJ Myburgh,463,0,0,13,0,0
1069,AAP Atkinson,425,35,2,30,1,0
1070,MN Waller,461,0,0,14,0,0
1071,A Johnson,461,0,0,9,0,0
1072,CR Hemphrey,460,0,0,13,0,0
1073,K Kadowaki-Fleming,460,0,0,6,0,0
1074,CK Kapugedera,433,1,25,22,2,1
1075,RMMP Rathnayake,459,0,0,16,0,0
1076,AJ Redmond,459,0,0,13,0,0
1077,SP Jackson,308,150,0,9,1,0
1078,M Levitt,457,0,0,8,0,0
1079,IA Karim,456,0,0,9,0,0
1080,AJ Horton,455,0,0,11,0,0
1081,Faisal Khan,455,0,0,10,0,0
1082,Saif Hassan,454,0,0,17,0,0
1083,JM Tashkoff,453,0,0,18,0,0
1084,TW Hartley,453,0,0,15,0,0
1085,S Chandramohan,453,0,0,9,0,0
1086,MNK Fernando,452,0,0,11,0,0
1087,Ashwin Hebbar,364,88,0,7,3,0
1088,R Sandaruwan,451,0,0,14,0,0
1089,SF Mire,451,0,0,14,0,0
1090,Hashan Dumindu,451,0,0,6,0,0
1091,RK Bhui,358,91,0,7,3,0
1092,KJ Abbott,448,0,0,24,0,0
1093,Gulbadin Naib,448,0,0,14,0,0
1094,Abdul Waheed,448,0,0,10,0,0
1095,D Smit,448,0,0,9,0,0
1096,BOP Fernando,444,0,2,11,0,1
1097,B Lee,443,2,0,15,1,0
1098,JM Kettleborough,443,0,0,14,0,0
1099,MD Fisher,441,0,0,26,0,0
1100,Zaman Akhter,441,0,0,21,0,0
1101,M Gilkes,440,0,0,23,0,0
1102,A Wellington,440,0,0,16,0,0
1103,Muneeba Ali,439,0,0,12,0,0
1104,Jahurul Islam,438,0,0,17,0,0
1105,Manpreet Singh,438,0,0,12,0,0
1106,Sidra Ameen,438,0,0,7,0,0
1107,HJ Nielsen,436,0,0,17,0,0
1108,BP Nash,434,0,0,16,0,0
1109,AP Rouse,433,0,0,12,0,0
1110,I Liyanage,433,0,0,12,0,0
1111,T Wilson,430,0,0,8,0,0
1112,JP Greaves,429,0,0,9,0,0
1113,MK Villiers,429,0,0,9,0,0
1114,MD Taylor,428,0,0,32,0,0
1115,R Pretorius,427,0,0,12,0,0
1116,Mahedi Hasan,424,0,2,16,0,0
1117,JH Davey,426,0,0,14,0,0
1118,JD Shantry,424,0,0,18,0,0
1119,NCR Larkin,424,0,0,12,0,0
1120,Atharva Taide,395,29,0,10,1,0
1121,ST Evans,424,0,0,9,0,0
1122,A Learoyd,424,0,0,6,0,0
1123,V Sibanda,423,0,0,14,0,0
1124,Yasir Shah,422,0,0,26,0,0
1125,G Motie,421,0,0,14,0,0
1126,BJ McCarthy,420,0,0,21,0,0
1127,JE Cameron,420,0,0,7,0,0
1128,AB Kaur,379,40,0,11,3,0
1129,ME Milnes,418,0,0,24,0,0
1130,Shahbaz Ahmed,282,118,18,10,2,2
1131,Lalit Yadav,178,214,25,6,7,1
1132,DR Gibson,417,0,0,12,1,0
1133,WT O'Donnell,417,0,0,12,0,0
1134,GC Viljoen,416,0,0,26,0,0
1135,NR Welch,416,0,0,19,0,0
1136,CL Griffith,416,0,0,13,0,0
1137,H Singh,416,0,0,8,0,0
1138,Shubham Ranjane,326,89,0,8,3,0
1139,P Maduwantha,415,0,0,7,0,0
1140,DL Vettori,413,0,0,19,0,0
1141,S Steel,413,0,0,13,0,0
1142,Mrunal Devdhar,350,63,0,7,4,0
1143,S Ecclestone,389,16,7,27,3,2
1144,N Holland,412,0,0,12,0,0
1145,KNA Bandara,412,0,0,10,0,0
1146,EA Burns,411,0,0,15,0,0
1147,SJ Bryce,411,0,0,11,0,0
1148,DR Briggs,410,0,0,16,0,0
1149,I Udana,409,0,0,20,0,0
1150,M Subasingha,408,0,0,10,0,0
1151,AJ Hosein,405,2,0,21,0,0
1152,RA Herman,407,0,0,13,0,0
1153,TD Groenewald,406,0,0,19,0,0
1154,GFB Scott,406,0,0,14,0,0
1155,SD Lad,209,197,0,3,9,0
1156,TD Astle,405,0,0,13,0,0
1157,SR Wells,405,0,0,10,0,0
1158,TE Bailey,404,0,0,26,0,0
1159,AT Nidamanuru,363,0,41,15,0,0
1160,JM Anderson,398,4,0,33,2,0
1161,ER Bamber,402,0,0,16,0,0
1162,M Pretorius,401,0,0,20,0,0
1163,SJ Taylor,386,13,0,8,3,0
1164,Virat Singh,399,0,0,6,0,0
1165,Sameer Rizvi,359,39,0,12,1,0
1166,L Harris,397,0,0,18,0,0
1167,Naeem Islam,396,0,0,17,0,0
1168,Vivek Singh,237,159,0,6,3,0
1169,BMAJ Mendis,395,0,0,16,1,0
1170,BF Calitz,395,0,0,10,0,0
1171,JE Taylor,393,0,0,32,0,0
1172,NJ Astle,393,0,0,3,0,0
1173,Jay Bista,136,256,0,5,5,0
1174,Pulindu Perera,392,0,0,5,0,0
1175,Zeeshan Maqsood,391,0,0,13,0,0
1176,Muhammad Asim,391,0,0,4,0,0
1177,A Bosch,390,0,0,11,0,0
1178,NS Dhaliwal,388,0,0,11,0,0
1179,M Wright,388,0,0,9,0,0
1180,JW Jenner,388,0,0,4,0,0
1181,IDM Latin,387,0,0,16,0,0
1182,M Kaif,321,65,0,13,4,0
1183,SJ Topping,386,0,0,5,0,0
1184,Carl Cachopa,385,0,0,10,0,0
1185,Ayan Khan,385,0,0,7,0,0
1186,CJA Amini,384,0,0,11,0,0
1187,Pargat Singh,384,0,0,9,0,0
1188,S Shanmuganathan,384,0,0,7,0,0
1189,Marie Kelly,383,0,0,13,0,0
1190,LPC Silva,380,3,0,11,1,0
1191,TR Birt,383,0,0,11,0,0
1192,JM Gibson,383,0,0,9,0,0
1193,S Gimhan,383,0,0,9,0,0
1194,Hasan Ali,382,0,0,33,0,0
1195,A Dercksen,382,0,0,11,0,0
1196,MPM Weerasinghe,382,0,0,7,0,0
1197,G Scrivens,381,0,0,15,0,0
1198,ZE Green,381,0,0,12,0,0
1199,Aamer Jamal,381,0,0,10,0,0
1200,AJ Hodd,381,0,0,10,0,0
1201,WSEN Fernando,381,0,0,10,0,0
1202,Wahab Riaz,380,0,0,39,0,0
1203,W Sahan,379,0,0,9,0,0
1204,HV Patel,283,87,8,17,4,2
1205,M Mosehle,378,0,0,14,0,0
1206,Faisal Iqbal,378,0,0,9,0,0
1207,WJ Lubbe,376,0,0,19,0,0
1208,KV Sharma,323,46,7,10,4,1
1209,BM Hope,375,0,0,13,0,0
1210,KH Devdhar,309,66,0,9,4,0
1211,CFK van Wyk,375,0,0,11,0,0
1212,A Mhatre,342,32,0,8,1,0
1213,AK Perera,374,0,0,9,0,0
1214,Musaddiq Ahmed,374,0,0,9,0,0
1215,SW Currie,374,0,0,9,0,0
1216,K Rabada,287,78,8,21,2,3
1217,W Jaffer,373,0,0,10,0,0
1218,M Gogev,373,0,0,7,0,0
1219,BW Sanderson,372,0,0,38,0,0
1220,Z Khan,324,48,0,25,4,0
1221,OP Stone,372,0,0,22,0,0
1222,JN Mohammed,372,0,0,15,0,0
1223,TA Wood,372,0,0,15,0,0
1224,ND Paranavithana,372,0,0,12,0,0
1225,KDC Clarke,371,0,0,16,0,0
1226,FMK Morris,371,0,0,12,0,0
1227,Rohan Kadam,371,0,0,8,0,0
1228,H Kerr,370,0,0,18,0,0
1229,Azmatullah Omarzai,370,0,0,13,0,0
1230,Mohammad Saifuddin,370,0,0,10,0,0
1231,H Madavi,370,0,0,6,0,0
1232,Jaspal Singh,369,0,0,7,0,0
1233,JAH Marshall,369,0,0,6,0,0
1234,H Thaker,368,0,0,10,0,0
1235,Khawaja Nafay,367,0,0,12,0,0
1236,DY Pennington,366,0,0,26,0,0
1237,A Dizija,365,0,0,9,0,0
1238,Aqib Ilyas,364,0,0,11,0,0
1239,Krishan Sanjula,364,0,0,6,0,0
1240,SR Waugh,362,0,0,6,0,0
1241,MS Bisla,344,17,0,9,1,0
1242,NR Kumar,361,0,0,10,0,0
1243,PM Siddle,360,0,0,27,0,0
1244,MMMS Cooray,360,0,0,11,0,0
1245,R Satheesan,360,0,0,8,0,0
1246,GL Cloete,359,0,0,13,0,0
1247,LA Pomersbach,251,108,0,8,1,0
1248,SN Gunasinghe,358,0,0,8,0,0
1249,TAM Siriwardana,336,0,21,15,0,0
1250,AS Joseph,334,22,0,23,0,1
1251,CG Heaphy,354,0,0,11,0,0
1252,L Wood,353,0,0,19,0,0
1253,JTA Burnham,353,0,0,18,0,0
1254,J Da Silva,353,0,0,13,0,0
1255,P Khadka,353,0,0,4,0,0
1256,TS Nethula,352,0,0,19,0,0
1257,MDK Perera,352,0,0,13,0,0
1258,BJJ Wells,351,0,0,8,0,0
1259,M Penna,351,0,0,7,0,0
1260,MG Hogan,350,0,0,17,0,0
1261,WRKS Darshika,350,0,0,8,0,0
1262,Ahsan Ali,349,0,0,15,0,0
1263,S Jayathilake,349,0,0,9,0,0
1264,Razmal Shigiwal,349,0,0,6,0,0
1265,BE Patterson,348,0,0,9,0,0
1266,AD Thomason,347,0,0,13,0,0
1267,PTM Dabare,346,0,0,8,0,0
1268,Hazratullah,344,0,0,14,0,0
1269,AJ Freeborn,344,0,0,8,0,0
1270,SW Ambris,344,0,0,7,0,0
1271,DM Gondaria,343,0,0,9,0,0
1272,Fawad Alam,343,0,0,9,0,0
1273,S Bau,341,0,0,14,0,0
1274,K Zondo,341,0,0,12,0,0
1275,NJ Reardon,341,0,0,12,0,0
1276,DR Drew,341,0,0,6,0,0
1277,MF Maharoof,334,6,0,17,1,0
1278,Raqibul Hasan,340,0,0,14,0,0
1279,JM Kemp,328,11,0,12,1,0
1280,Y Venugopal Rao,302,37,0,12,1,0
1281,TMJ Smith,338,0,0,17,0,0
1282,S Muthusamy,322,0,16,8,0,2
1283,Dian Forrester,338,0,0,5,0,0
1284,JC Tredwell,337,0,0,13,0,0
1285,MS Atapattu,337,0,0,8,0,0
1286,Taranjeet Singh,337,0,0,6,0,0
1287,JL Finnie,336,0,0,17,0,0
1288,Aqib Iqbal,336,0,0,9,0,0
1289,UT Yadav,305,18,12,21,1,2
1290,SP Goswami,236,99,0,8,7,0
1291,Dylan Steyn,335,0,0,7,0,0
1292,B George,335,0,0,5,0,0
1293,WAT Beer,334,0,0,18,0,0
1294,GH Vihari,276,57,1,13,2,1
1295,ME Claydon,334,0,0,14,0,0
1296,KP Navgire,264,0,69,12,0,2
1297,G Malla,333,0,0,10,0,0
1298,MRJA Perera,333,0,0,9,0,0
1299,KPNM Karunanayake,333,0,0,3,0,0
1300,Riazat Ali Shah,333,0,0,2,0,0
1301,MJ Leach,332,0,0,22,0,0
1302,Mohammad Amir,332,0,0,21,0,0
1303,JJ Bushnell,332,0,0,10,0,0
1304,TC Smith,332,0,0,9,0,0
1305,Fiaz Ahmed,332,0,0,7,0,0
1306,J Botha,326,5,0,15,1,0
1307,CP Wood,331,0,0,14,0,0
1308,HJ Cullen,331,0,0,11,0,0
1309,BJ Rohrer,331,0,0,9,0,0
1310,T Kohli,189,142,0,5,3,0
1311,S Snater,330,0,0,21,0,0
1312,A Shahzad,330,0,0,19,0,0
1313,MG Booth,330,0,0,10,0,0
1314,C Chetty,330,0,0,8,0,0
1315,IJ Westwood,330,0,0,6,0,0
1316,Z Malik,328,0,0,17,0,0
1317,RMVD Gunaratne,328,0,0,10,0,0
1318,M Ford,328,0,0,5,0,0
1319,YSD Seneveratne,328,0,0,3,0,0
1320,Irfan Khan,327,0,0,12,0,0
1321,R Wijesooriya,327,0,0,8,0,0
1322,Taufeeq Umar,327,0,0,5,0,0
1323,DC Thomas,326,0,0,19,0,0
1324,SJ MacBeth,326,0,0,11,0,0
1325,H Graham,326,0,0,10,0,0
1326,VL Jani,326,0,0,8,0,0
1327,Adil Butt (2),324,0,0,3,0,0
1328,FK Cowdrey,323,0,0,13,0,0
1329,Chaitanya Bishnoi,174,149,0,6,3,0
1330,Sohail Akhtar,322,0,0,10,0,0
1331,Kamran Khan (2),322,0,0,7,0,0
1332,SA Engelbrecht,289,0,33,5,0,1
1333,HMRKB Herath,321,0,0,20,0,0
1334,MR Quinn,321,0,0,20,0,0
1335,Saqlain Arshad,321,0,0,14,0,0
1336,L Scott,321,0,0,9,0,0
1337,Mohammad Shahzad,321,0,0,9,0,0
1338,D Potgieter,320,0,0,9,0,0
1339,BW Harmison,320,0,0,7,0,0
1340,HAM Shah,320,0,0,7,0,0
1341,JJ Huo,320,0,0,5,0,0
1342,WRS Gidman,319,0,0,10,0,0
1343,PL Mommsen,319,0,0,4,0,0
1344,S Meghana,245,0,73,9,0,1
1345,Saim Hussain,318,0,0,5,0,0
1346,JA Brooks,317,0,0,15,0,0
1347,NL Buck,316,0,0,20,0,0
1348,P Dogra,139,177,0,3,5,0
1349,JT Ball,282,33,0,23,2,0
1350,D Ganga,315,0,0,8,0,0
1351,GID Lavelle,314,0,0,8,0,0
1352,Gulsan Jha,274,39,0,10,3,0
1353,Usman Patel,313,0,0,8,0,0
1354,SL Malinga,285,27,0,24,6,1
1355,M Austin,312,0,0,11,0,0
1356,BA Pai,312,0,0,9,0,0
1357,Sammu Ashan,312,0,0,3,0,0
1358,VD Philander,230,0,81,15,0,1
1359,J Merlo,311,0,0,8,0,0
1360,HW Podmore,310,0,0,16,0,0
1361,AJ Tye,310,0,0,14,0,1
1362,OF Smith,300,9,1,12,0,0
1363,TP Ludeman,310,0,0,8,0,0
1364,Vishnu Vinod,187,122,0,7,2,0
1365,R Upamal,309,0,0,8,0,0
1366,KJ Stagno,309,0,0,7,0,0
1367,PJ van Biljon,308,0,0,11,0,0
1368,Ayesha Zafar,308,0,0,8,0,0
1369,JAD Lawrenson,308,0,0,4,0,0
1370,GG White,307,0,0,25,0,0
1371,Yasir Hameed,307,0,0,8,0,0
1372,D Murphy,307,0,0,7,0,0
1373,Suliman Safi,307,0,0,7,0,0
1374,GSNFG Jayasuriya,306,0,0,17,0,0
1375,DS Weerakkody,306,0,0,10,0,0
1376,PARP Perera,306,0,0,5,0,0
1377,MJ Ackerman,305,0,0,10,0,0
1378,CA Henry,305,0,0,7,0,0
1379,GP Thorpe,305,0,0,3,0,0
1380,C Rushworth,304,0,0,23,0,0
1381,MJ McClenaghan,255,49,0,16,4,0
1382,AWJ Auguste,304,0,0,12,0,0
1383,Parth Sahani,225,79,0,6,3,0
1384,R Lord,304,0,0,9,0,0
1385,S Smale,303,0,0,11,0,0
1386,Manan Bashir,303,0,0,4,0,0
1387,JL Lawlor,302,0,0,12,0,0
1388,KA Edwards,199,103,0,2,2,0
1389,WT Dilshan,301,0,0,10,0,0
1390,KC D'Souza,300,0,0,5,0,0
1391,Aftab Ahmed,299,0,0,10,0,0
1392,N Deonarine,278,21,0,7,2,0
1393,II Selemani,298,0,0,5,0,0
1394,Pratham Singh,297,0,0,8,0,0
1395,A Dananjaya,281,15,0,18,0,0
1396,K Lewis,296,0,0,15,0,0
1397,Shadman Islam,296,0,0,14,0,0
1398,Fatima Sana,296,0,0,10,0,0
1399,HB Shipley,296,0,0,9,0,0
1400,SB Dubey,282,13,0,9,1,0
1401,P Chopra,295,0,0,5,0,0
1402,MH McKiernan,294,0,0,17,0,0
1403,DB Ravi Teja,66,228,0,5,4,0
1404,AJ Mosca,231,62,0,6,0,0
1405,C Esterhuizen,293,0,0,6,0,0
1406,Mohammad Nadeem,293,0,0,6,0,0
1407,FJ Colson,292,0,0,15,0,0
1408,D Myers,264,28,0,13,1,0
1409,MK Lomror,249,1,42,11,2,1
1410,Ravinderpal Singh,292,0,0,7,0,0
1411,PC Valthaty,259,33,0,5,1,0
1412,SC Getkate,291,0,0,17,0,0
1413,J Anderson,291,0,0,6,0,0
1414,Abid Ali,291,0,0,5,0,0
1415,S Molineux,290,0,0,15,0,0
1416,Haider Butt,290,0,0,5,0,0
1417,B Kumar,175,74,40,17,8,4
1418,Ibrahim Zadran,289,0,0,12,0,0
1419,NR Hobson,289,0,0,9,0,0
1420,Himmat Singh,131,158,0,6,2,0
1421,Imran Nazir,289,0,0,7,0,0
1422,M Deyal,288,0,0,13,0,0
1423,L Siaka,288,0,0,9,0,0
1424,BJR Martindale,287,0,0,13,0,0
1425,J Wilson,287,0,0,11,0,0
1426,ARS Silva,287,0,0,5,0,0
1427,G Snyman,287,0,0,3,0,0
1428,WPUJC Vaas,286,0,0,10,0,0
1429,M Raj,166,120,0,4,3,0
1430,KD Petersen,286,0,0,6,0,0
1431,PP Chawla,213,60,12,17,6,1
1432,M Morkel,250,33,0,13,1,0
1433,Rameez Shahzad,283,0,0,3,0,0
1434,DM Nakrani,283,0,0,0,0,0
1435,HD Weibgen,281,0,0,5,0,0
1436,SP van der Merwe,281,0,0,5,0,0
1437,JL Curtis,281,0,0,4,0,0
1438,C Kellaway,280,0,0,7,0,0
1439,Hamidullah Qadri,279,0,0,16,0,0
1440,Muhammad Muneeb,279,0,0,7,0,0
1441,C Jonker,279,0,0,6,0,0
1442,MW Forde,277,1,0,13,0,0
1443,HPN Singh,278,0,0,10,0,0
1444,KVA Adikari,278,0,0,2,0,0
1445,Anwar Ali,277,0,0,16,0,0
1446,Kartik Sharma,259,18,0,7,1,0
1447,OFM Sykes,276,0,0,10,0,0
1448,Mehboob Ali,276,0,0,7,0,0
1449,AF Milne,270,0,5,14,0,2
1450,Javed Omar,275,0,0,11,0,0
1451,B Sharki,275,0,0,10,0,0
1452,C Webb,275,0,0,10,0,0
1453,CE Dean,259,16,0,10,0,0
1454,A Hunter,275,0,0,8,0,0
1455,Khurram Manzoor,275,0,0,5,0,0
1456,CD McMillan,274,0,0,11,0,0
1457,AR Nurse,234,0,40,9,0,1
1458,Isa Zaroo,274,0,0,6,0,0
1459,K Anjula,274,0,0,6,0,0
1460,A Bagai,190,84,0,4,1,0
1461,Mohammed Shami,241,32,0,16,3,0
1462,NL McCullum,259,14,0,15,2,0
1463,SL Elstone,273,0,0,15,0,0
1464,Imran Anwar,273,0,0,9,0,0
1465,Amandeep Khare,273,0,0,5,0,0
1466,AM Nayar,146,126,0,6,6,1
1467,Ramandeep Singh,211,55,6,10,2,1
1468,AC Blizzard,183,89,0,6,3,0
1469,Zeeshan Ali (2),272,0,0,8,0,0
1470,AJ Doolan,271,0,0,10,0,0
1471,P Vastrakar,100,150,21,4,4,2
1472,AJ Hall,267,4,0,8,1,0
1473,Priyank Panchal,271,0,0,8,0,0
1474,A Manohar,240,17,13,11,2,2
1475,J Edwards,270,0,0,15,0,0
1476,Ariful Haque,270,0,0,9,0,0
1477,Zeeshan Kukikhel,270,0,0,4,0,0
1478,SC Meaker,268,1,0,16,1,0
1479,LC Johnson,269,0,0,15,0,0
1480,C Hemraj,254,0,15,11,0,1
1481,IA De Silva,269,0,0,9,0,0
1482,JB Lintott,269,0,0,9,0,0
1483,R Sanjay Yadav,90,179,0,3,6,0
1484,Imran Farhat,269,0,0,7,0,0
1485,MW Parkinson,268,0,0,31,0,0
1486,RG White,268,0,0,8,0,0
1487,Sophia Smale,267,0,0,10,0,0
1488,Aniket Verma,249,18,0,9,0,0
1489,C Skelton,267,0,0,4,0,0
1490,WG Bosisto,267,0,0,3,0,0
1491,V Ganesan,267,0,0,2,0,0
1492,LH Ferguson,259,6,0,19,1,0
1493,A Surenkumar,264,0,0,10,0,0
1494,CR McLachlan,264,0,0,10,0,0
1495,JC Tongue,263,0,0,27,0,0
1496,TA Boult,242,5,16,16,0,2
1497,Shuvagata Hom,263,0,0,12,0,0
1498,GR Napier,263,0,0,11,0,0
1499,TL Suman,197,54,12,5,5,1
1500,AE Satterthwaite,239,24,0,9,1,0
1501,Abbas Ghani,263,0,0,9,0,0
1502,N Jagadeesan,224,39,0,8,1,0
1503,Shoaib Khan,263,0,0,6,0,0
1504,YS Samra,263,0,0,6,0,0
1505,R Silva,263,0,0,5,0,0
1506,AW Gorvin,262,0,0,18,0,0
1507,Tayyab Tahir,262,0,0,13,0,0
1508,JK Silva,262,0,0,7,0,0
1509,AM Vaughan,261,0,0,12,0,0
1510,BJ Small,261,0,0,10,0,0
1511,BM Pecic,261,0,0,6,0,0
1512,P Pushparajan,261,0,0,6,0,0
1513,M Marais,261,0,0,4,0,0
1514,R Frylinck,260,0,0,11,0,0
1515,RK Chandraguptha,260,0,0,7,0,0
1516,SS Prabhudessai,251,6,2,6,1,1
1517,Jake Egan,259,0,0,6,0,0
1518,SHT Kandamby,258,0,0,12,0,0
1519,D Hemalatha,258,0,0,11,0,0
1520,S Hicks,258,0,0,9,0,0
1521,Maaz Sadaqat,258,0,0,6,0,0
1522,JM Brodie,257,0,0,11,0,0
1523,KAR Hodge,256,0,0,7,0,0
1524,V Ravindran,256,0,0,7,0,0
1525,CB Wishart,256,0,0,4,0,0
1526,Rajin Saleh,255,0,0,12,0,0
1527,KJ Martin,244,11,0,6,0,0
1528,AP Palladino,254,0,0,19,0,0
1529,CV Anto,254,0,0,11,0,0
1530,F Hand,254,0,0,9,0,0
1531,Mahidul Islam Ankon,254,0,0,8,0,0
1532,Aritra Dutta,254,0,0,7,0,0
1533,Callum Taylor,254,0,0,6,0,0
1534,NM Lyon,240,0,13,20,0,2
1535,AR Patwa,253,0,0,7,0,0
1536,A Ashokan,253,0,0,3,0,0
1537,CJ Haggett,252,0,0,14,0,0
1538,EL Arlott,252,0,0,7,0,0
1539,Sohail Tanvir,246,5,0,15,1,0
1540,TG Helm,251,0,0,15,0,0
1541,VR Rubasinghe,251,0,0,9,0,0
1542,M Coetzee,251,0,0,7,0,0
1543,Vishnu Solanki,251,0,0,5,0,0
1544,R Flintoff,251,0,0,2,0,0
1545,WAE Burton,250,0,0,7,0,0
1546,GS Drissell,249,0,0,15,0,0
1547,MB Kruger,249,0,0,11,0,0
1548,AJ Macleod,249,0,0,7,0,0
1549,Pawan Sandesh,249,0,0,7,0,0
1550,N Davin,249,0,0,5,0,0
1551,HT Crocombe,248,0,0,24,0,0
1552,C McKerr,248,0,0,17,0,0
1553,KH Brunt,223,25,0,10,3,0
1554,E Threlkeld,248,0,0,11,0,0
1555,Aizaz Khan,247,0,0,14,0,0
1556,JL Carter,247,0,0,12,0,0
1557,HH Dippenaar,247,0,0,8,0,0
1558,AB Barath,182,65,0,4,2,0
1559,O Davies,246,0,0,11,0,0
1560,THS Rew,246,0,0,9,0,0
1561,GM Andrew,246,0,0,8,0,0
1562,J Moores,246,0,0,7,0,0
1563,Kuldeep Yadav,165,51,29,16,2,0
1564,J Blackwood,245,0,0,14,0,0
1565,KB Arun Karthik,73,172,0,4,4,0
1566,Shivam Chauhan,126,119,0,5,3,0
1567,Sameer Minhas (2),245,0,0,5,0,0
1568,HG Kumara,245,0,0,3,0,0
1569,SC Cook,244,0,0,8,0,0
1570,Alok Kapali,243,0,0,10,0,0
1571,AB McDonald,243,0,0,7,0,0
1572,BS Makhanya,243,0,0,6,0,0
1573,SA Ahmad,243,0,0,6,0,0
1574,AZ Monaghan,242,0,0,12,0,0
1575,A Norgrove,242,0,0,9,0,0
1576,TG McIntosh,242,0,0,7,0,0
1577,Emma Jones,242,0,0,6,0,0
1578,Samarth Vyas,242,0,0,6,0,0
1579,SB Davey,242,0,0,5,0,0
1580,AD Nath,223,18,0,8,3,0
1581,ZGF Foulkes,241,0,0,10,0,0
1582,RJ Quiney,241,0,0,8,0,0
1583,V Vijh,241,0,0,3,0,0
1584,J Spence,240,0,0,5,0,0
1585,P Kumar,210,29,0,16,4,0
1586,Evan Jones,239,0,0,9,0,0
1587,D Sigera,239,0,0,6,0,0
1588,B Kohler-Cadmore,239,0,0,4,0,0
1589,C Heenatigala,239,0,0,4,0,0
1590,AJ Neal,238,0,0,6,0,0
1591,CJ McInerney,237,0,0,4,0,0
1592,MW Snedden,236,0,0,12,0,0
1593,JKH Naik,236,0,0,8,0,0
1594,R Chopra,236,0,0,7,0,0
1595,CJ Simmons,236,0,0,6,0,0
1596,Kevin Perera,236,0,0,5,0,0
1597,KDK Vithanage,236,0,0,4,0,0
1598,JA Duffy,235,0,0,26,0,0
1599,LC Norwell,235,0,0,12,0,0
1600,JD Vandiar,235,0,0,7,0,0
1601,Kumar Deobrat,235,0,0,6,0,0
1602,Mohammad Ihsan,235,0,0,2,0,0
1603,Shahadat Hossain,234,0,0,17,0,0
1604,BMJ Allison,234,0,0,10,0,0
1605,M Van Buuren,234,0,0,10,0,0
1606,M Louis,234,0,0,9,0,0
1607,L McCarthy,234,0,0,8,0,0
1608,PJ Forrest,234,0,0,7,0,0
1609,T Poynton,233,0,0,15,0,0
1610,Shashank Chandrakar,233,0,0,8,0,0
1611,S Malshan,233,0,0,4,0,0
1612,RS Morton,232,0,0,15,0,0
1613,Isaac Mohammed,232,0,0,10,0,0
1614,AW Finch,232,0,0,9,0,0
1615,CO Thurston,232,0,0,9,0,0
1616,MA Ouma,232,0,0,8,0,0
1617,Naushad Shaikh,232,0,0,4,0,0
1618,T Mishra,232,0,0,4,0,0
1619,FFZ Nhaduate,232,0,0,3,0,0
1620,A Griffiths,231,0,0,16,0,0
1621,C Wijesinghe,231,0,0,10,0,0
1622,Karim Janat,231,0,0,9,0,0
1623,DM Sarathchandra,231,0,0,7,0,0
1624,KA Jamieson,197,33,0,13,3,0
1625,KS Bharat,147,83,0,10,3,0
1626,K Gowtham,229,0,1,7,1,1
1627,RP Arnold,230,0,0,8,0,0
1628,SP Terry,230,0,0,6,0,0
1629,GJ Hopkins,230,0,0,5,0,0
1630,Tajinder Singh,229,0,0,10,0,0
1631,B Niaz,229,0,0,6,0,0
1632,TN Cullen,229,0,0,4,0,0
1633,CM Carroll,229,0,0,2,0,0
1634,OP Rayner,228,0,0,17,0,0
1635,Naseem Khushi,228,0,0,10,0,0
1636,B Parsons,228,0,0,6,0,0
1637,EMDY Munaweera,227,0,0,10,0,0
1638,AM McCarthy,227,0,0,9,0,0
1639,V Saini,227,0,0,7,0,0
1640,ND Dattani,226,0,0,11,0,0
1641,RJ Peterson,225,1,0,10,1,0
1642,S Gunathilaka,226,0,0,8,0,0
1643,J Grewcock,226,0,0,2,0,0
1644,DJ Worrall,225,0,0,19,0,0
1645,MK O'Riordan,225,0,0,15,0,0
1646,L Guthrie,225,0,0,12,0,0
1647,NND de Silva,225,0,0,6,0,0
1648,SC Kerrigan,224,0,0,10,0,0
1649,Aryansh Sharma,224,0,0,9,0,0
1650,SJ Magoffin,223,0,0,23,0,0
1651,Himanshu Rana,202,21,0,7,3,0
1652,MLL Taylor,223,0,0,9,0,0
1653,JC Mickleburgh,223,0,0,8,0,0
1654,LD Hearne,223,0,0,8,0,0
1655,Aziz Mohammad,223,0,0,6,0,0
1656,MA Butcher,223,0,0,4,0,0
1657,RM Hira,222,0,0,8,0,0
1658,XC Bartlett,222,0,0,8,0,0
1659,AS Basra,222,0,0,7,0,0
1660,Tillakaratne Sampath,222,0,0,7,0,0
1661,JM Cooke,222,0,0,5,0,0
1662,AS Dale,220,0,0,18,0,0
1663,JF Smith,220,0,0,9,0,0
1664,H Carlyon,220,0,0,8,0,0
1665,EJM Cowan,220,0,0,7,0,0
1666,JM Blatherwick,220,0,0,7,0,0
1667,S Hapuhinna,220,0,0,6,0,0
1668,Shaiman Anwar,220,0,0,6,0,0
1669,Hammad Mirza,220,0,0,5,0,0
1670,Sheikh Rasik,220,0,0,1,0,0
1671,Zeeshan Khan,219,0,0,9,0,0
1672,BM Halliday,219,0,0,6,0,0
1673,Ali Naseer,219,0,0,5,0,0
1674,WA Agar,218,0,0,15,0,0
1675,AF Giles,218,0,0,9,0,0
1676,Sompal Kami,192,26,0,8,0,0
1677,V Thewmika,218,0,0,7,0,0
1678,TJ Murtagh,217,0,0,12,0,0
1679,KTH Ratnayake,217,0,0,10,0,0
1680,S Milenko,217,0,0,7,0,0
1681,CR Brown,217,0,0,6,0,0
1682,GP Swann,215,1,0,12,0,0
1683,Sneh Rana,180,10,26,8,2,2
1684,Aadi Sharma,216,0,0,9,0,0
1685,Saeed Ajmal,215,0,0,16,0,0
1686,EK Marlow,215,0,0,10,0,0
1687,TS Rogers,215,0,0,9,0,0
1688,PC de Silva,214,0,0,17,0,0
1689,NN Gilchrist,214,0,0,16,0,0
1690,A Mishra,159,25,30,8,3,1
1691,GD Cross,214,0,0,10,0,0
1692,Aliya Riaz,214,0,0,8,0,0
1693,SHB Morgan,214,0,0,5,0,0
1694,IC Gaze,214,0,0,4,0,0
1695,WSA Williams,213,0,0,16,0,0
1696,Habibul Bashar,213,0,0,14,0,0
1697,Fayaz Khan,213,0,0,7,0,0
1698,Shaheryar Butt,213,0,0,6,0,0
1699,Faheem Nazir,213,0,0,5,0,0
1700,Karan KC,192,20,0,7,1,0
1701,SKS Gill,212,0,0,6,0,0
1702,TSS Mackintosh,212,0,0,6,0,0
1703,T Kelly,211,0,0,8,0,0
1704,Ahmer Bin Nisar,210,0,0,10,0,0
1705,AJ Pienaar,210,0,0,9,0,0
1706,Anand Singh,210,0,0,8,0,0
1707,SJ Harmison,209,0,0,14,0,0
1708,Mukhtar Ahmed,209,0,0,10,0,0
1709,I Kaia,209,0,0,6,0,0
1710,MG Vandort,209,0,0,6,0,0
1711,M Simpson-Parker,209,0,0,1,0,0
1712,Q Joseph,208,0,0,9,0,0
1713,Qaiser Ali,208,0,0,2,0,0
1714,I Sharma,184,19,4,21,3,2
1715,BNJ Lockrose,207,0,0,13,0,0
1716,WJ Weighell,207,0,0,12,0,0
1717,BJ Wright,207,0,0,11,0,0
1718,SA Campbelle,207,0,0,9,1,0
1719,Sibsankar Roy,94,113,0,1,3,0
1720,MJ Swepson,206,0,0,9,0,0
1721,Aamir Kaleem,206,0,0,7,0,0
1722,GJ Snyman,206,0,0,7,0,0
1723,R Vinay Kumar,139,55,11,6,4,1
1724,PE Kruger,205,0,0,10,0,0
1725,G Singh,205,0,0,7,0,0
1726,OJ Hairs,205,0,0,7,0,0
1727,ES Szwarczynski,205,0,0,6,0,0
1728,Ziaur Rahman,204,0,0,11,0,0
1729,Sahil Chauhan,204,0,0,4,0,0
1730,JI Hope-Bell,204,0,0,3,0,0
1731,Irfan Ringku,203,0,0,6,0,0
1732,Mohammad Ahnaff,203,0,0,5,0,0
1733,FDW McCreath,202,0,0,7,0,0
1734,PN Mankad,198,4,0,7,0,0
1735,Nakul Verma,202,0,0,5,0,0
1736,A King,131,59,11,12,2,1
1737,J Yadav,72,122,7,3,3,2
1738,S Wickramasekara,201,0,0,8,0,0
1739,Yasim Murtaza,201,0,0,8,0,0
1740,Manan Ali,201,0,0,7,0,0
1741,B Arora,201,0,0,5,0,0
1742,RD Harrison,201,0,0,5,0,0
1743,AN Lascu,201,0,0,3,0,0
1744,Mohammad Maaz Khan,201,0,0,3,0,0
1745,NM Coulter-Nile,196,3,1,12,0,0
1746,SJ Benn,200,0,0,11,0,0
1747,A Daniel,200,0,0,9,0,0
1748,Zubair Ali,200,0,0,4,0,0
1749,HB Dickson,200,0,0,2,0,0
1750,GI Hume,198,0,0,9,0,0
1751,Abdur Rehman,198,0,0,7,0,0
1752,A Karvelas,197,0,0,13,0,0
1753,WEL Buttleman,197,0,0,12,0,0
1754,DN Wellalage,197,0,0,10,0,0
1755,E Corney,197,0,0,8,0,0
1756,Muhammad Naeem (2),197,0,0,7,0,0
1757,J Carty,197,0,0,5,0,0
1758,S Vesawkar,197,0,0,3,0,0
1759,R Rampaul,163,33,0,16,2,0
1760,Sohag Gazi,196,0,0,15,0,0
1761,N Vanua,196,0,0,8,0,0
1762,SMA Priyanjan,196,0,0,7,0,0
1763,BJ Pomare,196,0,0,5,0,0
1764,Arpit Vasavada,196,0,0,3,0,0
1765,LC Ngoepe,195,0,0,10,0,0
1766,S Matsikenyeri,195,0,0,9,0,0
1767,Swapnil Singh,185,0,10,7,1,1
1768,L Shaw,195,0,0,3,0,0
1769,S Conners,194,0,0,16,0,0
1770,BD Cotton,194,0,0,10,0,0
1771,MD Bates,194,0,0,7,0,0
1772,SA Wijeratne,194,0,0,7,0,0
1773,Arslan Amjad,194,0,0,5,0,0
1774,KAJ Roach,178,0,15,17,0,0
1775,T Mayes,193,0,0,13,0,0
1776,DJ Ahmed,193,0,0,9,0,0
1777,WA White,193,0,0,8,0,0
1778,JS Rymell,193,0,0,7,0,0
1779,PA Franklin,193,0,0,6,0,0
1780,Ahmed Hassan (2),193,0,0,4,0,0
1781,AV Wankhade,112,81,0,2,2,0
1782,S Jafta,192,0,0,9,0,0
1783,WK Dilhari,192,0,0,5,0,0
1784,Avishka Iroshan,192,0,0,4,0,0
1785,R Moonsamy,192,0,0,4,0,0
1786,Hiten Dalal,103,88,0,4,4,0
1787,D Schadendorf,191,0,0,7,0,0
1788,HJ Manenti,191,0,0,5,0,0
1789,AR Easwaran,90,101,0,2,2,0
1790,J McKenzie,191,0,0,3,0,0
1791,P Mishra,190,0,0,9,0,0
1792,Shahid Afridi (2),190,0,0,8,0,0
1793,OJ Hannon-Dalby,189,0,0,19,0,0
1794,VB van Jaarsveld,189,0,0,9,0,0
1795,L Paul,189,0,0,8,0,0
1796,PM Nevill,189,0,0,8,0,0
1797,K Mirpuri,189,0,0,5,0,0
1798,S Lakshan,189,0,0,3,0,0
1799,T Muller,188,0,0,11,0,0
1800,MNM Aslam,188,0,0,10,0,0
1801,CD Wallace,188,0,0,8,0,0
1802,G Kirsten,188,0,0,5,0,0
1803,Suryansh Shedge,188,0,0,5,0,0
1804,AJ Blackwell,188,0,0,3,0,0
1805,S Muniandy,187,0,0,10,0,0
1806,NM Hauritz,172,15,0,6,2,0
1807,LJ Carey,187,0,0,6,0,0
1808,T Harshana,187,0,0,6,0,0
1809,T Munyonga,173,14,0,5,1,0
1810,L Banks,187,0,0,5,0,0
1811,AE Paraam,187,0,0,2,0,0
1812,HJH Brookes,186,0,0,14,0,0
1813,MB McEwan,186,0,0,8,0,0
1814,Sumit Kumar,154,32,0,6,1,0
1815,RM Duffy,186,0,0,6,0,0
1816,B Bhandari,186,0,0,5,0,0
1817,S Sesazi,186,0,0,5,0,0
1818,TR Cornall,186,0,0,5,0,0
1819,Taskin Ahmed,185,0,0,22,0,0
1820,JA Richardson,168,17,0,6,3,0
1821,CD Barnwell,185,0,0,8,0,0
1822,RI Walker,185,0,0,7,0,0
1823,AJ Stewart,185,0,0,3,0,0
1824,DO Obuya,185,0,0,3,0,0
1825,RAS Lakmal,184,0,0,24,0,0
1826,NMJ Reifer,184,0,0,7,0,0
1827,WWAG Maneeshan,184,0,0,3,0,0
1828,Punit Bisht,27,156,0,2,6,0
1829,A Stonehouse,183,0,0,6,0,0
1830,P Negi,141,38,3,7,3,1
1831,SS Pathirana,182,0,0,8,0,0
1832,TM Dowlin,182,0,0,7,0,0
1833,Bipul Sharma,181,1,0,5,1,0
1834,M Donegan,182,0,0,6,0,0
1835,C Wickramasinghe,182,0,0,2,0,0
1836,RAJ Smith,181,0,0,13,0,0
1837,MR Gillespie,181,0,0,10,0,0
1838,Harmeet Singh (2),181,0,0,7,1,0
1839,KJ Dudgeon,181,0,0,6,0,0
1840,Yasir Arafat,181,0,0,5,0,0
1841,PL le Roux,181,0,0,3,0,0
1842,Hammad Saeed,181,0,0,1,0,0
1843,Taijul Islam,180,0,0,19,0,0
1844,NR Kirton,180,0,0,10,0,0
1845,Shahid Wasif,180,0,0,6,0,0
1846,JD Gibson,179,0,0,8,0,0
1847,ASS Nijjar,179,0,0,7,0,0
1848,DD de Soysa,179,0,0,5,0,0
1849,SMLD Samarakoon,178,0,0,8,0,0
1850,L Dobson,178,0,0,6,0,0
1851,BB Samantray,141,0,37,2,0,1
1852,JM Davison,163,15,0,2,1,0
1853,Arav Shetty,177,0,0,5,0,0
1854,MC Juneja,128,49,0,4,1,0
1855,NE Bolton,177,0,0,5,0,0
1856,C Madande,177,0,0,4,0,0
1857,Azharullah,176,0,0,17,0,0
1858,Saad Bin Zafar,176,0,0,11,0,0
1859,T Murphy,176,0,0,9,0,0
1860,Aman Desai,176,0,0,7,0,0
1861,JA Pocklington,176,0,0,7,0,0
1862,TW Boorman,176,0,0,6,0,0
1863,Amit Verma,176,0,0,3,0,0
1864,Yashodha Lanka,176,0,0,3,0,0
1865,SML Fernandes,175,0,0,8,0,0
1866,Zubaidi Zulkifle,174,0,0,7,0,0
1867,KD Shah,174,0,0,6,0,0
1868,AK Sah,174,0,0,5,0,0
1869,Lokesh Bam,119,55,0,2,2,0
1870,J Mees,174,0,0,3,0,0
1871,BM Wheeler,173,0,0,11,0,0
1872,SJ McGlashan,135,38,0,4,1,0
1873,D Kalupahana,173,0,0,4,0,0
1874,GB Hogg,170,2,0,7,2,0
1875,Mehedi Maruf,172,0,0,8,0,0
1876,MA Vermeulen,172,0,0,6,0,0
1877,GJ Thompson,172,0,0,4,0,0
1878,DW Steyn,164,3,4,13,2,0
1879,Abhijeet Ahuja,171,0,0,3,0,0
1880,N Hussain,171,0,0,3,0,0
1881,A Kumble,135,35,0,8,2,0
1882,R Southby,170,0,0,8,0,0
1883,AC Thomas,170,0,0,6,0,0
1884,Abul Hasan,170,0,0,5,0,0
1885,AG Milton,170,0,0,5,0,0
1886,Aditya Waghmode,170,0,0,3,0,0
1887,F Singh,169,0,0,9,0,0
1888,J Gumbie,169,0,0,5,0,0
1889,AD Poynter,169,0,0,4,0,0
1890,KJ Ferrary,169,0,0,4,0,0
1891,Lakvin Abeysinghe,169,0,0,3,0,0
1892,M Muralitharan,161,7,0,15,1,0
1893,A Javid,168,0,0,9,0,0
1894,ST de Silva,168,0,0,7,0,0
1895,JWM Dalrymple,168,0,0,6,0,0
1896,ND Laegsgaard,168,0,0,6,0,0
1897,Rishabh Tiwari,168,0,0,6,0,0
1898,Shahadat Hossain Dipu,168,0,0,5,0,0
1899,IR Jaggi,166,2,0,3,1,0
1900,Ali Zaheer,168,0,0,3,0,0
1901,Mayank Raghav,168,0,0,2,0,0
1902,Walid Ghauri,168,0,0,2,0,0
1903,CE Shreck,167,0,0,14,0,0
1904,Mohammad Wasim,167,0,0,11,0,0
1905,MAG Boyce,167,0,0,9,0,0
1906,Aslam Khan,167,0,0,6,0,0
1907,Natalia Pervaiz,167,0,0,6,0,0
1908,R Stokell,167,0,0,4,0,0
1909,PK Garg,120,46,0,7,2,0
1910,DC Drakes,166,0,0,8,0,0
1911,S Movva,166,0,0,7,0,0
1912,Ehsan Khan,166,0,0,6,0,0
1913,A Lister,166,0,0,4,0,0
1914,MWR Stokes,166,0,0,3,0,0
1915,PHS Madushanka,166,0,0,2,0,0
1916,TP Visee,165,0,0,11,0,0
1917,P Utseya,165,0,0,5,0,0
1918,BL Wiggins,163,0,0,12,0,0
1919,Waji Ul Hassan,163,0,0,6,0,0
1920,M Raikes,163,0,0,4,0,0
1921,Jatin Wadhwan,163,0,0,3,0,0
1922,J Symes,163,0,0,2,0,0
1923,Bavanaka Sandeep,163,0,0,1,0,0
1924,AW McKenzie,162,0,0,12,0,0
1925,P Kurup,162,0,0,8,0,0
1926,C Carter,162,0,0,4,0,0
1927,SJ Walters,162,0,0,4,0,0
1928,JL Pattinson,161,0,0,11,0,0
1929,Harshit Rana,155,4,2,7,1,1
1930,JO Baker,161,0,0,9,0,0
1931,A Siriwardhana,161,0,0,6,0,0
1932,Bilal Tahir,161,0,0,6,0,0
1933,Janak Prakash,161,0,0,6,0,0
1934,R Hekure,161,0,0,5,0,0
1935,S Sadamal,161,0,0,5,0,0
1936,GP Rees,161,0,0,4,0,0
1937,Mohammed Sameer,161,0,0,4,0,0
1938,S Hook,161,0,0,4,0,0
1939,Mohammed Qasim,161,0,0,3,0,0
1940,K Pathiratne,160,0,0,9,0,0
1941,A Campbell,160,0,0,8,0,0
1942,SK Warne,160,0,0,6,1,0
1943,Rohan Prem,51,109,0,2,3,0
1944,Luka Woods,160,0,0,3,0,0
1945,Naseem Shah,159,0,0,15,0,0
1946,BAD Manenti,159,0,0,9,0,0
1947,J Avendano,159,0,0,8,0,0
1948,GA Garrett,159,0,0,7,0,0
1949,Ikramullah Khan,159,0,0,7,0,0
1950,R Trumpelmann,159,0,0,7,0,0
1951,L Doneathy,159,0,0,4,0,0
1952,RMAU Grimmond,159,0,0,3,0,0
1953,SA Patterson,158,0,0,19,0,0
1954,JA Fitzgerald,158,0,0,7,0,0
1955,G Venkateswaran,158,0,0,6,0,0
1956,Khawar Ali,158,0,0,5,0,0
1957,Umang Sharma,146,12,0,3,1,0
1958,Md Ariyan,158,0,0,2,0,0
1959,C Pyle,157,0,0,9,0,0
1960,E Bosch,157,0,0,9,0,0
1961,RJ Hamilton-Brown,157,0,0,7,0,0
1962,CT Tremlett,157,0,0,6,0,0
1963,NJ van den Bergh,157,0,0,6,0,0
1964,Sarfaraz Ali,157,0,0,6,0,0
1965,Ravi Chauhan,157,0,0,4,0,0
1966,J Minto,156,0,0,3,0,0
1967,KB Pawan,41,115,0,1,2,0
1968,M Campopiano,156,0,0,3,0,0
1969,Rahul Singh,156,0,0,3,0,0
1970,T Parima,156,0,0,3,0,0
1971,James Middlebrook,155,0,0,6,0,0
1972,M Castineiras,155,0,0,0,0,0
1973,NT Ellis,154,0,0,11,0,0
1974,DS Rosier,154,0,0,7,0,0
1975,SJ Erwee,154,0,0,6,0,0
1976,WW Hinds,154,0,0,6,0,0
1977,Khalid Latif,154,0,0,5,0,0
1978,MR Swart,154,0,0,3,0,0
1979,IECM Wong,153,0,0,9,0,0
1980,S Lynch,153,0,0,6,0,0
1981,SM Elliott,153,0,0,6,0,0
1982,GM Thomson,153,0,0,4,0,0
1983,S Grover,153,0,0,3,0,0
1984,BC Fortuin,152,0,0,12,0,0
1985,JR Hazlewood,149,0,3,8,0,0
1986,Qais Ahmad,152,0,0,8,0,0
1987,NJ McGuire,152,0,0,6,0,0
1988,AD Mascarenhas,152,0,0,5,0,0
1989,Daniel Smith,152,0,0,4,0,0
1990,L Yamamoto-Lake,152,0,0,4,0,0
1991,Luqman Butt,152,0,0,4,0,0
1992,SA Asnodkar,113,39,0,3,1,0
1993,Junaid Aziz,152,0,0,3,0,0
1994,RJ Gibson,151,0,0,9,0,0
1995,SR Bhudia,151,0,0,5,0,0
1996,Salman Nizar,116,35,0,1,1,0
1997,BW Aitchison,150,0,0,19,0,0
1998,JD Unadkat,73,36,41,8,2,2
1999,KD Mills,150,0,0,10,0,0
2000,JL Ontong,150,0,0,7,0,0
2001,Muhammad Usman,150,0,0,6,0,0
2002,Arjun Vinod,150,0,0,5,0,0
2003,D Khanal,150,0,0,4,0,0
2004,DT Tiripano,150,0,0,4,0,0
2005,Aaftab Alam Khan,150,0,0,3,0,0
2006,CA Young,149,0,0,10,0,0
2007,KS Dhariwal,149,0,0,6,0,0
2008,TC Knight,149,0,0,5,0,0
2009,JS Malhotra,149,0,0,4,0,0
2010,SMSM Senanayake,148,0,0,9,0,0
2011,WJ Cope,148,0,0,8,0,0
2012,G Hoey,148,0,0,7,0,0
2013,S Manoj,148,0,0,7,0,0
2014,NA Barnwell,148,0,0,5,0,0
2015,PVD Chameera,108,22,17,12,2,2
2016,RC Davies,147,0,0,8,0,0
2017,OJ Peake,147,0,0,5,0,0
2018,Rajat Paliwal,147,0,0,4,0,0
2019,Shawaal Zulfiqar,147,0,0,4,0,0
2020,BM Tickner,146,0,0,16,0,0
2021,ST Finn,145,1,0,16,0,0
2022,G Onions,146,0,0,12,0,0
2023,CN Greaves,146,0,0,6,0,0
2024,K Fraser,146,0,0,5,0,0
2025,R Dhawan,114,11,21,3,1,0
2026,TP Allen,146,0,0,4,0,0
2027,AR Frost,146,0,0,3,0,0
2028,G Gune,146,0,0,2,0,0
2029,Wahidullah Sahak,146,0,0,1,0,0
2030,KTGD Prasad,145,0,0,7,0,0
2031,Rohan Kunnummal,145,0,0,5,0,0
2032,Saber Zakhil,145,0,0,5,0,0
2033,Sheraz Sheikh,145,0,0,5,0,0
2034,DN Hakaraia,145,0,0,1,0,0
2035,AWR Barrow,144,0,0,10,0,0
2036,K Alleyne,144,0,0,6,0,0
2037,Mohammad Rizlan,144,0,0,6,0,0
2038,Sazib Bhuiyan,144,0,0,6,0,0
2039,B Aparajith,144,0,0,5,0,0
2040,DP Vaidya,144,0,0,5,0,0
2041,H Deshan,144,0,0,5,0,0
2042,IG Butler,144,0,0,5,0,0
2043,BW Hilfenhaus,144,0,0,3,0,0
2044,Vishal Kushwah,144,0,0,2,0,0
2045,SP Gomes,144,0,0,1,0,0
2046,KS Ahuja,128,15,0,10,1,0
2047,ATE Hazeldine,143,0,0,10,0,0
2048,C Viljoen,143,0,0,8,0,0
2049,GHV Dulsara,143,0,0,6,0,0
2050,JJ Bumrah,98,34,10,11,1,4
2051,JT Todd,142,0,0,8,0,0
2052,MB Bacon,142,0,0,8,0,0
2053,SJ Modani,142,0,0,5,0,0
2054,I Dulani,142,0,0,3,0,0
2055,JF Mooney,142,0,0,3,0,0
2056,VS Halambage,142,0,0,3,0,0
2057,M Chadha,142,0,0,2,0,0
2058,M Shumba,142,0,0,2,0,0
2059,Tamoor Sajjad,142,0,0,2,0,0
2060,V Sukumaran,141,0,0,6,0,0
2061,L Steenkamp,141,0,0,5,0,0
2062,Aditya Kaushik,141,0,0,4,0,0
2063,TC Jones,141,0,0,4,0,0
2064,Q Sampson,141,0,0,3,0,0
2065,RA Sealy,141,0,0,3,0,0
2066,R Bhatia,81,18,41,5,3,2
2067,FW Sheat,140,0,0,4,0,0
2068,R Hirushan,140,0,0,4,0,0
2069,KS Leverock,140,0,0,1,0,0
2070,TR Bevan,139,0,0,11,0,0
2071,JDF Vandersay,139,0,0,8,0,0
2072,J Bulele,139,0,0,4,0,0
2073,YV Dhull,139,0,0,4,0,0
2074,SO Ngoche,139,0,0,3,0,0
2075,Muhammad Shahdad,139,0,0,2,0,0
2076,TJG Pringle,138,0,0,12,0,0
2077,Arafat Minhas,138,0,0,9,0,0
2078,A Wanninayake,138,0,0,6,0,0
2079,LM Jongwe,138,0,0,5,0,0
2080,RS Second,138,0,0,5,0,0
2081,EMCD Edirisinghe,138,0,0,4,0,0
2082,SD Perera,138,0,0,4,0,0
2083,Ankit Kaushik,138,0,0,3,0,0
2084,R MacDonald-Gay,138,0,0,2,0,0
2085,LJ Leokaoke,138,0,0,1,0,0
2086,SF Hunt,137,0,0,9,0,0
2087,JJ van der Wath,137,0,0,7,0,0
2088,Mirza Tahir Baig,137,0,0,6,0,0
2089,Shahzaib Jamil,137,0,0,5,0,0
2090,U Arshad,137,0,0,4,0,0
2091,HS Gericke,137,0,0,3,0,0
2092,I Takahashi,137,0,0,3,0,0
2093,Chirag Jani,137,0,0,0,0,0
2094,G Coetzee,109,27,0,11,4,0
2095,TC Barker,136,0,0,9,0,0
2096,Y Rodrigo,136,0,0,7,0,0
2097,MG Bevan,94,42,0,2,1,0
2098,Fazle Mahmud,136,0,0,2,0,0
2099,LEK Edirisinghe,135,0,0,4,0,0
2100,Shahzaib Hasan,135,0,0,3,0,0
2101,Shalith Fernando,135,0,0,3,0,0
2102,SJG Janett,135,0,0,3,0,0
2103,Gurinder Singh,135,0,0,2,0,0
2104,XE Bell,135,0,0,2,0,0
2105,S Mahmood,133,0,1,9,0,1
2106,BO Coad,134,0,0,9,0,0
2107,M Abinash,134,0,0,6,0,0
2108,MM Baig,134,0,0,5,0,0
2109,DS Abeywickramasingha,134,0,0,2,0,0
2110,KD Kesuma,134,0,0,2,0,0
2111,Upendra Yadav,134,0,0,1,0,0
2112,KJJ van Noortwijk,134,0,0,0,0,0
2113,DJ Leech,133,0,0,9,0,0
2114,K Hilton,133,0,0,9,0,0
2115,SA Piolet,133,0,0,7,0,0
2116,SB Wood,133,0,0,6,0,0
2117,EA Osborne,133,0,0,3,0,0
2118,Dhruv Raval,133,0,0,2,0,0
2119,KSA McKenzie,132,0,0,9,0,0
2120,J Neill,132,0,0,6,0,0
2121,TS Kamunhukamwe,132,0,0,6,0,0
2122,SIM King,132,0,0,4,0,0
2123,Adnan Ilyas,132,0,0,2,0,0
2124,Asghar Ali Khan,132,0,0,1,0,0
2125,KS Velani,131,0,0,10,0,0
2126,H Desai,131,0,0,8,0,0
2127,KJ Garth,88,43,0,6,1,0
2128,G Kotuwegoda,131,0,0,5,0,0
2129,AKS Bains,131,0,0,4,0,0
2130,Chirag Gandhi,131,0,0,4,0,0
2131,D Induwara,131,0,0,4,0,0
2132,Dayyaan Galiem,131,0,0,3,0,0
2133,MP Dunn,130,0,0,12,0,0
2134,DBL Powell,130,0,0,9,0,0
2135,J Suchith,80,50,0,2,3,0
2136,Jaskaran Singh,130,0,0,5,0,0
2137,Samarth Singh,111,19,0,4,1,0
2138,DA Rankin,130,0,0,4,0,0
2139,JR Eckland,130,0,0,4,0,0
2140,BJ Holt,130,0,0,3,0,0
2141,DKAL Perera,130,0,0,3,0,0
2142,Arun Yadav,130,0,0,2,0,0
2143,Saurabh Wakaskar,130,0,0,2,0,0
2144,JM Bird,129,0,0,12,0,0
2145,M Stanikzai,129,0,0,5,0,0
2146,I Karannagoda,129,0,0,4,0,0
2147,S Ravichandran,129,0,0,4,0,0
2148,Ashfaq Ahmed,129,0,0,3,0,0
2149,IDA Damarell,129,0,0,3,0,0
2150,Khizer Ahmed,129,0,0,3,0,0
2151,AP Rajeevan,129,0,0,2,0,0
2152,JC McNally,128,0,0,6,0,0
2153,Ganesh Satish,31,97,0,1,3,0
2154,JA Richards,128,0,0,4,0,0
2155,Musa Shaheen,128,0,0,3,0,0
2156,R de Swardt,128,0,0,3,0,0
2157,RL Powell,128,0,0,3,0,0
2158,SJ Harbinson,128,0,0,3,0,0
2159,JM Carder,128,0,0,2,0,0
2160,WJ Pucovski,128,0,0,2,0,0
2161,Mohammad Sami,127,0,0,11,0,0
2162,G Ford,127,0,0,7,0,0
2163,GSM Fernando,127,0,0,6,0,0
2164,HT Dixon,127,0,0,6,0,0
2165,DC Delany,127,0,0,5,0,0
2166,ND Pinner,127,0,0,5,0,0
2167,Rishabh Chouhan,110,17,0,4,1,0
2168,Zeshan Arif,127,0,0,5,0,0
2169,JB Tector,127,0,0,4,0,0
2170,AP Gillespie,127,0,0,3,0,0
2171,Bilal Masud,127,0,0,3,0,0
2172,CBRLS Kumara,125,0,1,11,0,0
2173,BAW Mendis,126,0,0,9,0,0
2174,Nazimuddin,126,0,0,9,0,0
2175,L Goodall,126,0,0,8,0,0
2176,Sami Aslam,126,0,0,8,0,0
2177,S Fonseka,126,0,0,4,0,0
2178,LD Watson,126,0,0,3,0,0
2179,DL Chahar,38,34,53,1,5,2
2180,AO Morgan,125,0,0,5,0,0
2181,SJ Coyte,125,0,0,5,0,0
2182,D Heyliger,125,0,0,4,0,0
2183,S Gooch,125,0,0,3,0,0
2184,KL Cross,105,0,19,10,0,2
2185,A Mutreja,124,0,0,6,0,0
2186,KM Jarvis,124,0,0,6,0,0
2187,K Motlanka,124,0,0,5,0,0
2188,M Syahadat Ramli,124,0,0,5,0,0
2189,S Vidyut,102,22,0,3,2,0
2190,V Shukla,124,0,0,5,0,0
2191,L Dawatage,124,0,0,4,0,0
2192,S Glenn,124,0,0,4,0,0
2193,Musa Ahmed,124,0,0,3,0,0
2194,SH Choudhry,124,0,0,3,0,0
2195,AG Puttick,123,0,0,5,0,0
2196,Arshad Khan (2),120,3,0,3,2,0
2197,Habib Khan,123,0,0,3,0,0
2198,AS Samra,123,0,0,2,0,0
2199,J van Heerden,123,0,0,2,0,0
2200,K Kulasekara,123,0,0,2,0,0
2201,Sufyan Mehmood,123,0,0,1,0,0
2202,GE Plimmer,122,0,0,6,0,0
2203,C Melly,122,0,0,5,0,0
2204,CJ Gannon,122,0,0,5,0,0
2205,S Dixit,122,0,0,4,0,0
2206,T Webster,122,0,0,4,0,0
2207,RB Patel,122,0,0,3,0,0
2208,P Baron,122,0,0,2,0,0
2209,FL Walker,122,0,0,0,0,0
2210,MJ Humphreys,121,0,0,8,0,0
2211,S Joseph,121,0,0,6,0,0
2212,Aminuddin Ramly,121,0,0,5,0,0
2213,AJ Ball,121,0,0,3,0,0
2214,S Rajapaksa,121,0,0,3,0,0
2215,Vishvaraj Jadeja,121,0,0,3,0,0
2216,A Mgijima,121,0,0,2,0,0
2217,JF Kloppenburg,121,0,0,1,0,0
2218,MT Steketee,120,0,0,13,0,0
2219,MNW Spriegel,120,0,0,9,0,0
2220,S Konstas,120,0,0,7,0,0
2221,T Kaitano,120,0,0,7,0,0
2222,E Windsor,120,0,0,4,0,0
2223,OR Newton,120,0,0,4,0,0
2224,PD Bocock,120,0,0,4,0,0
2225,Usman Khalid,120,0,0,4,0,0
2226,Rubel Hossain,119,0,0,17,0,0
2227,WP Masakadza,119,0,0,9,0,0
2228,CJ White,119,0,0,8,0,0
2229,S Jora,119,0,0,7,0,0
2230,DR Patankar,119,0,0,6,0,0
2231,L Delany,119,0,0,6,0,0
2232,XM Marshall,119,0,0,6,0,0
2233,Ahmed Aqeel,119,0,0,4,0,0
2234,BJ Taylor,119,0,0,4,0,0
2235,NJH Kimber,119,0,0,4,0,0
2236,AA Navicha,119,0,0,3,0,0
2237,B Bezuidenhout,119,0,0,2,0,0
2238,CAK Rajitha,99,19,0,12,2,0
2239,HF Gurney,118,0,0,12,0,0
2240,Mohammad Rafique,118,0,0,12,0,0
2241,WS Davis,118,0,0,11,0,0
2242,Khaled Mashud,118,0,0,9,0,0
2243,SE Gotch,118,0,0,8,0,0
2244,Muhammad Siddiqui,118,0,0,4,0,0
2245,CJ Borgas,118,0,0,3,0,0
2246,R Gunasekera,116,2,0,2,1,0
2247,TD Andrews,118,0,0,2,0,0
2248,Mohammed Azharuddeen,52,65,0,6,4,0
2249,HE Hurle,117,0,0,8,0,0
2250,J Andrew,117,0,0,7,0,0
2251,M Theekshana,97,13,7,5,2,0
2252,Farhad Reza,117,0,0,5,0,0
2253,RP Sharma,64,53,0,3,1,0
2254,Saqib Zulfiqar,117,0,0,4,0,0
2255,D Ndikubwimana,117,0,0,3,0,0
2256,KL Gordon,117,0,0,3,0,0
2257,Muhammad Usman (3),117,0,0,3,0,0
2258,J Matchett,117,0,0,2,0,0
2259,Sanvir Singh,105,12,0,2,0,0
2260,Gavin Roulston,116,0,0,8,0,0
2261,L Abeyratne,116,0,0,6,0,0
2262,MD Dilshan,116,0,0,6,0,0
2263,Jess Hazell,116,0,0,5,0,0
2264,CM Gautam,44,72,0,1,3,0
2265,C Wright,116,0,0,2,0,0
2266,A Mukund,115,0,0,6,0,0
2267,Hasan Mahmud,100,15,0,5,1,0
2268,Ritik Tomar,115,0,0,6,0,0
2269,TN de Grooth,115,0,0,4,0,0
2270,Abdul Samad (3),115,0,0,2,0,0
2271,D Visser,115,0,0,2,0,0
2272,KN Chaddha,115,0,0,1,0,0
2273,BJ Gibbon,114,0,0,10,0,0
2274,KK Cooper,93,21,0,7,1,0
2275,A Chopra,113,1,0,6,1,0
2276,JR Murphy,114,0,0,7,0,0
2277,WER Somerville,113,1,0,2,2,0
2278,JS Paris,114,0,0,3,0,0
2279,NN Odhiambo,114,0,0,2,0,0
2280,CA Barrett,114,0,0,0,0,0
2281,Arshdeep Singh,109,4,0,12,2,1
2282,MADI Hemantha,113,0,0,10,1,0
2283,NM Odhiambo,113,0,0,7,0,0
2284,SJ Cook,113,0,0,6,0,0
2285,GW Flower,113,0,0,2,0,0
2286,RA Thomas,113,0,0,2,0,0
2287,MD Rae,112,0,0,12,0,0
2288,EP Gulbis,112,0,0,8,0,0
2289,RJ Sayer,112,0,0,6,0,0
2290,JN Gillespie,101,11,0,4,1,0
2291,S Fanning,112,0,0,4,0,0
2292,A Saud,112,0,0,3,0,0
2293,A Randhawa,111,0,0,5,0,0
2294,J Glasgow,111,0,0,5,0,0
2295,CR Jones,111,0,0,4,0,0
2296,Imran Ali Butt,111,0,0,4,0,0
2297,J Shashen,111,0,0,4,0,0
2298,KHRA de Silva,111,0,0,4,0,0
2299,T Sandeep,111,0,0,3,0,0
2300,RR Biswa,36,74,0,2,6,0
2301,JNT Seales,110,0,0,7,0,0
2302,A Lanning,110,0,0,6,0,0
2303,M Manhas,109,1,0,3,2,0
2304,NK Patel,110,0,0,5,0,0
2305,L Delport,110,0,0,4,0,0
2306,Babul Kumar,110,0,0,3,0,0
2307,C Leeson,110,0,0,3,0,0
2308,DM Richards,110,0,0,2,0,0
2309,PB Gouge,110,0,0,2,0,0
2310,SS Mundhe,110,0,0,2,0,0
2311,J Chaturanga,110,0,0,1,0,0
2312,Mohammed Siraj,77,24,8,13,2,2
2313,Akash Deep,100,2,7,6,2,2
2314,MQ Adams,109,0,0,8,0,0
2315,Raghvi Bist,109,0,0,5,0,0
2316,SC Moore,109,0,0,5,0,0
2317,Shafiul Islam,108,0,0,12,0,0
2318,D Klein,108,0,0,11,0,0
2319,SD Parry,108,0,0,9,0,0
2320,M Carter,108,0,0,8,0,0
2321,Y Nagar,108,0,0,5,1,0
2322,Haseebullah Khan,108,0,0,5,0,0
2323,AJ Mellor,108,0,0,4,0,0
2324,Jayden Goodwin,108,0,0,4,0,0
2325,V Silva,108,0,0,4,0,0
2326,JA Bird,108,0,0,3,0,0
2327,Lakshit Gupta,108,0,0,3,0,0
2328,Saad Masood,108,0,0,3,0,0
2329,Shykat Ali,108,0,0,3,0,0
2330,CL Cairns,108,0,0,2,0,0
2331,PE Turner,108,0,0,2,0,0
2332,RS Sandhu,108,0,0,2,0,0
2333,Shahbaz Rasheed,108,0,0,1,0,0
2334,Amar Naeem,107,0,0,8,0,0
2335,Sineth Jayawardena,107,0,0,7,0,0
2336,Abdulla Pervaiz,107,0,0,3,0,0
2337,Darwish Rasooli,107,0,0,3,0,0
2338,Munim Shahriar,107,0,0,3,0,0
2339,RA Young,107,0,0,3,0,0
2340,Farhan Yousaf,107,0,0,2,0,0
2341,Ilyas Ataullah,107,0,0,2,0,0
2342,MD Choudhary,107,0,0,2,0,0
2343,CK Jasmat,107,0,0,1,0,0
2344,DK Mathias,107,0,0,1,0,0
2345,G Van Heerden,107,0,0,0,0,0
2346,Hassan Eisakhil,107,0,0,0,0,0
2347,V Vasquez,107,0,0,0,0,0
2348,Shoaib Akhtar,104,2,0,8,1,0
2349,GS Sandhu,106,0,0,6,0,0
2350,Nafees Iqbal,106,0,0,5,0,0
2351,BS Fulmali,106,0,0,4,0,0
2352,SF Burger,106,0,0,4,0,0
2353,Towfiq Khan,106,0,0,4,0,0
2354,AUK Pathan,106,0,0,3,0,0
2355,Vikrant Rajput,106,0,0,3,0,0
2356,I Danladi,106,0,0,2,0,0
2357,LR Down,106,0,0,2,0,0
2358,J Gardner,105,0,0,8,0,0
2359,H Dhanushka,105,0,0,7,0,0
2360,Abbas Afridi,105,0,0,5,0,0
2361,S Houghton,105,0,0,5,0,0
2362,RV Patel,105,0,0,4,0,0
2363,Azim Kazi,105,0,0,2,0,0
2364,Rahul Dalal,105,0,0,2,0,0
2365,Shubham Pundir,105,0,0,2,0,0
2366,DG Crowley,105,0,0,1,0,0
2367,Govinda Poddar,105,0,0,1,0,0
2368,R Rohan,104,0,0,8,0,0
2369,SM Warnapura,104,0,0,6,0,0
2370,AA Herwadkar,94,10,0,3,2,0
2371,PA Reddy,104,0,0,4,0,0
2372,AV Rajput,104,0,0,3,0,0
2373,Kuldeep,104,0,0,3,0,0
2374,N Nipiko,104,0,0,3,0,0
2375,WJ Bennison,104,0,0,3,0,0
2376,Dharmang Patel,104,0,0,2,0,0
2377,Nida Dar,104,0,0,2,0,0
2378,A Cranstone,104,0,0,1,0,0
2379,Haris Rauf,103,0,0,11,0,0
2380,Mizanur Rahman,103,0,0,7,0,0
2381,Nahidul Islam,103,0,0,6,0,0
2382,WB Marshall,103,0,0,6,0,0
2383,AC Lenham,103,0,0,5,0,0
2384,BJ Twohig,103,0,0,5,0,0
2385,G Kennedy,103,0,0,4,0,0
2386,JP Wood,103,0,0,4,0,0
2387,Rasheed Ali Mamadkhel,103,0,0,4,0,0
2388,Kanchana de Livera,103,0,0,3,0,0
2389,NRJ Croes,103,0,0,3,0,0
2390,Prashant Gupta,54,49,0,2,1,0
2391,T Amarasinghe,103,0,0,3,0,0
2392,PS Athavale,103,0,0,2,0,0
2393,J Ramanandi,103,0,0,0,0,0
2394,S Sohal,82,20,0,7,1,0
2395,D Olivier,102,0,0,7,0,0
2396,E Johnston,102,0,0,7,0,0
2397,RA Reifer,102,0,0,6,0,0
2398,TG Johnston,102,0,0,6,0,0
2399,DJ Harris,102,0,0,5,0,0
2400,NV Gorantla,102,0,0,5,0,0
2401,Rajjakuddin Ahmed,88,14,0,2,3,0
2402,Saurav Chauhan,93,9,0,4,1,0
2403,TK Musakanda,102,0,0,5,0,0
2404,Mohamed Shamaz,102,0,0,4,0,0
2405,Tanmay Agarwal,102,0,0,4,0,0
2406,PG Raut,14,88,0,1,2,0
2407,K Pala,102,0,0,2,0,0
2408,OJR Groves,102,0,0,1,0,0
2409,S Heath,102,0,0,1,0,0
2410,CAJ Morris,101,0,0,7,0,0
2411,C Fortuin,101,0,0,6,0,0
2412,SJ Johnson,101,0,0,6,0,0
2413,DS Bajwa,101,0,0,5,0,0
2414,Kashif Ali (2),101,0,0,5,0,0
2415,JJ Atkinson,101,0,0,4,0,0
2416,RG Aga,101,0,0,3,0,0
2417,GA Singh,100,1,0,1,1,0
2418,Khurram Shahzad,101,0,0,2,0,0
2419,MJ Hoggard,100,0,0,13,0,0
2420,LR Dudding,100,0,0,11,0,0
2421,D Bishoo,88,12,0,5,2,0
2422,IG McPeake,100,0,0,7,0,0
2423,A Ashok,100,0,0,6,0,0
2424,GH Bodi,100,0,0,5,0,0
2425,J Mosca,40,60,0,5,0,0
2426,MS Sinclair,100,0,0,5,0,0
2427,S Dadswell,100,0,0,5,0,0
2428,AB Sharma,100,0,0,4,0,0
2429,HV Mandhyan,100,0,0,4,0,0
2430,Abhishek Ahuja,100,0,0,3,0,0
2431,Akhil Rajput,100,0,0,2,0,0
2432,Zubayr Hamza,100,0,0,2,0,0
2433,DP Michael,100,0,0,1,0,0
2434,A Mithun,99,0,0,7,0,0
2435,C Gunasekara,99,0,0,7,0,0
2436,Anwar Arudin,99,0,0,6,0,0
2437,RJ Sidebottom,99,0,0,4,0,0
2438,Amit Sinha,77,22,0,0,2,0
2439,J Baker,99,0,0,2,0,0
2440,Taranjit Singh,99,0,0,2,0,0
2441,DM Kimmince,99,0,0,1,0,0
2442,A Ashish Reddy,69,10,19,5,1,0
2443,CK Leopard,98,0,0,6,0,0
2444,NS Naik,98,0,0,6,0,0
2445,JE Dooley,98,0,0,4,0,0
2446,MC Sorensen,98,0,0,4,0,0
2447,A Verma,98,0,0,3,0,0
2448,GM Smith,98,0,0,3,0,0
2449,P Pathiraja,98,0,0,3,0,0
2450,Snehal Kauthankar,98,0,0,3,0,0
2451,Umar Amin,98,0,0,3,0,0
2452,MS Maker,98,0,0,2,0,0
2453,T Wyllie,98,0,0,1,0,0
2454,JJ Bazley,97,0,0,13,0,0
2455,P Sarraf,97,0,0,6,0,0
2456,SM Mycock,97,0,0,6,0,0
2457,Shamyl Hussain,97,0,0,5,0,0
2458,TA Griffith,97,0,0,5,0,0
2459,Mirza Ahsan,97,0,0,4,0,0
2460,D Suzuki,97,0,0,3,0,0
2461,N Harman,97,0,0,3,0,0
2462,LD Madushanka,97,0,0,2,0,0
2463,Saif Badar,97,0,0,2,0,0
2464,WC Ludick,97,0,0,0,0,0
2465,M Kartik,48,48,0,4,3,0
2466,SHA Rance,96,0,0,6,0,0
2467,JNK Shannon,96,0,0,4,0,0
2468,N Shangase,96,0,0,4,0,0
2469,VE Tembo,96,0,0,3,0,0
2470,Wasim Ali,96,0,0,3,0,0
2471,CP Savage,96,0,0,2,0,0
2472,D Hemananda,96,0,0,2,0,0
2473,Karanveer Kaushal,96,0,0,2,0,0
2474,RB Albert,96,0,0,2,0,0
2475,MLR Buddika,96,0,0,1,0,0
2476,B Swanepoel,95,0,0,10,0,0
2477,CJ Boyce,95,0,0,9,0,0
2478,MD Wagstaff,95,0,0,7,0,0
2479,NA Patel,95,0,0,7,0,0
2480,EO Leonard,95,0,0,6,0,0
2481,AJ Bichel,94,1,0,4,1,0
2482,KLD Vishvaka,95,0,0,5,0,0
2483,Muhammad Amir,95,0,0,5,0,0
2484,ND Perera,95,0,0,5,0,0
2485,PM Pushpakumara,95,0,0,5,0,0
2486,PJ Ingram,95,0,0,4,0,0
2487,Prashanth Kumar,45,50,0,1,3,0
2488,Saira Jabeen,95,0,0,4,0,0
2489,T Nightingale,95,0,0,4,0,0
2490,VH Zol,95,0,0,4,0,0
2491,W Miyauchi,95,0,0,4,0,0
2492,B Ellis,95,0,0,3,0,0
2493,SSE Gumbs,95,0,0,3,0,0
2494,JM Watkin,95,0,0,2,0,0
2495,N A Sharma,95,0,0,2,0,0
2496,Shujaat Rasool,95,0,0,2,0,0
2497,Hamza Dar,95,0,0,1,0,0
2498,Karan Shinde,95,0,0,1,0,0
2499,ZM Tribe,95,0,0,1,0,0
2500,Adnan Mufti,94,0,0,3,0,0
2501,U U Bose,94,0,0,3,0,0
2502,U Bhatti,94,0,0,1,0,0
2503,BC Cullen,93,0,0,6,0,0
2504,Jahandad Khan,93,0,0,6,0,0
2505,S Qeshile,93,0,0,5,0,0
2506,TM Odoyo,93,0,0,5,0,0
2507,Khuzaima Tanveer,93,0,0,4,0,0
2508,Mehran Khan,93,0,0,4,0,0
2509,Sumit Kumar (2),93,0,0,4,0,0
2510,Darshan Misal,93,0,0,3,0,0
2511,J Martins,93,0,0,3,0,0
2512,Y Maddege,93,0,0,3,0,0
2513,Abhishek Goswami,93,0,0,2,0,0
2514,K Amantha,93,0,0,2,0,0
2515,Manjural Islam Rana,93,0,0,2,0,0
2516,Mohammed Al Balushi,93,0,0,2,0,0
2517,Abidullah Kotwa,93,0,0,0,0,0
2518,Umar Gul,92,0,0,12,0,0
2519,JAF Yovich,92,0,0,5,0,0
2520,HKM de Silva,92,0,0,3,0,0
2521,Omid Mailk Khel,92,0,0,3,0,0
2522,Yasser Nazir,92,0,0,3,0,0
2523,Rongsen Jonathan,92,0,0,2,0,0
2524,NB Mahwire,92,0,0,1,0,0
2525,Nikhil Gangta,92,0,0,1,0,0
2526,AS Hansra,22,70,0,0,0,0
2527,A Zampa,86,0,5,19,1,1
2528,Mustafizur Rahman,75,12,4,14,3,0
2529,K Goel,91,0,0,7,0,0
2530,Nasrulla Rana,91,0,0,6,0,0
2531,Khaibar Deldar,91,0,0,4,0,0
2532,Muhammad Fahad,91,0,0,2,0,0
2533,M Beitaki,91,0,0,1,0,0
2534,Saif-Ul Islam,91,0,0,0,0,0
2535,FH Edwards,77,13,0,15,0,0
2536,B Zuiderent,90,0,0,8,0,0
2537,S Gopal,49,33,8,6,2,0
2538,KA Jones,90,0,0,7,0,0
2539,R Dianish,90,0,0,6,0,0
2540,RA Jones,90,0,0,6,0,0
2541,SSM Stanislaus,90,0,0,5,0,0
2542,DR Tuffey,90,0,0,4,0,0
2543,S Forbes,90,0,0,4,0,0
2544,A Mundra,90,0,0,3,0,0
2545,S Chattergoon,90,0,0,3,0,0
2546,Harsh Tyagi,90,0,0,2,0,0
2547,PR Veer,90,0,0,2,0,0
2548,Akshaykumar Yadav,90,0,0,1,0,0
2549,KW Richardson,88,1,0,7,0,0
2550,Harpreet Brar,70,19,0,4,2,0
2551,R Gaznavi,89,0,0,5,0,0
2552,R Mutumbami,89,0,0,5,0,0
2553,Saad Baig,89,0,0,5,0,0
2554,Qasim Akram,89,0,0,4,0,0
2555,Abhay Negi,5,84,0,1,2,0
2556,MP Ainsworth,89,0,0,3,0,0
2557,CM McBride,89,0,0,2,0,0
2558,Mitesh Patel,89,0,0,2,0,0
2559,PK Matautaava,89,0,0,2,0,0
2560,AR Bawne,89,0,0,1,0,0
2561,R Pillai,89,0,0,1,0,0
2562,MVT Fernando,88,0,0,15,0,0
2563,J Mubarak,88,0,0,4,0,0
2564,RPN Priyadarshana,88,0,0,4,0,0
2565,BM Scholtz,88,0,0,3,0,0
2566,Fanyan Mughal,88,0,0,3,0,0
2567,AR Naidoo,88,0,0,2,0,0
2568,CAE Hill,88,0,0,2,0,0
2569,CP Tremain,88,0,0,2,0,0
2570,Uvais Ahmad,88,0,0,2,0,0
2571,JK Kamande,88,0,0,1,0,0
2572,T Duffin,88,0,0,1,0,0
2573,T Manders,88,0,0,1,0,0
2574,N Pradeep,87,0,0,10,0,0
2575,S Modgil,87,0,0,8,0,0
2576,N Radhakrishnan,87,0,0,7,0,0
2577,Lalhmangaiha,34,53,0,2,3,0
2578,R Chandrika,87,0,0,4,0,0
2579,KH Abe,87,0,0,3,0,0
2580,Pavan Deshpande,87,0,0,3,0,0
2581,C Rububagumya,87,0,0,2,0,0
2582,CJ Delany,87,0,0,2,0,0
2583,Saurabh Rawat,87,0,0,2,0,0
2584,BKEL Milantha,87,0,0,1,0,0
2585,LPPM Kumara,87,0,0,1,0,0
2586,JP Morley,86,0,0,8,0,0
2587,TE Tsiga,86,0,0,7,0,0
2588,Gull Feroza,86,0,0,5,0,0
2589,L Ngidi,86,0,0,5,0,0
2590,ML Kostic,86,0,0,5,0,0
2591,E Claridge,86,0,0,4,0,0
2592,SK Rasheed,67,19,0,3,1,0
2593,Tarun Sharma (2),86,0,0,4,0,0
2594,DO Leicher,86,0,0,3,0,0
2595,M Brown,86,0,0,3,0,0
2596,Adeeb Usmani,86,0,0,2,0,0
2597,ST Mendis,86,0,0,2,0,0
2598,Anoop Orsu,86,0,0,1,0,0
2599,M Rawat,84,2,0,0,1,0
2600,OD Hald,86,0,0,1,0,0
2601,S Jegannathan,86,0,0,1,0,0
2602,SM Sharif,85,0,0,9,0,0
2603,Aamer Yamin,85,0,0,6,0,0
2604,NA Sowter,85,0,0,6,0,0
2605,JM Kerr,85,0,0,5,0,0
2606,MW Pillans,85,0,0,5,0,0
2607,G Kaplan,85,0,0,3,0,0
2608,Mohammad Farooq (2),85,0,0,3,0,0
2609,RS Sembukuttige,85,0,0,3,0,0
2610,Tanzeel Sheikh,85,0,0,3,0,0
2611,Khalid Kail,85,0,0,2,0,0
2612,Manisankar Murasingh,85,0,0,2,0,0
2613,D Doyle-Calle,85,0,0,1,0,0
2614,MP Ellison,85,0,0,1,0,0
2615,Jaskaran Singh (2),84,0,0,9,0,0
2616,C Brewer,84,0,0,7,0,0
2617,I Wijesundera,84,0,0,6,0,0
2618,TG Mokoena,84,0,0,6,0,0
2619,DR Shorey,76,0,8,4,0,1
2620,SL Stewart,84,0,0,5,0,0
2621,GJ Dawson,84,0,0,4,0,0
2622,SADU Mihiran,84,0,0,4,0,0
2623,Sohail Khan,84,0,0,4,0,0
2624,AS Roy,84,0,0,2,0,1
2625,TL Tsolekile,84,0,0,3,0,0
2626,Umar Siddiq,84,0,0,3,0,0
2627,CM Smith,84,0,0,2,0,0
2628,Suraj Kumar,84,0,0,2,0,0
2629,M Prince,84,0,0,1,0,0
2630,Umair Qasim,84,0,0,1,0,0
2631,S Sajana,83,0,0,7,0,0
2632,Abdur Razzak,83,0,0,5,0,0
2633,Danish Aziz,83,0,0,5,0,0
2634,N Potts,83,0,0,5,0,0
2635,Sadaf Shamas,83,0,0,4,0,0
2636,SC van Schalkwyk,81,2,0,4,0,0
2637,T Bharaj,83,0,0,4,0,0
2638,T Perera,83,0,0,3,0,0
2639,P Cleary,83,0,0,2,0,0
2640,RA Clarke,83,0,0,2,0,0
2641,NGRP Jayasuriya,82,0,0,13,0,0
2642,Rishad Hossain,82,0,0,10,0,0
2643,R Sathish,72,0,10,4,1,1
2644,HS Liyanage,82,0,0,5,0,0
2645,Mudassar Bukhari,82,0,0,5,0,0
2646,Akeem Jordan,82,0,0,3,0,0
2647,HH Streak,82,0,0,3,0,0
2648,JS Floros,82,0,0,3,0,0
2649,J Barker,82,0,0,1,0,0
2650,Usama Mir,81,0,0,15,0,0
2651,T Thushara,81,0,0,8,0,0
2652,A Kapil,81,0,0,7,0,0
2653,Abrar Ahmed,81,0,0,7,0,0
2654,Z James,81,0,0,6,0,0
2655,F Tunnicliffe,81,0,0,4,0,0
2656,Ibrahim Rahimi,81,0,0,4,0,0
2657,NT Gamage,81,0,0,4,0,0
2658,RG Mukasa,81,0,0,4,0,0
2659,ACI Lovell,81,0,0,3,0,0
2660,CE Coulter Reilly,81,0,0,3,0,0
2661,M Tharupathi,81,0,0,3,0,0
2662,AF Buurman,81,0,0,2,0,0
2663,GK Davis,81,0,0,1,0,0
2664,Jay Gohil,81,0,0,1,0,0
2665,K Pooran,81,0,0,0,0,0
2666,NJ Rimmington,80,0,0,7,0,0
2667,RJKTD Ranatunga,80,0,0,4,0,0
2668,Yashpal Singh,80,0,0,4,0,0
2669,Hamza Tariq,80,0,0,3,0,0
2670,Yasin Patel,80,0,0,3,0,0
2671,PJ Bhati,80,0,0,2,0,0
2672,O Manishimwe,80,0,0,1,0,0
2673,R Mazumder,80,0,0,0,0,0
2674,RP Yadav,77,0,2,5,0,2
2675,SI Mahmood,79,0,0,7,0,0
2676,CA Rose,79,0,0,6,0,0
2677,T Bhatia,17,25,37,2,2,1
2678,A Shrubsole,74,5,0,2,2,0
2679,MP Kuhnemann,79,0,0,4,0,0
2680,JJ Boult,79,0,0,3,0,0
2681,Rohail Nazir,79,0,0,3,0,0
2682,D Keulder,79,0,0,2,0,0
2683,H Hiri,79,0,0,2,0,0
2684,BD Macdonald,79,0,0,1,0,0
2685,Muktar Ali,79,0,0,1,0,0
2686,R Jayasena,79,0,0,0,0,0
2687,S Sehrawat,78,0,0,8,0,0
2688,Shoriful Islam,65,6,7,8,0,0
2689,Fabid Ahmed,6,72,0,1,6,0
2690,WGRL Wijenayake,78,0,0,4,0,0
2691,Nazmul Hossain Milon,78,0,0,3,0,0
2692,Sidhant Singh,78,0,0,2,0,0
2693,L Klusener,78,0,0,1,0,0
2694,Shah Abrar Hussain,78,0,0,1,0,0
2695,UR Patel,0,78,0,0,1,0
2696,Kabir Ali,77,0,0,7,0,0
2697,AEN Riley,77,0,0,6,0,0
2698,AP Beard,77,0,0,5,0,0
2699,MD Mishra,65,12,0,4,1,0
2700,Pallav Kumar Das,47,30,0,2,3,0
2701,KN Peiris,77,0,0,4,0,0
2702,L Heap,77,0,0,4,0,0
2703,LC Doherty,77,0,0,4,0,0
2704,DEM Carter,77,0,0,3,0,0
2705,SD Parris,77,0,0,3,0,0
2706,V Zimonjic,77,0,0,3,0,0
2707,HS Mustard,77,0,0,2,0,0
2708,MW Tromp,77,0,0,2,0,0
2709,SP Khakurel,77,0,0,2,0,0
2710,Usman Ghani,77,0,0,2,0,0
2711,JN du Plooy,77,0,0,1,0,0
2712,J Coetzee,77,0,0,0,0,0
2713,L Botha,77,0,0,0,0,0
2714,A Nehra,69,1,6,6,3,1
2715,AR Swanepoel,76,0,0,6,0,0
2716,Diyon Johnson,76,0,0,5,0,0
2717,Umer Imtiaz,76,0,0,5,0,0
2718,Alauddin Babu,76,0,0,4,0,0
2719,CJ Briggs,76,0,0,4,0,0
2720,DM Jayalath,76,0,0,3,0,0
2721,KA Anderson,76,0,0,3,0,0
2722,Y Mendis,76,0,0,3,0,0
2723,N Boje,76,0,0,2,0,0
2724,TO Wylie,76,0,0,2,0,0
2725,NA Statham,76,0,0,1,0,0
2726,RJ Ainsworth,76,0,0,1,0,0
2727,Afzal Saleem,76,0,0,0,0,0
2728,DL Hemp,76,0,0,0,0,0
2729,R Bishnoi,76,0,0,0,0,0
2730,Hammad Azam,75,0,0,6,0,0
2731,Waqas Khan,75,0,0,6,0,0
2732,JP McIlroy,75,0,0,5,0,0
2733,Abdullah Fazal,75,0,0,4,0,0
2734,Hari Nishaanth,75,0,0,4,0,0
2735,JP Webb,75,0,0,4,0,0
2736,A Mansale,75,0,0,3,0,0
2737,JR Newton,75,0,0,3,0,0
2738,C Hassett,75,0,0,2,0,0
2739,Omair Yousuf,75,0,0,2,0,0
2740,S von Berg,75,0,0,2,0,0
2741,Shubham Sharma,75,0,0,2,0,0
2742,S Ghadigaonkar,75,0,0,1,0,0
2743,D Paterson,74,0,0,7,0,0
2744,TH Aspinwall,74,0,0,7,0,0
2745,Kashif Daud,74,0,0,3,0,0
2746,Akshay Wadkar,74,0,0,2,0,0
2747,Khurram Nawaz,74,0,0,2,0,0
2748,S Seyibokwe,74,0,0,2,0,0
2749,Natim Hassam,74,0,0,0,0,0
2750,Mir Hamza,73,0,0,8,0,0
2751,JU Goolie,73,0,0,5,0,0
2752,NR Gunasekera,73,0,0,5,0,0
2753,SJ Young,73,0,0,5,0,0
2754,Shreyanka Patil,62,11,0,2,2,0
2755,J Pillay,73,0,0,3,0,0
2756,LN Oluoch,73,0,0,3,0,0
2757,MO Kitunda,73,0,0,3,0,0
2758,RV Gomez,6,67,0,1,2,0
2759,Sandeep Goud,73,0,0,3,0,0
2760,GRL Weerasuriya,73,0,0,2,0,0
2761,OH Freckingham,73,0,0,2,0,0
2762,Utkarsh Singh,73,0,0,2,0,0
2763,Naim Stanikzai,73,0,0,0,0,0
2764,JW Dernbach,72,0,0,8,0,0
2765,T Musekiwa,72,0,0,5,1,0
2766,M De Villiers,72,0,0,4,0,0
2767,RM Edavalath,72,0,0,4,0,0
2768,SO Tikolo,72,0,0,4,0,0
2769,IG Sharp,72,0,0,3,0,0
2770,J Rasu,72,0,0,3,0,0
2771,CD Cumming,72,0,0,2,0,0
2772,D Samarawickrama,72,0,0,2,0,0
2773,DES Maxwell,72,0,0,2,0,0
2774,Kishan Parmar,72,0,0,2,0,0
2775,AB Fudadin,72,0,0,1,0,0
2776,Ashwin Das,72,0,0,1,0,0
2777,DT Johnston,72,0,0,1,0,0
2778,T Pradeep,72,0,0,1,0,0
2779,TW Loten,72,0,0,1,0,0
2780,Y Jalloh,72,0,0,1,0,0
2781,B Muzarabani,71,0,0,12,1,0
2782,AB Agarkar,47,24,0,9,2,0
2783,SS Cottrell,67,4,0,10,0,0
2784,A Dutt,70,0,1,8,0,1
2785,CS Baugh,66,5,0,6,2,0
2786,Farhan Ahmed (2),71,0,0,8,0,0
2787,DK Ferns,71,0,0,6,0,0
2788,Vishad Randika,71,0,0,5,0,0
2789,Imran Tahir,69,2,0,4,0,0
2790,P Subrayen,71,0,0,4,0,0
2791,RR Powar,43,28,0,4,0,0
2792,W Clark,71,0,0,4,0,0
2793,D Cato,71,0,0,3,0,0
2794,K Moore,71,0,0,3,0,0
2795,LR Johnson,71,0,0,3,0,0
2796,F Sweet,71,0,0,2,0,0
2797,Mohamed Arief,71,0,0,2,0,0
2798,A Augastin,71,0,0,1,0,0
2799,AK Mohan,71,0,0,1,0,0
2800,B de Leede,71,0,0,1,0,0
2801,D Jansen,71,0,0,1,0,0
2802,M Pranith,71,0,0,1,0,0
2803,N Mugabe,71,0,0,1,0,0
2804,RR Raina,71,0,0,1,0,0
2805,SA Okpe,71,0,0,1,0,0
2806,Sandeep Patel,71,0,0,1,0,0
2807,PA van Meekeren,66,0,4,9,0,1
2808,RW Price,70,0,0,6,0,0
2809,KS Gautam,70,0,0,5,0,0
2810,SK Springer,70,0,0,5,0,0
2811,Amogh Desai,70,0,0,4,0,0
2812,CL Herring,70,0,0,4,0,0
2813,GA Priandana,70,0,0,4,0,0
2814,Zain Ul Abidin,70,0,0,4,0,0
2815,ARJ Ogborne,70,0,0,3,0,0
2816,Idrees Ul Haque,70,0,0,3,0,0
2817,Mudassar Muhammad,70,0,0,2,0,0
2818,O Gunning,70,0,0,2,0,0
2819,S Tobgay,70,0,0,2,0,0
2820,SS Nadkarni,70,0,0,2,0,0
2821,Azyan Farhath,70,0,0,1,0,0
2822,Faisal Mubashir,70,0,0,1,0,0
2823,FRJ Coleman,70,0,0,1,0,0
2824,OE Newey,70,0,0,1,0,0
2825,R Nehonde,70,0,0,1,0,0
2826,SL Rainbird,70,0,0,1,0,0
2827,PADLR Sandakan,68,0,1,14,0,1
2828,JA Porter,69,0,0,11,0,0
2829,CD Collymore,69,0,0,9,0,0
2830,V Nigam,49,20,0,5,1,0
2831,B Evans,26,43,0,4,1,0
2832,M Spoors,69,0,0,5,0,0
2833,ASS Fletcher,69,0,0,4,0,0
2834,E Beukes,69,0,0,4,0,0
2835,U Aryaman Sunil,69,0,0,4,0,0
2836,Samiullah Shenwari,69,0,0,3,0,0
2837,Aarya Desai,69,0,0,2,0,0
2838,ARA Chambers,69,0,0,2,0,0
2839,AS Sawant,69,0,0,2,0,0
2840,FFW Price,69,0,0,2,0,0
2841,MA Liyanapathiranage,69,0,0,2,0,0
2842,PA Nixon,69,0,0,1,0,0
2843,Vivrant Sharma,0,69,0,0,1,0
2844,Avesh Khan,47,7,14,3,1,1
2845,KM Dabengwa,68,0,0,5,0,0
2846,CH Stobo,68,0,0,4,0,0
2847,Jishan Alam,68,0,0,4,0,0
2848,Vikas Hathwala,68,0,0,4,0,0
2849,CL Flintoff,68,0,0,3,0,0
2850,Salil Arora,38,30,0,3,0,0
2851,Aanshul Gupta,68,0,0,2,0,0
2852,Bazid Khan,68,0,0,2,0,0
2853,BL Couch,68,0,0,2,0,0
2854,KG Anderson,68,0,0,2,0,0
2855,Mukhtar Ghulami,68,0,0,2,0,0
2856,R McKenna,68,0,0,2,0,0
2857,AG Dugmore,68,0,0,1,0,0
2858,AJ McKay,68,0,0,1,0,0
2859,D du Preez,68,0,0,1,0,0
2860,S Ramakrishnan,68,0,0,1,0,0
2861,Gulraiz Sadaf,68,0,0,0,0,0
2862,S Arora,68,0,0,0,0,0
2863,MM Sharma,55,4,8,6,1,1
2864,Nasum Ahmed,27,19,21,4,1,2
2865,Rizwan Butt,67,0,0,4,0,0
2866,Gaurav Puri,67,0,0,3,0,0
2867,M Bhatia,67,0,0,3,0,0
2868,NMS Param,67,0,0,3,0,0
2869,AJ Burger,67,0,0,2,0,0
2870,AR Reakes,67,0,0,2,0,0
2871,CMJ McLoughlin-Gavin,67,0,0,2,0,0
2872,ER Dwivedi,67,0,0,1,1,0
2873,Yash Nahar,67,0,0,2,0,0
2874,AA Rahayu,67,0,0,1,0,0
2875,Utkarsh Srivastava,67,0,0,1,0,0
2876,CP Klijnhans,67,0,0,0,0,0
2877,O Peters,67,0,0,0,0,0
2878,SH Venugopal,67,0,0,0,0,0
2879,S Lamichhane,61,5,0,6,1,0
2880,L Senokwane,66,0,0,5,0,0
2881,ME Hobden,66,0,0,5,0,0
2882,Sediqullah Atal,66,0,0,5,0,0
2883,Abdul Wahid,66,0,0,4,0,0
2884,GT Bell,66,0,0,4,0,0
2885,JKC Claxton,66,0,0,4,0,0
2886,Duan Jansen,66,0,0,3,0,0
2887,Abdul Basith,66,0,0,2,0,0
2888,DJ Wainwright,66,0,0,2,0,0
2889,IS Billcliff,66,0,0,2,0,0
2890,Sajid Khan,66,0,0,2,0,0
2891,NRP Scholtz,66,0,0,1,0,0
2892,Shahil Momin,66,0,0,1,0,0
2893,V Viyaskanth,65,0,0,7,0,0
2894,Khizar Hayat,65,0,0,5,0,0
2895,SJ Seecharan,65,0,0,5,0,0
2896,SM Boland,65,0,0,5,0,0
2897,E Dusingizimana,65,0,0,4,0,0
2898,Imran Qayyum,65,0,0,4,0,0
2899,Jaspreet Singh,65,0,0,4,0,0
2900,Waqar Zalmai,65,0,0,4,0,0
2901,MJ Nofal,65,0,0,3,0,0
2902,Shubham Khajuria,65,0,0,3,0,0
2903,Subramanian Anand,0,65,0,0,3,0
2904,W Prestwidge,65,0,0,3,0,0
2905,CA Soper,65,0,0,2,0,0
2906,Hamid Safi,65,0,0,2,0,0
2907,MTMMJ Ave,65,0,0,2,0,0
2908,Muhammad Adil,65,0,0,2,0,0
2909,NA Rathva,65,0,0,2,0,0
2910,R Mudford,65,0,0,2,0,0
2911,RG Hazarika,65,0,0,2,0,0
2912,S Colombage,65,0,0,2,0,0
2913,A Kirschbaum,65,0,0,1,0,0
2914,Gaurav Tiwari,65,0,0,1,0,0
2915,OM Baker,65,0,0,1,0,0
2916,SR Weliwatta,65,0,0,1,0,0
2917,SG Mangela,65,0,0,0,0,0
2918,J Hull,64,0,0,7,0,0
2919,Codi Yusuf,64,0,0,5,0,0
2920,TI Hinley,64,0,0,4,0,0
2921,Girinath Reddy,51,13,0,2,1,0
2922,Saghar Manzoor,64,0,0,3,0,0
2923,A Muthalib,64,0,0,2,0,0
2924,Ahmed Raza,64,0,0,2,0,0
2925,Arjit Pannu,64,0,0,2,0,0
2926,Mohammad Hasnain,64,0,0,2,0,0
2927,Naveen-ul-Haq,64,0,0,2,0,0
2928,R van Schoor,64,0,0,2,0,0
2929,S Manuranga,64,0,0,2,0,0
2930,T Chanderpaul,64,0,0,2,0,0
2931,YV Takawale,64,0,0,2,0,0
2932,Esam Rahman,64,0,0,1,0,0
2933,H Kaushik,64,0,0,1,0,0
2934,Rajesh Singh,64,0,0,1,0,0
2935,W Niyitanga,64,0,0,1,0,0
2936,Zafer Durmaz,64,0,0,1,0,0
2937,TS Mills,63,0,0,8,0,1
2938,A Virdi,63,0,0,7,0,0
2939,GP Meade,63,0,0,6,0,0
2940,A Rosslee,63,0,0,4,0,0
2941,Bilawal Bhatti,63,0,0,4,0,0
2942,G Weerasinghe,63,0,0,4,0,0
2943,JM Connell,63,0,0,4,0,0
2944,Shivam Bhambri,63,0,0,4,0,0
2945,SW Masakadza,63,0,0,4,0,0
2946,DA Hendricks,63,0,0,3,0,0
2947,M van Jaarsveld,63,0,0,3,0,0
2948,Joe Wilson,63,0,0,2,0,0
2949,MSJ Davidson,63,0,0,2,0,0
2950,Sulaimon Runsewe,63,0,0,2,0,0
2951,Jakir Patel,63,0,0,1,0,0
2952,PD McGlashan,63,0,0,1,0,0
2953,Kaif Ahmad,63,0,0,0,0,0
2954,Mohammed Irfan,63,0,0,0,0,0
2955,RL Blake,63,0,0,0,0,0
2956,T Ruma,63,0,0,0,0,0
2957,Naved-ul-Hasan,62,0,0,6,0,0
2958,Nauman Ali,62,0,0,5,0,0
2959,O Tuyisenge,62,0,0,5,0,0
2960,Shivam Chaudhary,62,0,0,5,0,0
2961,GEB Boyce,62,0,0,4,0,0
2962,DKRC Jayatissa,62,0,0,3,0,0
2963,OA Ramela,62,0,0,3,0,0
2964,RD Bovell,62,0,0,3,0,0
2965,D Weston,62,0,0,2,0,0
2966,GB Murgatroyd,62,0,0,2,0,0
2967,MD Bates (2),62,0,0,2,0,0
2968,Muhammad Yasin,62,0,0,2,0,0
2969,S de Mel,62,0,0,2,0,0
2970,Samarth Seth,62,0,0,2,0,0
2971,Shahzeb Afridi,62,0,0,2,0,0
2972,Sudip Chatterjee,62,0,0,2,0,0
2973,H Pieterse,62,0,0,1,0,0
2974,N Bidaisee,62,0,0,1,0,0
2975,NA Saini,60,2,0,0,1,0
2976,LS Boucher,62,0,0,0,0,0
2977,Jasdeep Singh,61,0,0,5,0,0
2978,Abu Hider,61,0,0,4,0,0
2979,Izaz Ali,61,0,0,4,0,0
2980,K Bharath Shankar,61,0,0,3,0,0
2981,N Pretorius,61,0,0,3,0,0
2982,Tanzim Hasan Sakib,61,0,0,3,0,0
2983,V Krishnamurthy,59,2,0,2,1,0
2984,V Chathuranga,61,0,0,2,0,0
2985,B Cooper,0,61,0,0,1,0
2986,BF Mailata,61,0,0,1,0,0
2987,D Kharel,61,0,0,0,0,0
2988,YS Chahal,45,8,7,6,0,1
2989,K Gore,60,0,0,6,0,0
2990,JA Foo,60,0,0,4,0,0
2991,DH Yagnik,50,10,0,2,1,0
2992,EV Jack,60,0,0,3,0,0
2993,JPA Taylor,60,0,0,3,0,0
2994,L Pope,60,0,0,3,0,0
2995,Zeeshan Ashraf,60,0,0,3,0,0
2996,AR Cusack,60,0,0,2,0,0
2997,Jitin Singh,60,0,0,2,0,0
2998,RJ Forrest,60,0,0,2,0,0
2999,RL Vitas,60,0,0,2,0,0
3000,YS Chauhan,60,0,0,2,0,0
3001,A Shahi,60,0,0,1,0,0
3002,C Potgieter,60,0,0,1,0,0
3003,L Schuld,60,0,0,1,0,0
3004,Lucky Ali,60,0,0,1,0,0
3005,Muhammad Asim (2),60,0,0,1,0,0
3006,W Boshoff,60,0,0,1,0,0
3007,Shoaib Bashir,59,0,0,8,0,0
3008,CJ Liddle,59,0,0,6,0,0
3009,Muslim Yar,59,0,0,5,0,0
3010,SSB Magala,59,0,0,4,0,0
3011,BA Langston,59,0,0,3,0,0
3012,D Norotam,59,0,0,3,0,0
3013,IA Robertson,59,0,0,3,0,0
3014,ISS Samarasooriya,59,0,0,3,0,0
3015,JA Freeman,59,0,0,3,0,0
3016,RK Gulati,59,0,0,3,0,0
3017,Sagun Kamat,59,0,0,3,0,0
3018,A Reyes,59,0,0,2,0,0
3019,I Dissanayaka,59,0,0,2,0,0
3020,Raihan Stanikzai,59,0,0,2,0,0
3021,FA Cossa,59,0,0,1,0,0
3022,K Reyneke,59,0,0,1,0,0
3023,KI Fernando,59,0,0,1,0,0
3024,Mahbubul Alam,59,0,0,1,0,0
3025,RCC Canning,59,0,0,1,0,0
3026,Bandeep Singh,59,0,0,0,0,0
3027,W McClintock,58,0,0,7,0,0
3028,Ali Masood,58,0,0,5,0,0
3029,RJ Hatchman,58,0,0,5,0,0
3030,J Little,58,0,0,4,0,0
3031,S Koppolu,58,0,0,4,0,0
3032,C Tlali,58,0,0,3,0,0
3033,CR Nicholls,58,0,0,3,0,0
3034,PS Masvaure,58,0,0,3,0,0
3035,S Mathur,58,0,0,3,0,0
3036,E Gray,58,0,0,2,0,0
3037,Eyman Fatima,58,0,0,2,0,0
3038,JM Fields,58,0,0,2,0,0
3039,M Machado,58,0,0,2,0,0
3040,Mark Ingty,0,58,0,0,2,0
3041,BBJL Perera,58,0,0,1,0,0
3042,Choudry Share Ali,58,0,0,1,0,0
3043,J Fernando,58,0,0,1,0,0
3044,Rajat Dey,58,0,0,1,0,0
3045,RP Thattil,58,0,0,1,0,0
3046,ASF Sirah,58,0,0,0,0,0
3047,AR Adams,57,0,0,8,0,0
3048,JW Hartshorn,57,0,0,6,0,0
3049,S Randiv,55,2,0,5,1,0
3050,Shivam Mavi,25,5,27,4,1,1
3051,W O'Rourke,54,3,0,5,0,1
3052,ML Schutt,57,0,0,4,0,0
3053,A Tharindu,57,0,0,3,0,0
3054,Amiangshu Sen,1,56,0,0,3,0
3055,Khaled Ahmed,57,0,0,3,0,0
3056,MW Hill,57,0,0,3,0,0
3057,RH Bhatt,57,0,0,3,0,0
3058,TF van Woerkom,57,0,0,3,0,0
3059,Anureet Singh,57,0,0,2,0,0
3060,Nikhilesh Surendran,0,57,0,0,2,0
3061,Rohit Sharma (2),57,0,0,2,0,0
3062,S Austin,57,0,0,2,0,0
3063,T Dickwella,57,0,0,2,0,0
3064,Amjad Javed,57,0,0,1,0,0
3065,JA Davies,57,0,0,1,0,0
3066,Jai Sinh,57,0,0,1,0,0
3067,LLB Harper,57,0,0,1,0,0
3068,Niraj Patel,57,0,0,1,0,0
3069,T Flintoff,57,0,0,1,0,0
3070,DL Collins,56,0,0,5,0,0
3071,RR Emrit,56,0,0,5,0,0
3072,Aman Hakim Khan,56,0,0,4,0,0
3073,M Kasselman,56,0,0,4,0,0
3074,M Premaratne,56,0,0,4,0,0
3075,NE Stalenberg,56,0,0,4,0,0
3076,A Mene-Ejegi,56,0,0,3,0,0
3077,GK Beghin,56,0,0,3,0,0
3078,Irfan Safi,56,0,0,3,0,0
3079,K Krishnakumar,56,0,0,3,0,0
3080,K V Sasikanth,14,42,0,1,2,0
3081,Adnan Idrees,56,0,0,2,0,0
3082,Ashish Yadav,56,0,0,2,0,0
3083,DL Piedt,56,0,0,2,0,0
3084,DT Hewathantri,56,0,0,2,0,0
3085,J Jarvis,56,0,0,2,0,0
3086,LA de Zoysa,56,0,0,2,0,0
3087,RP Kellepotha,56,0,0,2,0,0
3088,A Sheth,56,0,0,1,0,0
3089,DE Budge,56,0,0,1,0,0
3090,J Taanyanda,56,0,0,1,0,0
3091,SY Nihute,56,0,0,1,0,0
3092,GT Taylor,56,0,0,0,0,0
3093,J Tromp,56,0,0,0,0,0
3094,AA Alleyne,55,0,0,6,0,0
3095,L Balaji,55,0,0,5,1,0
3096,CRD Fernando,53,2,0,5,0,0
3097,Amir Farooq,55,0,0,4,0,0
3098,CE Bennett,55,0,0,4,0,0
3099,HNK Jensen,55,0,0,4,0,0
3100,JR Dean,55,0,0,4,0,0
3101,KKV Perera,55,0,0,3,0,0
3102,Tarang Gohel,55,0,0,3,0,0
3103,Baseer Khan,55,0,0,2,0,0
3104,Bismillah Khan,55,0,0,2,0,0
3105,HM Rowe,55,0,0,2,0,0
3106,M Ahmed,55,0,0,2,0,0
3107,N Burger,45,10,0,2,0,0
3108,OB Nightingale,55,0,0,2,0,0
3109,Abhishek Yadav,55,0,0,1,0,0
3110,DE Burgess,55,0,0,1,0,0
3111,DE Roache,55,0,0,1,0,0
3112,KM Venkataswamy,55,0,0,1,0,0
3113,A Gbla,55,0,0,0,0,0
3114,Aamir Javed,55,0,0,0,0,0
3115,Adam Senn,55,0,0,0,0,0
3116,Simran Shaikh,54,0,0,5,0,0
3117,C Kelly,54,0,0,4,0,0
3118,M Dheeraj Kumar,11,43,0,2,2,0
3119,DC Kelly,54,0,0,3,0,0
3120,J Butler,54,0,0,3,0,0
3121,MPGT Ketiyage,54,0,0,3,0,0
3122,PS Punia,0,0,54,0,0,3
3123,Subhransu Senapati,54,0,0,3,0,0
3124,BV Sears,54,0,0,2,0,0
3125,Faisal Raza,54,0,0,2,0,0
3126,Gurdeep Singh,54,0,0,2,0,0
3127,M Mpongwana,54,0,0,2,0,0
3128,OGL Bascome,54,0,0,2,0,0
3129,R van Tonder,54,0,0,2,0,0
3130,SS McKechnie,54,0,0,2,0,0
3131,TM Beaton,54,0,0,2,0,0
3132,Kaveen Fernando,54,0,0,1,0,0
3133,UR Kumar,54,0,0,1,0,0
3134,Dhiman Ghosh,54,0,0,0,0,0
3135,Kshitiz Sharma,54,0,0,0,0,0
3136,Mansab Gill,54,0,0,0,0,0
3137,Sajid Liaqat,54,0,0,0,0,0
3138,JD McKay,53,0,0,7,0,0
3139,Damodaran Rohit,0,53,0,0,6,0
3140,SR Thompson,53,0,0,6,0,0
3141,JE Burke,53,0,0,5,0,0
3142,RJ Gleeson,53,0,0,5,0,0
3143,J Campbell,53,0,0,4,0,0
3144,R Ngarava,46,7,0,4,0,0
3145,HKP Boam,53,0,0,3,0,0
3146,Parvez Rasool,53,0,0,3,0,0
3147,KR Singh,53,0,0,2,0,0
3148,MLR Karunaratne,53,0,0,2,0,0
3149,S Pandey,2,51,0,0,2,0
3150,Sobu George,53,0,0,2,0,0
3151,TR Gripper,53,0,0,2,0,0
3152,Y Dewthusa,53,0,0,2,0,0
3153,Zameer Khan,53,0,0,2,0,0
3154,A Limdawala,53,0,0,1,0,0
3155,Krishnamurthy Siddharth,53,0,0,1,0,0
3156,Najjam Shahzad,53,0,0,1,0,0
3157,S Shermatov,53,0,0,1,0,0
3158,Shariq Munir,53,0,0,1,0,0
3159,B Ito-Davis,53,0,0,0,0,0
3160,Shehan Madusanka,53,0,0,0,0,0
3161,DD Masters,52,0,0,9,0,0
3162,VR Aaron,39,13,0,8,1,0
3163,Mohammad Abbas,52,0,0,7,0,0
3164,Zahir Mohammed,52,0,0,7,0,0
3165,M Shiraz,52,0,0,5,0,0
3166,RM Pyrah,52,0,0,5,0,0
3167,Al-Amin Hossain,52,0,0,4,0,0
3168,BTJ Wheal,52,0,0,4,0,0
3169,MS Kasprowicz,26,26,0,2,2,0
3170,T Tshose,52,0,0,4,0,0
3171,M Rogers,52,0,0,3,0,0
3172,MW Jones,52,0,0,3,0,0
3173,A Sigera,52,0,0,2,0,0
3174,Bipin Saurabh,52,0,0,2,0,0
3175,Bismah Maroof,52,0,0,2,0,0
3176,Boio Ray,52,0,0,2,0,0
3177,KKN Egodage,52,0,0,2,0,0
3178,R Murray,52,0,0,2,0,0
3179,Samiullah Rahmani,52,0,0,2,0,0
3180,SJ French,52,0,0,2,0,0
3181,A Turkmen,52,0,0,1,0,0
3182,CC Ainsworth,52,0,0,1,0,0
3183,Fargana Hoque,52,0,0,1,0,0
3184,H Khogiyani,52,0,0,1,0,0
3185,Rakibul Hasan,52,0,0,1,0,0
3186,T Munt,52,0,0,1,0,0
3187,WT Owen,52,0,0,1,0,0
3188,JD Baker,51,0,0,7,0,0
3189,M Ntini,51,0,0,6,0,0
3190,Arpit Gaud,51,0,0,5,0,0
3191,L Filer,51,0,0,5,0,0
3192,GM Hennessy,51,0,0,4,0,0
3193,K Santokie,51,0,0,4,0,0
3194,MYB Naeem,51,0,0,4,0,0
3195,SKW Wood,51,0,0,4,0,0
3196,Washeem Abbas,51,0,0,4,0,0
3197,AJ Nair,51,0,0,3,0,0
3198,KA Vaz,51,0,0,3,0,0
3199,Mohammad Sharif,51,0,0,3,0,0
3200,SMKS Senarathne,51,0,0,3,0,0
3201,Grace Thompson,51,0,0,2,0,0
3202,JPR Scantlebury-Searles,51,0,0,2,0,0
3203,Kunwarjeet Singh,51,0,0,2,0,0
3204,R Tari,51,0,0,2,0,0
3205,RJ McCone,51,0,0,2,0,0
3206,Sarul Kanwar,51,0,0,2,0,0
3207,CM Dickinson,51,0,0,1,0,0
3208,Haroon Arshad,51,0,0,1,0,0
3209,HK Kukreja,51,0,0,1,0,0
3210,M Andrianatos,51,0,0,1,0,0
3211,M Mani,51,0,0,1,0,0
3212,Mohammad Hassan Khan,51,0,0,1,0,0
3213,OR Willis,51,0,0,1,0,0
3214,WS Jayantha,51,0,0,1,0,0
3215,Mangal Mahrour,51,0,0,0,0,0
3216,SA Fernando,50,0,0,6,0,0
3217,DB Das,17,33,0,2,2,0
3218,DLS van Bunge,50,0,0,4,0,0
3219,MS Rizvi,50,0,0,4,0,0
3220,N Saini,20,30,0,3,1,0
3221,US Hathinjar,50,0,0,4,0,0
3222,A Carter,50,0,0,3,0,0
3223,A Raza,50,0,0,3,0,0
3224,Flynn Zahra,50,0,0,3,0,0
3225,JJA Frew,50,0,0,3,0,0
3226,R MacBeth,50,0,0,3,0,0
3227,TF Brookes,50,0,0,3,0,0
3228,AM Phangiso,50,0,0,2,0,0
3229,Muhammad Farooq (2),50,0,0,2,0,0
3230,Umaima Sohail,50,0,0,2,0,0
3231,Zubair Al Balushi,50,0,0,2,0,0
3232,AR Gandhi,50,0,0,1,0,0
3233,EM Moore,50,0,0,1,0,0
3234,NJ Bowley,50,0,0,1,0,0
3235,PJ Watkins,50,0,0,1,0,0
3236,Zubair Khan,50,0,0,1,0,0
3237,D Muhumuza,50,0,0,0,0,0
3238,K Lesporis,50,0,0,0,0,0
3239,TL Chivanga,49,0,0,8,0,0
3240,A Reddy,49,0,0,2,0,1
3241,CJB McCullough,49,0,0,3,0,0
3242,DS Hutchinson,49,0,0,3,0,0
3243,EJ Nuttall,49,0,0,3,0,0
3244,I Pandey,49,0,0,3,0,0
3245,TE Linley,49,0,0,3,0,0
3246,BJ Barnett,49,0,0,2,0,0
3247,F Suluoto,49,0,0,2,0,0
3248,Krishna Chandran,49,0,0,2,0,0
3249,Lalhruaizela,41,8,0,0,2,0
3250,N Khanna,49,0,0,2,0,0
3251,S Karthik,0,49,0,0,2,0
3252,SK Atai,49,0,0,2,0,0
3253,F Miller,49,0,0,1,0,0
3254,G Senhas,49,0,0,1,0,0
3255,Girish Rauturi,49,0,0,1,0,0
3256,Ibrarul Haq,49,0,0,1,0,0
3257,JS Kundi,49,0,0,1,0,0
3258,Kamrul Hasan,49,0,0,1,0,0
3259,TPSM Pathirana,49,0,0,1,0,0
3260,CA Thyssen,49,0,0,0,0,0
3261,F Khaliq,49,0,0,0,0,0
3262,H Jangariya,49,0,0,0,0,0
3263,JFA Field,49,0,0,0,0,0
3264,PA Browne,49,0,0,0,0,0
3265,S Ivetic,49,0,0,0,0,0
3266,S Sreesanth,48,0,0,10,0,0
3267,JG Walker,48,0,0,7,0,0
3268,Danish Kaneria,48,0,0,6,0,0
3269,HTRY Thornton,48,0,0,6,0,0
3270,B Doggett,48,0,0,5,0,0
3271,E Niyomugabo,48,0,0,5,0,0
3272,JL Gunn,48,0,0,4,0,0
3273,PR Brown,48,0,0,4,0,0
3274,SL Kerber,48,0,0,4,0,0
3275,SV Carlisle,48,0,0,4,0,0
3276,TP Milnes,48,0,0,4,0,0
3277,A Halbhavi,48,0,0,3,0,0
3278,AAS Silva,48,0,0,3,0,0
3279,H Patel,17,31,0,2,1,0
3280,MD Dai,48,0,0,3,0,0
3281,Basir Ahamad,48,0,0,2,0,0
3282,Habib Ahmadzai,48,0,0,2,0,0
3283,Rashid Hashmi,48,0,0,2,0,0
3284,S Burdekin,48,0,0,2,0,0
3285,Syeda Aroob Shah,48,0,0,2,0,0
3286,HA Jackson,48,0,0,1,0,0
3287,RS Primus,48,0,0,1,0,0
3288,S Gani,48,0,0,1,0,0
3289,SJ Ally,48,0,0,1,0,0
3290,DA Cosker,47,0,0,6,0,0
3291,FD Adams,47,0,0,5,0,0
3292,GWHM Perera,47,0,0,5,0,0
3293,LJ Hatchett,47,0,0,4,0,0
3294,Omar Rassol,47,0,0,4,0,0
3295,Rizwan Hussain,47,0,0,4,0,0
3296,Tapash Baisya,47,0,0,4,0,0
3297,AN Ahmed,10,37,0,1,2,0
3298,GT Griffiths,47,0,0,3,0,0
3299,IDR Bradshaw,47,0,0,3,0,0
3300,Irfan Sukkur,47,0,0,3,0,0
3301,Khalid Shah,47,0,0,3,0,0
3302,M Copeland,47,0,0,3,0,0
3303,OSB Tilley,47,0,0,3,0,0
3304,Ali Nayyer,47,0,0,2,0,0
3305,C Chatphaisan,47,0,0,2,0,0
3306,CO Browne,47,0,0,2,0,0
3307,DS Lehmann,47,0,0,2,0,0
3308,HNA Conway,47,0,0,2,0,0
3309,KR Smith,47,0,0,2,0,0
3310,P Prasanth,12,35,0,0,2,0
3311,Shahid Nazir,47,0,0,2,0,0
3312,A Kamboj,47,0,0,1,0,0
3313,Azeem ul Haq,47,0,0,1,0,0
3314,B Ward,47,0,0,1,0,0
3315,Chintapalli Kranthi Kumar,47,0,0,1,0,0
3316,Saran Aslam,47,0,0,1,0,0
3317,Sharad Lumba,47,0,0,1,0,0
3318,Khurram Shahzad (2),46,0,0,7,0,0
3319,BG Randell,46,0,0,5,0,0
3320,PR Shah,0,46,0,1,4,0
3321,C Gomez,46,0,0,4,0,0
3322,CT Mutombodzi,46,0,0,4,0,0
3323,N Vimukthi,46,0,0,4,0,0
3324,Saad Nasim,46,0,0,4,0,0
3325,SO Dowrich,46,0,0,4,0,0
3326,Sunzamul Islam,46,0,0,4,0,0
3327,A Phillip,46,0,0,3,0,0
3328,Mohammad Mohsin,38,8,0,2,1,0
3329,PM Liyanagamage,46,0,0,3,0,0
3330,CT Hawkins,46,0,0,2,0,0
3331,GR Breese,46,0,0,2,0,0
3332,J Seymour,46,0,0,2,0,0
3333,Mohammad Boota,46,0,0,2,0,0
3334,Sedezhalie Rupero,46,0,0,2,0,0
3335,T Rajapakse,46,0,0,2,0,0
3336,GD Arta,46,0,0,1,0,0
3337,JA Prestwidge,46,0,0,1,0,0
3338,Mudassir Iqbal,46,0,0,1,0,0
3339,Muhammad Babar,46,0,0,1,0,0
3340,S Kavindi,46,0,0,1,0,0
3341,Ashith Rajiv,0,46,0,0,0,0
3342,K Lion-Cachet,46,0,0,0,0,0
3343,RD Hunter,46,0,0,0,0,0
3344,PP Ojha,34,11,0,5,3,0
3345,RJW Topley,44,0,1,8,0,0
3346,RP Singh,41,4,0,5,2,0
3347,DP Hyatt,45,0,0,6,0,0
3348,HR Walsh,34,11,0,2,1,0
3349,LUVNITH SISODIA,45,0,0,3,0,0
3350,Dinesh Mor,45,0,0,2,0,0
3351,MJ Taylor,45,0,0,2,0,0
3352,Eknath Kerkar,45,0,0,1,0,0
3353,Kangabam Singh,45,0,0,1,0,0
3354,Khurram Khan,45,0,0,1,0,0
3355,Mohammed Taha,45,0,0,1,0,0
3356,NC McGarrell,45,0,0,1,0,0
3357,NE Bonner,45,0,0,1,0,0
3358,O Olaleye,45,0,0,1,0,0
3359,PA Petricola,45,0,0,1,0,0
3360,S Thakor,45,0,0,1,0,0
3361,T Ashel,45,0,0,1,0,0
3362,AM Fernando,44,0,0,8,0,0
3363,MS Panesar,40,4,0,5,1,0
3364,GLS Scrimshaw,44,0,0,5,0,0
3365,AL Menaria,24,20,0,3,1,0
3366,MAA Sanjeewani,44,0,0,4,0,0
3367,C Sandaru,44,0,0,3,0,0
3368,CJ Rocchiccioli,44,0,0,3,0,0
3369,DR Chumney,44,0,0,3,0,0
3370,G Kamalini,44,0,0,3,0,0
3371,HA Varaiya,44,0,0,3,0,0
3372,SK Moloney,44,0,0,3,0,0
3373,SM Gugale,44,0,0,3,0,0
3374,Ismail Ali,44,0,0,2,0,0
3375,Manzoor Dar,44,0,0,2,0,0
3376,Sujit Nayak,23,21,0,1,1,0
3377,EC Sen,44,0,0,1,0,0
3378,HMCB Jayathilake,44,0,0,1,0,0
3379,S Horley,44,0,0,1,0,0
3380,SM Sharma,44,0,0,1,0,0
3381,SSM Perera,44,0,0,1,0,0
3382,Waqar Ul Hassan,44,0,0,1,0,0
3383,Arjit Gupta,44,0,0,0,0,0
3384,Renuka Singh,14,15,14,7,2,0
3385,Al-Amin,43,0,0,6,0,0
3386,S Gajnabi,43,0,0,5,0,0
3387,Ahsan Hafeez,43,0,0,4,0,0
3388,FJ Klaassen,43,0,0,4,0,0
3389,V Lahiru,43,0,0,4,0,0
3390,Akshay Karnewar,34,9,0,2,1,0
3391,HP Gawli,43,0,0,3,0,0
3392,MJ Tugaga,43,0,0,3,0,0
3393,Moin Khan,43,0,0,3,0,0
3394,WKD Perkins,43,0,0,3,0,0
3395,AA Barot,43,0,0,2,0,0
3396,ALKL Abeyrathne,43,0,0,2,0,0
3397,C Valente,43,0,0,2,0,0
3398,Diana Baig,43,0,0,2,0,0
3399,GM Davies,43,0,0,2,0,0
3400,Hadisullah Tarakhel,43,0,0,2,0,0
3401,IK Gamantika,43,0,0,2,0,0
3402,M Smit,43,0,0,2,0,0
3403,M Stiller,43,0,0,2,0,0
3404,Pramod Chandila,43,0,0,2,0,0
3405,Shiraz Khan,43,0,0,2,0,0
3406,Waqar Khan,43,0,0,2,0,0
3407,A Kheterpal,43,0,0,1,0,0
3408,CR Pedersen,43,0,0,1,0,0
3409,J Byrappa,43,0,0,1,0,0
3410,J Glen,43,0,0,1,0,0
3411,JP Crawley,43,0,0,1,0,0
3412,M Dixit,43,0,0,1,0,0
3413,Muhammad Kashif,43,0,0,1,0,0
3414,Techi Doria,43,0,0,1,0,0
3415,ZXM Vukusic,43,0,0,1,0,0
3416,T Rossi,43,0,0,0,0,0
3417,AG Cremer,42,0,0,8,1,0
3418,K Pierre,36,6,0,2,1,0
3419,SR Clark,42,0,0,3,0,0
3420,Sukhdeep Singh,42,0,0,3,0,0
3421,Eman Naseer,42,0,0,2,0,0
3422,Numan Yousuf,42,0,0,2,0,0
3423,Sayed Monib,42,0,0,2,0,0
3424,Umar Adam,42,0,0,2,0,0
3425,XA Crone,42,0,0,2,0,0
3426,Deepak Bohara,42,0,0,1,0,0
3427,Nipan Deka,42,0,0,1,0,0
3428,Ramaal Lewis,42,0,0,1,0,0
3429,Z Groenewald,42,0,0,1,0,0
3430,Zain Ahmad,42,0,0,1,0,0
3431,MG Finan,41,0,0,8,0,0
3432,N Zimonjic,41,0,0,6,0,0
3433,A Sakande,41,0,0,5,0,0
3434,KS Sharma,37,0,4,4,0,1
3435,Ali Nawaz,41,0,0,4,0,0
3436,E Mathew,41,0,0,4,0,0
3437,A Ferguson,41,0,0,3,0,0
3438,AN Kelly,41,0,0,3,0,0
3439,C Zhuwao,41,0,0,3,0,0
3440,P Sharma,41,0,0,3,0,0
3441,Surya Anand,41,0,0,3,0,0
3442,Amad Butt,41,0,0,2,0,0
3443,HB Kayondo,41,0,0,2,0,0
3444,HR Shokeen,5,36,0,1,1,0
3445,Ibrar Ahmad (2),41,0,0,2,0,0
3446,JD Bhatt,41,0,0,2,0,0
3447,K Birkenstock,41,0,0,2,0,0
3448,P Molkenboer,41,0,0,2,0,0
3449,Priyesh Patel,41,0,0,2,0,0
3450,SV Kitime,41,0,0,2,0,0
3451,Abhinav Dixit,41,0,0,1,0,0
3452,BE Hendricks,41,0,0,1,0,0
3453,JK Vifah,41,0,0,1,0,0
3454,JP Netto,41,0,0,1,0,0
3455,M Karg,41,0,0,1,0,0
3456,Muhammad Haziq Aiman,41,0,0,1,0,0
3457,NA Maiolo,41,0,0,1,0,0
3458,Pasindu Lakshanka,41,0,0,1,0,0
3459,S Sriharsha,41,0,0,1,0,0
3460,TA Copeland,41,0,0,1,0,0
3461,WB Rankin,41,0,0,1,0,0
3462,B Tau,41,0,0,0,0,0
3463,C Dickson,41,0,0,0,0,0
3464,MHA Footitt,40,0,0,13,0,0
3465,AB Dinda,30,3,7,4,0,2
3466,LM Kasperek,34,6,0,4,1,0
3467,UWMBCA Welegedara,40,0,0,5,0,0
3468,Mubasir Khan,40,0,0,4,0,0
3469,ZB Lion-Cachet,40,0,0,4,0,0
3470,DM Dupavillon,40,0,0,3,0,0
3471,GD Panayi,40,0,0,3,0,0
3472,M Mohammed,40,0,0,3,0,0
3473,Mansoor Safi,40,0,0,3,0,0
3474,ROL Haydon,40,0,0,3,0,0
3475,A Sarma,40,0,0,2,0,0
3476,A Steyn,40,0,0,2,0,0
3477,DA Mehta,40,0,0,2,0,0
3478,JA Chohan,40,0,0,2,0,0
3479,L Little,40,0,0,2,0,0
3480,Mohammed Alamgir,40,0,0,2,0,0
3481,Pankaj Jaswal,40,0,0,2,0,0
3482,R Pathan,40,0,0,2,0,0
3483,Sher Sahak,40,0,0,2,0,0
3484,Abidullah Taniwal,40,0,0,1,0,0
3485,AV Lalcheta,40,0,0,1,0,0
3486,AW Mathieson,40,0,0,1,0,0
3487,BC Floros,40,0,0,1,0,0
3488,GEF Barnett,40,0,0,1,0,0
3489,Hasanuzzaman,40,0,0,1,0,0
3490,ME Sanuth,40,0,0,1,0,0
3491,NT Miles,40,0,0,1,0,0
3492,Senitha Halambage,40,0,0,1,0,0
3493,WL Coetsee,40,0,0,1,0,0
3494,AA Patil,40,0,0,0,0,0
3495,E de Broughe,40,0,0,0,0,0
3496,JP Behrendorff,40,0,0,0,0,0
3497,Raja Shoaib,40,0,0,0,0,0
3498,MET Salisbury,39,0,0,8,0,0
3499,LR Shukla,39,0,0,5,1,0
3500,TC Ali,39,0,0,6,0,0
3501,BJ Church,39,0,0,4,0,0
3502,LB Williams,39,0,0,4,0,0
3503,SC Joseph,39,0,0,4,0,0
3504,ACF Wyatt,39,0,0,3,0,0
3505,Ashutosh Singh,39,0,0,3,0,0
3506,DM Hogg,39,0,0,3,0,0
3507,Ibrahim Hassan,39,0,0,3,0,0
3508,J Goswami,8,31,0,1,2,0
3509,MSL Taylor,39,0,0,3,0,0
3510,Ankit Sharma,26,3,10,2,0,0
3511,Conner Fletcher,39,0,0,2,0,0
3512,GW Croudis,39,0,0,2,0,0
3513,JNT Vare,39,0,0,2,0,0
3514,K Nuwantha,39,0,0,2,0,0
3515,A Flower,39,0,0,1,0,0
3516,DC Smith,39,0,0,1,0,0
3517,H Wallace,39,0,0,1,0,0
3518,RA Weatherall,39,0,0,1,0,0
3519,Sachin Kumar,39,0,0,1,0,0
3520,SP Gauchan,39,0,0,1,0,0
3521,Aveesha Samash,39,0,0,0,0,0
3522,JS Henriksen,39,0,0,0,0,0
3523,MO Kain,39,0,0,0,0,0
3524,Nilansh Keswani,39,0,0,0,0,0
3525,S Rana,39,0,0,0,0,0
3526,AP Agathangelou,38,0,0,5,0,0
3527,R Sai Kishore,38,0,0,5,0,0
3528,SNJ O'Keefe,32,0,6,3,0,2
3529,Abdul Mazid,38,0,0,4,0,0
3530,SH Johnson,37,1,0,4,0,0
3531,Usman Qadir,38,0,0,4,0,0
3532,BE Street,38,0,0,3,0,0
3533,G Chapple,38,0,0,3,0,0
3534,Mohammad Naveed,38,0,0,3,0,0
3535,Muhammad Umar,38,0,0,3,0,0
3536,N Balasooriya,38,0,0,3,0,0
3537,A Glen,38,0,0,2,0,0
3538,AL Edgar,38,0,0,2,0,0
3539,Kalhan Challu,38,0,0,2,0,0
3540,MM English,38,0,0,2,0,0
3541,MR Kumar,38,0,0,2,0,0
3542,MS Bhandage,38,0,0,2,0,0
3543,Rameen Shamim,38,0,0,2,0,0
3544,SE Bond,38,0,0,2,0,0
3545,Shuaib Al Balushi,38,0,0,2,0,0
3546,Theertha Satish,38,0,0,2,0,0
3547,Amir Zaib,38,0,0,1,0,0
3548,CU Jayasinghe,38,0,0,1,0,0
3549,DJ Lincoln,38,0,0,1,0,0
3550,Himalaya Barad,38,0,0,1,0,0
3551,Lakshay Garg,38,0,0,1,0,0
3552,MD Rahmatullah,38,0,0,1,0,0
3553,Muhammad Zohaib,38,0,0,1,0,0
3554,SJ Truloff,38,0,0,1,0,0
3555,VV Morea,38,0,0,1,0,0
3556,W Uisuk,38,0,0,1,0,0
3557,Ahmad Khalid Ahmadzai,38,0,0,0,0,0
3558,DG Blampied,38,0,0,0,0,0
3559,P Sabu,38,0,0,0,0,0
3560,S Vijay Unni,38,0,0,0,0,0
3561,T Straker,38,0,0,0,0,0
3562,Ravi Bishnoi,24,13,0,5,2,0
3563,DS Kulkarni,22,12,3,3,2,1
3564,Akshat Raghuwanshi,26,11,0,3,1,0
3565,K Doriga,37,0,0,4,0,0
3566,NB Cornwell,37,0,0,4,0,0
3567,R Gamage,37,0,0,4,0,0
3568,RN Patel,37,0,0,4,0,0
3569,TN Walallawita,37,0,0,4,0,0
3570,U Chetry,37,0,0,4,0,0
3571,AD Carr,37,0,0,3,0,0
3572,JJ Tasman-Jones,37,0,0,3,0,0
3573,M Khojbariya,37,0,0,3,0,0
3574,MTC Waller,37,0,0,3,0,0
3575,NO Miller,37,0,0,3,0,0
3576,A Brindle,37,0,0,2,0,0
3577,Arafat Bhuiyan,37,0,0,2,0,0
3578,Chirag Khurana,37,0,0,2,0,0
3579,Selim Salau,37,0,0,2,0,0
3580,Shenjian Zheng,37,0,0,2,0,0
3581,AC Evans,37,0,0,1,0,0
3582,Bakhtiar Tahiri,37,0,0,1,0,0
3583,BB Sanjeewa,37,0,0,1,0,0
3584,HJ Moore,37,0,0,1,0,0
3585,KHM James,37,0,0,1,0,0
3586,Lucy Hamilton,37,0,0,1,0,0
3587,R Lutaaya,37,0,0,1,0,0
3588,S Jamil,37,0,0,1,0,0
3589,DE Bollinger,37,0,0,0,0,0
3590,J Lewis,36,0,0,5,0,0
3591,S Ismail,36,0,0,4,0,0
3592,Nauman Anwar,36,0,0,3,0,0
3593,V Permaul,36,0,0,3,0,0
3594,AU Buchake,36,0,0,2,0,0
3595,AV Lazarus,36,0,0,2,0,0
3596,K Weeraratne,36,0,0,2,0,0
3597,KDV Vimukthi,36,0,0,2,0,0
3598,Muzaffar Shiralkar,36,0,0,2,0,0
3599,N Sindhu,36,0,0,2,0,0
3600,RF Badenhorst,36,0,0,2,0,0
3601,TO Norton,36,0,0,2,0,0
3602,Abdur Rahman Sudais,36,0,0,1,0,0
3603,Ankit Kumar,36,0,0,1,0,0
3604,Awais Ahmad,36,0,0,1,0,0
3605,BB Ghosh,36,0,0,1,0,0
3606,Chamalka Fernando,36,0,0,1,0,0
3607,Habibur Rahman,36,0,0,1,0,0
3608,Rajashekhar Harikant,36,0,0,1,0,0
3609,S Khurana,36,0,0,1,0,0
3610,Soaeb Tai,0,36,0,0,1,0
3611,SS Sharma,36,0,0,1,0,0
3612,Rajendran Vivek,36,0,0,0,0,0
3613,TJ Phillips,36,0,0,0,0,0
3614,LMM Tahuhu,35,0,0,5,0,0
3615,TL Chatara,35,0,0,5,0,0
3616,DD Ebrahim,35,0,0,4,0,0
3617,FY Fazal,12,23,0,1,3,0
3618,AR Lamb,35,0,0,3,0,0
3619,Saad Ali,35,0,0,3,0,0
3620,TBM de Leede,35,0,0,3,0,0
3621,A Nagarajan,35,0,0,2,0,0
3622,D Abeyrathna,35,0,0,2,0,0
3623,KK Patel,35,0,0,2,0,0
3624,LJ Hurt,35,0,0,2,0,0
3625,NM Hancock,35,0,0,2,0,0
3626,RM Liyanarachchi,35,0,0,2,0,0
3627,SD Bahadur,3,0,32,1,0,1
3628,T Koen,35,0,0,2,0,0
3629,Akhil Anil,35,0,0,1,0,0
3630,Amir Ali,35,0,0,1,0,0
3631,Ankit Lamba,35,0,0,1,0,0
3632,C Hartmann,35,0,0,1,0,0
3633,FDM Devonshire,35,0,0,1,0,0
3634,Gabor Torok,35,0,0,1,0,0
3635,Lucas Rossi,35,0,0,1,0,0
3636,MV Waldron,35,0,0,1,0,0
3637,MW Alpe,35,0,0,1,0,0
3638,Shubham Chaubey,35,0,0,1,0,0
3639,T Francis,35,0,0,1,0,0
3640,Yashaswi Rishav,35,0,0,1,0,0
3641,KN Mussa,35,0,0,0,0,0
3642,Rasikh Salam,29,5,0,5,0,0
3643,WSA Appuhami,34,0,0,3,0,0
3644,A Kaul,34,0,0,2,0,0
3645,AP Majumdar,34,0,0,2,0,0
3646,Arun Chaprana,0,34,0,0,2,0
3647,Azan Awais,34,0,0,2,0,0
3648,D Moriarty,34,0,0,2,0,0
3649,Faisal Javed,34,0,0,2,0,0
3650,Inam-ul-Haq,34,0,0,2,0,0
3651,JR Lennox,34,0,0,2,0,0
3652,Lakhan Singh,34,0,0,2,0,0
3653,Mohsin Khan (2),20,0,14,1,0,1
3654,NL Smith,34,0,0,2,0,0
3655,Prashant Awasthi,34,0,0,2,0,0
3656,Tushar Imran,34,0,0,2,0,0
3657,VO Lawes,34,0,0,2,0,0
3658,A McGrath,34,0,0,1,0,0
3659,A Thilanchana,34,0,0,1,0,0
3660,Aamir Lal,34,0,0,1,0,0
3661,Afzal Faiz,34,0,0,1,0,0
3662,DTM Fernando,34,0,0,1,0,0
3663,G Potts,34,0,0,1,0,0
3664,Himalay Agarwal,34,0,0,1,0,0
3665,MV Houghton,34,0,0,1,0,0
3666,Rehan Peiris,34,0,0,1,0,0
3667,Suhan Alagaratnam,34,0,0,1,0,0
3668,Suman Ghimire,34,0,0,1,0,0
3669,A Zeb,34,0,0,0,0,0
3670,HMD Rasangika,34,0,0,0,0,0
3671,Nouman Sarwar,34,0,0,0,0,0
3672,TL Cutler,34,0,0,0,0,0
3673,U Rakshit,34,0,0,0,0,0
3674,L Embuldeniya,33,0,0,8,0,0
3675,B Stanlake,33,0,0,6,0,0
3676,Marimuthu Vikneshwaran,0,33,0,0,5,0
3677,R Sharma,10,23,0,1,2,1
3678,Rishav Das,33,0,0,4,0,0
3679,BA Parchment,33,0,0,3,0,0
3680,CM Falconer,33,0,0,3,0,0
3681,H Wickramasinghe,33,0,0,3,0,0
3682,B Nikitaras,33,0,0,2,0,0
3683,Chaudhary Akram,33,0,0,2,0,0
3684,Fayyaz Butt,33,0,0,2,0,0
3685,HMCM Bandara,33,0,0,2,0,0
3686,KTK Rodrigo,33,0,0,2,0,0
3687,L Monanthane,33,0,0,2,0,0
3688,Mushfiqur Rahman,33,0,0,2,0,0
3689,PN Khemnar,33,0,0,2,0,0
3690,Rohit Dahiya,33,0,0,2,0,0
3691,S Aravind,25,0,8,1,1,0
3692,SG Whittingham,33,0,0,2,0,0
3693,Sulaiman Ali,33,0,0,2,0,0
3694,VB Chikkannaiah,33,0,0,2,0,0
3695,Vinoop Manoharan,31,2,0,1,1,0
3696,AR Pandey,33,0,0,1,0,0
3697,FL Mackay,33,0,0,1,0,0
3698,KA Hope,33,0,0,1,0,0
3699,KT Perkins,31,2,0,0,1,0
3700,LP van der Westhuizen,33,0,0,1,0,0
3701,LR Chethan,33,0,0,1,0,0
3702,Muhammad Soban,33,0,0,1,0,0
3703,Muhammad Zafar Khan,33,0,0,1,0,0
3704,N Faltum,33,0,0,1,0,0
3705,R Johnston,33,0,0,1,0,0
3706,Rameez Raja (2),33,0,0,1,0,0
3707,RK O'Donnell,33,0,0,1,0,0
3708,Sami Sohail,33,0,0,1,0,0
3709,Shamima Sultana,33,0,0,1,0,0
3710,Shashwat Rawat,33,0,0,1,0,0
3711,VS Wategaonkar,33,0,0,1,0,0
3712,Z Pongolo,33,0,0,1,0,0
3713,AM Zepeda,33,0,0,0,0,0
3714,NO Priestley,33,0,0,0,0,0
3715,GJ Harte,32,0,0,4,0,0
3716,SCG MacGill,32,0,0,4,0,0
3717,Shafiq Sharif,32,0,0,4,0,0
3718,Ali Farasat,32,0,0,3,0,0
3719,BJ Currie,32,0,0,3,0,0
3720,Ethan D'Souza,32,0,0,3,0,0
3721,F O'Neill,32,0,0,3,0,0
3722,TM Bodibe,32,0,0,3,0,0
3723,Ahmed Nisar,32,0,0,2,0,0
3724,AT Fletcher,32,0,0,2,0,0
3725,CL Hall,32,0,0,2,0,0
3726,D Gaikwad,32,0,0,2,0,0
3727,H Jayasundara,32,0,0,2,0,0
3728,M Akayezu,32,0,0,2,0,0
3729,O Nyaku,32,0,0,2,0,0
3730,PL Harris,32,0,0,2,0,0
3731,Shasheem Rathour,32,0,0,2,0,0
3732,V Balakrishnan,32,0,0,2,0,0
3733,D Forrester,32,0,0,1,0,0
3734,DC Green,32,0,0,1,0,0
3735,DE Bernard,32,0,0,1,0,0
3736,GJ van Rensburg,32,0,0,1,0,0
3737,Ishaan Gadekar,32,0,0,1,0,0
3738,KI Simmonds,32,0,0,1,0,0
3739,MD Hunn,32,0,0,1,0,0
3740,Noorkhan Ahmedi,32,0,0,1,0,0
3741,Osama Mahmood,32,0,0,1,0,0
3742,Qateel Zabiullah,32,0,0,1,0,0
3743,R Mupfudza,32,0,0,1,0,0
3744,S Foster,32,0,0,1,0,0
3745,SJC McAlindon,32,0,0,1,0,0
3746,SP Patil,32,0,0,1,0,0
3747,Usman Shinwari,32,0,0,1,0,0
3748,Ninad Kadam,32,0,0,0,0,0
3749,Waqas Ahmad,32,0,0,0,0,0
3750,A Nortje,28,0,3,7,0,1
3751,E Barnes,31,0,0,5,0,0
3752,P Sisodiya,31,0,0,5,0,0
3753,BJ Arnel,31,0,0,4,0,0
3754,CK Langeveldt,31,0,0,4,0,0
3755,RD Chahar,26,1,4,2,1,1
3756,S Shillingford,23,8,0,2,2,0
3757,TIF Triffitt,31,0,0,4,0,0
3758,Abu Jayed,31,0,0,3,0,0
3759,BP Rodden,31,0,0,3,0,0
3760,KO Wickham,31,0,0,3,0,0
3761,Mohammad Shahid,31,0,0,3,0,0
3762,R Wilson,31,0,0,3,0,0
3763,TJ McPharlin,31,0,0,3,0,0
3764,A Dennison,31,0,0,2,0,0
3765,AR Bisht,31,0,0,2,0,0
3766,BE Scott,31,0,0,2,0,0
3767,CR Marshall,31,0,0,2,0,0
3768,G Thakur,31,0,0,2,0,0
3769,KS Castle,31,0,0,2,0,0
3770,Mujibur Ali,31,0,0,2,0,0
3771,Pulina Tharanga,31,0,0,2,0,0
3772,Ratul Khan,31,0,0,2,0,0
3773,TN Kesteven,31,0,0,2,0,0
3774,AJ Kaushik,31,0,0,1,0,0
3775,Arkaprabha Sinha,31,0,0,1,0,0
3776,CB Sole,31,0,0,1,0,0
3777,CT Mumba,31,0,0,1,0,0
3778,Deepraj Gaonkar,31,0,0,1,0,0
3779,Gurpreet Singh (2),31,0,0,1,0,0
3780,Kuldeep Gehi,31,0,0,1,0,0
3781,L Canessane,31,0,0,1,0,0
3782,LB Ferbrache,31,0,0,1,0,0
3783,M Sclanders,31,0,0,1,0,0
3784,Mohamed Rishwan,31,0,0,1,0,0
3785,SS Johnston,31,0,0,1,0,0
3786,TG Thamae,31,0,0,1,0,0
3787,Zeerak Chughtai,31,0,0,1,0,0
3788,Abdul Shakoor (2),31,0,0,0,0,0
3789,Ahmad Ramdoni,31,0,0,0,0,0
3790,Anand Bais,0,31,0,0,0,0
3791,E Marx,31,0,0,0,0,0
3792,Mandeep Singh (2),31,0,0,0,0,0
3793,M Darke,30,0,0,4,0,0
3794,RM Phillips,30,0,0,4,0,0
3795,Shakthi Udara,30,0,0,4,0,0
3796,DS Robinson,30,0,0,3,0,0
3797,E Anderson,30,0,0,3,0,0
3798,H Karunaratne,30,0,0,3,0,0
3799,N Shree Charani,30,0,0,3,0,0
3800,Rizwan Cheema,28,2,0,2,1,0
3801,Y Cariah,30,0,0,3,0,0
3802,C Smith,30,0,0,2,0,0
3803,G Tarr,30,0,0,2,0,0
3804,Hassan Rasheed,30,0,0,2,0,0
3805,Mohsin Riaz,30,0,0,2,0,0
3806,P Dubey,30,0,0,2,0,0
3807,S Asha,30,0,0,2,0,0
3808,T Graves,30,0,0,2,0,0
3809,AA Rao,30,0,0,1,0,0
3810,Abhilash Mallick,30,0,0,1,0,0
3811,CNIM Joyce,30,0,0,1,0,0
3812,DB Kotze,30,0,0,1,0,0
3813,Hamza Khan,30,0,0,1,0,0
3814,HR Burdon,30,0,0,1,0,0
3815,I Opperman,30,0,0,1,0,0
3816,Iqbal Abdulla,24,6,0,1,0,0
3817,K Irakoze,30,0,0,1,0,0
3818,Kunal Chandela,30,0,0,1,0,0
3819,LL Mnyanda,30,0,0,1,0,0
3820,Mohammad Akbar Ali,30,0,0,1,0,0
3821,P Hatzoglou,30,0,0,1,0,0
3822,RR Sharan,30,0,0,1,0,0
3823,TS Hasabnis,30,0,0,1,0,0
3824,Waqas Barkat,30,0,0,1,0,0
3825,Arafat Sunny,30,0,0,0,0,0
3826,H Pragji,30,0,0,0,0,0
3827,Muhammad Musa,30,0,0,0,0,0
3828,NP Winter,30,0,0,0,0,0
3829,Tahir Dar,30,0,0,0,0,0
3830,BM Cliff,29,0,0,3,0,0
3831,CW Andrews,29,0,0,3,0,0
3832,H Osinde,29,0,0,3,0,0
3833,JD Freyone,29,0,0,3,0,0
3834,JPH Hayes,29,0,0,3,0,0
3835,SD Chitnis,14,15,0,2,1,0
3836,T Chetty,29,0,0,3,0,0
3837,Bhanu Pania,29,0,0,2,0,0
3838,D McInnis,29,0,0,2,0,0
3839,D Parashar,29,0,0,2,0,0
3840,Denish Das,29,0,0,2,0,0
3841,DJ Reekers,29,0,0,2,0,0
3842,Iram Javed,29,0,0,2,0,0
3843,JJ Dell,29,0,0,2,0,0
3844,MJ Barry,29,0,0,2,0,0
3845,RADSI Ranatunga,29,0,0,2,0,0
3846,Shahid Aziz,29,0,0,2,0,0
3847,Umm-e-Hani,29,0,0,2,0,0
3848,WA Mota,4,25,0,1,1,0
3849,Y Rupasinghe,29,0,0,2,0,0
3850,ZN Carter,29,0,0,2,0,0
3851,Asif Ahmed,29,0,0,1,0,0
3852,B Yadav,29,0,0,1,0,0
3853,C Munoz-Mills,29,0,0,1,0,0
3854,DL Maddy,29,0,0,1,0,0
3855,Faheem Nellancheri,29,0,0,1,0,0
3856,Ghazi Ghori,29,0,0,1,0,0
3857,LF Muller,29,0,0,1,0,0
3858,LHD Dilhara,29,0,0,1,0,0
3859,M Cosgrave,29,0,0,1,0,0
3860,MR Cowan,29,0,0,1,0,0
3861,OAC Banks,29,0,0,1,0,0
3862,R Kumar,29,0,0,1,0,0
3863,T van Vuuren,29,0,0,1,0,0
3864,Asfan Khan,29,0,0,0,0,0
3865,EG Thomas,28,0,0,4,0,0
3866,MS Gony,28,0,0,3,1,0
3867,AP O'Connor,28,0,0,3,0,0
3868,HK Bennett,28,0,0,2,1,0
3869,PG Dooley,28,0,0,3,0,0
3870,RL Jangid,0,28,0,0,3,0
3871,Abdullah Mohd Yousaf,28,0,0,2,0,0
3872,AP McLaren,28,0,0,2,0,0
3873,AS Yadav,28,0,0,2,0,0
3874,BS Bartley,28,0,0,2,0,0
3875,DAM Louis,28,0,0,2,0,0
3876,DJ Bartlett,28,0,0,2,0,0
3877,EWO Middleton,28,0,0,2,0,0
3878,K Goud,28,0,0,2,0,0
3879,K Ramharack,28,0,0,2,0,0
3880,Rizwan Mahmood,28,0,0,2,0,0
3881,Shakeel Ahmed (2),28,0,0,2,0,0
3882,Sikander Zulfiqar,28,0,0,2,0,0
3883,AD Algar,28,0,0,1,0,0
3884,CPPM Sadun,28,0,0,1,0,0
3885,E Sebareme,28,0,0,1,0,0
3886,I Dikgale,28,0,0,1,0,0
3887,JT Langridge,28,0,0,1,0,0
3888,L Sreekumar,28,0,0,1,0,0
3889,Mansoor Malangzai,28,0,0,1,0,0
3890,Mohammad Shahzad (2),28,0,0,1,0,0
3891,S Shubha,28,0,0,1,0,0
3892,JA Woolston,28,0,0,0,0,0
3893,JM Polarouthu,28,0,0,0,0,0
3894,Kabir Berlia,28,0,0,0,0,0
3895,M Carmichael,28,0,0,0,0,0
3896,PG Tulloch,28,0,0,0,0,0
3897,RN Lewis,28,0,0,0,0,0
3898,S Ashwathnarayana,28,0,0,0,0,0
3899,Usman Waheed,28,0,0,0,0,0
3900,KT Maphaka,27,0,0,6,0,0
3901,K Nestor,27,0,0,5,0,0
3902,Aayan Afzal Khan,27,0,0,4,0,0
3903,PM Inglis,27,0,0,4,0,0
3904,Ainool Hafizs,27,0,0,3,0,0
3905,AM Green,27,0,0,3,0,0
3906,JM Joao,27,0,0,3,0,0
3907,KJS Elliott,27,0,0,3,0,0
3908,BMSM Kumari,27,0,0,2,0,0
3909,CB Paul,27,0,0,2,0,0
3910,CG Blakely,27,0,0,2,0,0
3911,CN Evans,27,0,0,2,0,0
3912,CR Suryawanshi,27,0,0,2,0,0
3913,CS Fraser,27,0,0,2,0,0
3914,GA Lamb,27,0,0,2,0,0
3915,J Chialoufas,27,0,0,2,0,0
3916,M Markande,15,12,0,1,1,0
3917,ML Love,27,0,0,2,0,0
3918,S Daffara,27,0,0,2,0,0
3919,S Turner,27,0,0,2,0,0
3920,T Prashan,27,0,0,2,0,0
3921,AJADDLA Jayasinghe,27,0,0,1,0,0
3922,AL Dodson,27,0,0,1,0,0
3923,Asad Ali Rehemtulla,27,0,0,1,0,0
3924,DA Randika,27,0,0,1,0,0
3925,Hassan Ghulam,27,0,0,1,0,0
3926,J du Plessis,27,0,0,1,0,0
3927,NS Poonia,27,0,0,1,0,0
3928,PN Sproul,27,0,0,1,0,0
3929,RD John,27,0,0,1,0,0
3930,RM Dorji,27,0,0,1,0,0
3931,RR Watson,27,0,0,1,0,0
3932,S Sriram,27,0,0,1,0,0
3933,TU Deshpande,22,5,0,1,0,0
3934,Eranga De Silva,27,0,0,0,0,0
3935,G Newton,27,0,0,0,0,0
3936,NAT Watkins,27,0,0,0,0,0
3937,Y Majid,26,0,0,8,0,0
3938,C Robertson,26,0,0,5,0,0
3939,D Madushanka,21,5,0,3,2,0
3940,B Chipli,15,11,0,2,2,0
3941,Zahid Mahmood,26,0,0,4,0,0
3942,B Laughlin,22,4,0,2,0,1
3943,BR Sharath,26,0,0,3,0,0
3944,Imal Zuwak,26,0,0,3,0,0
3945,JS Gatting,26,0,0,3,0,0
3946,KOK Williams,13,13,0,3,0,0
3947,MBS Jonkman,26,0,0,3,0,0
3948,RM Magare,26,0,0,3,0,0
3949,S Galagoda,26,0,0,3,0,0
3950,A Simelane,26,0,0,2,0,0
3951,AUKDS Kalugala,26,0,0,2,0,0
3952,B Fitchet,26,0,0,2,0,0
3953,D Samuditha,26,0,0,2,0,0
3954,JP King,26,0,0,2,0,0
3955,LCN Smith,26,0,0,2,0,0
3956,PI Burgoyne,26,0,0,2,0,0
3957,Ravikumar Samarth,26,0,0,2,0,0
3958,Roosh Kalaria,26,0,0,2,0,0
3959,SJ Reingold,26,0,0,2,0,0
3960,DPS Tyagi,26,0,0,1,0,0
3961,FJ Heldreich,26,0,0,1,0,0
3962,Harishankar Reddy,26,0,0,0,1,0
3963,Jun Hyunwoo,26,0,0,1,0,0
3964,MJM Fernando,26,0,0,1,0,0
3965,S Gawas,26,0,0,1,0,0
3966,S Jimmy,26,0,0,1,0,0
3967,S Samal,26,0,0,1,0,0
3968,H Bharadwaj,26,0,0,0,0,0
3969,H Rathod,26,0,0,0,0,0
3970,Rakesh Thakur,26,0,0,0,0,0
3971,RM Farrell,26,0,0,0,0,0
3972,TS Braat,26,0,0,0,0,0
3973,LI Salomone,25,0,0,5,0,0
3974,TS Chisoro,25,0,0,3,0,0
3975,DR Melton,25,0,0,2,0,0
3976,HGV Vare,25,0,0,2,0,0
3977,ID Blackwell,25,0,0,2,0,0
3978,Shakeeb Ahmed,25,0,0,2,0,0
3979,TB Sole,25,0,0,2,0,0
3980,AL Fekete,25,0,0,1,0,0
3981,Amir Butt,25,0,0,1,0,0
3982,AR Schaw,25,0,0,1,0,0
3983,BEW McCord,25,0,0,1,0,0
3984,ED Silva,25,0,0,1,0,0
3985,F Achelam,25,0,0,1,0,0
3986,GC Tonge,25,0,0,1,0,0
3987,Himanshu Bisht,25,0,0,1,0,0
3988,Irfan Ahmed,25,0,0,1,0,0
3989,J Albin,25,0,0,1,0,0
3990,Jahanzaib Sultan,25,0,0,1,0,0
3991,Jaskaranvir Singh Sohi,25,0,0,1,0,0
3992,JC Glover,25,0,0,1,0,0
3993,JM Theedom,25,0,0,1,0,0
3994,JP Kaltapau,25,0,0,1,0,0
3995,LA Marsh,25,0,0,1,0,0
3996,Mehrab Hossain jnr,25,0,0,1,0,0
3997,Naved Yasin,25,0,0,1,0,0
3998,Pratis GC,25,0,0,1,0,0
3999,SMD Silva,25,0,0,1,0,0
4000,Umran Malik,21,0,4,0,1,0
4001,C Roberts,25,0,0,0,0,0
4002,H Boyagoda,25,0,0,0,0,0
4003,JV Chand,25,0,0,0,0,0
4004,Mukhtar Hussain,25,0,0,0,0,0
4005,S Thakur,25,0,0,0,0,0
4006,TC Goodin,25,0,0,0,0,0
4007,K Nassoro,24,0,0,5,0,0
4008,Mohammad Imran,24,0,0,4,0,0
4009,S Veerapathiran,24,0,0,4,0,0
4010,Nayeem Hasan,24,0,0,3,0,0
4011,TG Norris,24,0,0,3,0,0
4012,VA Jagadeesh,8,16,0,1,2,0
4013,Adnan Mirza,24,0,0,2,0,0
4014,Amit Chopra,24,0,0,2,0,0
4015,G Koralage,24,0,0,2,0,0
4016,GG Alta,24,0,0,2,0,0
4017,HKT Udeshana,24,0,0,2,0,0
4018,K Klesse,24,0,0,2,0,0
4019,K Waiswa,24,0,0,2,0,0
4020,LJ Barker,24,0,0,2,0,0
4021,Mohammad Faiq,24,0,0,2,0,0
4022,SA Jumbe,24,0,0,2,0,0
4023,Sohraab Dhaliwal,24,0,0,2,0,0
4024,TN Guruge,24,0,0,2,0,0
4025,A Morris,24,0,0,1,0,0
4026,A Thennakoon,24,0,0,1,0,0
4027,AA Paradkar,24,0,0,1,0,0
4028,AA Pragasam,24,0,0,1,0,0
4029,AS Chima,24,0,0,1,0,0
4030,CD de Lange,24,0,0,1,0,0
4031,CS Sandri,24,0,0,1,0,0
4032,IY Mckeon,24,0,0,1,0,0
4033,KL Short,24,0,0,1,0,0
4034,Manoj Adhikari,24,0,0,1,0,0
4035,Mayank Rawat,24,0,0,1,0,0
4036,MJ Johnston,24,0,0,1,0,0
4037,Muhammad Shahzad,24,0,0,1,0,0
4038,S Cotter,24,0,0,1,0,0
4039,Suharril Fetri,24,0,0,1,0,0
4040,U Bhagwan,24,0,0,1,0,0
4041,Umaid Asif,24,0,0,1,0,0
4042,Wei Guo Lei,24,0,0,1,0,0
4043,C Nunes,24,0,0,0,0,0
4044,Imran Ameer,24,0,0,0,0,0
4045,Z Bimenyimana,24,0,0,0,0,0
4046,Noor Ahmad,22,1,0,5,1,0
4047,G Prestwidge,23,0,0,4,0,0
4048,Sagar Trivedi,0,23,0,1,3,0
4049,Ali Hasan,23,0,0,3,0,0
4050,LM Gabriel,23,0,0,3,0,0
4051,MA Cohen,23,0,0,3,0,0
4052,Mohamed Azzam,23,0,0,3,0,0
4053,R Davis,23,0,0,3,0,0
4054,Robiul Haque,23,0,0,3,0,0
4055,Zaheer Ibrahim,23,0,0,3,0,0
4056,A Bramble,23,0,0,2,0,0
4057,Abhishek Thakuri,23,0,0,2,0,0
4058,AJ Crosthwaite,23,0,0,2,0,0
4059,Amjad Mahboob,23,0,0,2,0,0
4060,DJ Broom,23,0,0,2,0,0
4061,GD McGrath,10,13,0,1,1,0
4062,Ghulam Shabber,23,0,0,2,0,0
4063,JDC Johnson,23,0,0,2,0,0
4064,JE Anyon,23,0,0,2,0,0
4065,M Perry,23,0,0,2,0,0
4066,Mohammad Amin,23,0,0,2,0,0
4067,Parveen Kumar (2),23,0,0,2,0,0
4068,RS Williams,23,0,0,2,0,0
4069,Shashwat Kohli,23,0,0,2,0,0
4070,T Saville,23,0,0,2,0,0
4071,A Parima,23,0,0,1,0,0
4072,Bilal Muhammad,23,0,0,1,0,0
4073,EB Knowles,23,0,0,1,0,0
4074,Huzaifa Mohammed,23,0,0,1,0,0
4075,JA Nelson,23,0,0,1,0,0
4076,K Carver,23,0,0,1,0,0
4077,KV Morea,23,0,0,1,0,0
4078,M Kearvell,23,0,0,1,0,0
4079,M Ward,23,0,0,1,0,0
4080,Mohammed Irshad,23,0,0,1,0,0
4081,N Senamontree,23,0,0,1,0,0
4082,NB Cox,23,0,0,1,0,0
4083,R Slater,23,0,0,1,0,0
4084,Ravishan de Silva,23,0,0,1,0,0
4085,Ritwik Roy Chowdhury,22,1,0,1,0,0
4086,RJG Lockyear,23,0,0,1,0,0
4087,S Vashisht,23,0,0,1,0,0
4088,Saahil Jain,23,0,0,1,0,0
4089,SJ Swanepoel,23,0,0,1,0,0
4090,Sunny Patel,23,0,0,1,0,0
4091,T Vijay,23,0,0,1,0,0
4092,W Malajczuk,23,0,0,1,0,0
4093,Y Dilruk,23,0,0,1,0,0
4094,C Hinze,23,0,0,0,0,0
4095,CK Holder,23,0,0,0,0,0
4096,JA Warrican,23,0,0,0,0,0
4097,JO Penfold,23,0,0,0,0,0
4098,Nain Abidi,23,0,0,0,0,0
4099,Unnikrishnan Manukrishnan,9,14,0,0,0,0
4100,RP Meredith,22,0,0,6,0,0
4101,K Sinclair,22,0,0,4,0,0
4102,M Ashwin,15,6,1,1,1,2
4103,M Whelan,22,0,0,4,0,0
4104,B Kruger,22,0,0,3,0,0
4105,DJ Jacobs,0,22,0,0,3,0
4106,F Mutizwa,22,0,0,3,0,0
4107,FF Lellman,22,0,0,3,0,0
4108,Kaleem Sana,22,0,0,3,0,0
4109,R Sanjaya,22,0,0,3,0,0
4110,Saeed Ahmed (2),22,0,0,3,0,0
4111,Ahsan Abbasi,22,0,0,2,0,0
4112,AM Blignaut,22,0,0,2,0,0
4113,K Piet,22,0,0,2,0,0
4114,MG Hughes,22,0,0,2,0,0
4115,NK Crafton,22,0,0,2,0,0
4116,Salvin Stanly,22,0,0,2,0,0
4117,SU Parakh,22,0,0,2,0,0
4118,Sunny Singh,22,0,0,2,0,0
4119,AD Dore,22,0,0,1,0,0
4120,AG Paunikar,22,0,0,1,0,0
4121,AR Berenger,22,0,0,1,0,0
4122,AS Raut,22,0,0,1,0,0
4123,Aslan Jafri,22,0,0,1,0,0
4124,Azhar Andani,22,0,0,1,0,0
4125,C Brennan,22,0,0,1,0,0
4126,Fardeen Hasan,22,0,0,1,0,0
4127,HN Ya France,22,0,0,1,0,0
4128,JA Tomlinson,22,0,0,1,0,0
4129,JEG Logan,22,0,0,1,0,0
4130,JK Lalor,22,0,0,1,0,0
4131,Khurram Chohan,0,22,0,0,1,0
4132,M Koli,22,0,0,1,0,0
4133,MW Dixon,22,0,0,1,0,0
4134,N Vare,22,0,0,1,0,0
4135,R Ramadhasyena,22,0,0,1,0,0
4136,RV Viraj,22,0,0,1,0,0
4137,S Verma,22,0,0,1,0,0
4138,Shakeel Zeb,22,0,0,1,0,0
4139,Zaid Ahmad,22,0,0,1,0,0
4140,Ahmed Daniyal,22,0,0,0,0,0
4141,GTG Cork,22,0,0,0,0,0
4142,L Klazinga,22,0,0,0,0,0
4143,Ngangom Rajesh Singh,22,0,0,0,0,0
4144,Paras Sehrawat,22,0,0,0,0,0
4145,S Godara,22,0,0,0,0,0
4146,Vikas Yadav,22,0,0,0,0,0
4147,Azeem Rafiq,21,0,0,5,0,0
4148,Junaid Siddique (2),21,0,0,5,0,0
4149,B Indrajith,0,21,0,0,2,1
4150,G Chaturvedi,21,0,0,3,0,0
4151,J Maguire,21,0,0,3,0,0
4152,RGL Carters,21,0,0,3,0,0
4153,S Gunasekera,21,0,0,3,0,0
4154,AA Jhunjhunwala,21,0,0,2,0,0
4155,Hrishikesh Tamuli,0,21,0,0,2,0
4156,JL Barsby,21,0,0,2,0,0
4157,LP van Troost,21,0,0,2,0,0
4158,Nadif Chowdhury,21,0,0,2,0,0
4159,OW Sutton,21,0,0,2,0,0
4160,Usman Najeeb,21,0,0,2,0,0
4161,Yudhvir Singh,21,0,0,2,0,0
4162,Aniruddha Joshi,21,0,0,1,0,0
4163,CJ Dala,21,0,0,1,0,0
4164,CN Kent,21,0,0,1,0,0
4165,DA Minors,21,0,0,1,0,0
4166,GA Manou,21,0,0,1,0,0
4167,GHI Harding,21,0,0,1,0,0
4168,GJ Abrahams,21,0,0,1,0,0
4169,J Marples,21,0,0,1,0,0
4170,JC Martin,21,0,0,1,0,0
4171,Joshua Ozukum,21,0,0,1,0,0
4172,M Tiwari,18,3,0,0,1,0
4173,MJ Paterlini,21,0,0,1,0,0
4174,P Useni,21,0,0,1,0,0
4175,S Navaratne,21,0,0,1,0,0
4176,Tabarak Dar,21,0,0,1,0,0
4177,Aamer Azmat,21,0,0,0,0,0
4178,KC Cariappa,21,0,0,0,0,0
4179,Manoj Singh,21,0,0,0,0,0
4180,Naren Reddy,21,0,0,0,0,0
4181,Varun Sood,21,0,0,0,0,0
4182,C Piparo,20,0,0,6,0,0
4183,Rahat Ali,20,0,0,5,0,0
4184,A Canning,20,0,0,4,0,0
4185,Junaid Khan,20,0,0,4,0,0
4186,Swarajeet Das,7,13,0,1,3,0
4187,JWA Hawkins,20,0,0,3,0,0
4188,L Sipamla,20,0,0,3,0,0
4189,Rafiullah,20,0,0,3,0,0
4190,RT Bailey,20,0,0,3,0,0
4191,Ajin Soman,20,0,0,2,0,0
4192,C Murray,20,0,0,2,0,0
4193,I Khan,20,0,0,2,0,0
4194,KADA Kanchana,20,0,0,2,0,0
4195,LK Bell,20,0,0,2,0,0
4196,Numan Ahmadzai,20,0,0,2,0,0
4197,PWS Dulshan,20,0,0,2,0,0
4198,R Clinton,20,0,0,2,0,0
4199,Taher Muhammad,20,0,0,2,0,0
4200,AP Chore,20,0,0,1,0,0
4201,AW O'Brien,20,0,0,1,0,0
4202,Chanderpal Saini,20,0,0,1,0,0
4203,EJ Inglis,20,0,0,1,0,0
4204,I Stewart,20,0,0,1,0,0
4205,Izhar Hussain,20,0,0,1,0,0
4206,K Klein,20,0,0,1,0,0
4207,KAM Corbin,20,0,0,1,0,0
4208,Khalid Zahid,20,0,0,1,0,0
4209,MR Aguilleira,5,15,0,1,0,0
4210,NP Kenjige,20,0,0,1,0,0
4211,PW Gough,20,0,0,1,0,0
4212,Scott Campbell,20,0,0,1,0,0
4213,SM Khomari,20,0,0,1,0,0
4214,Akash Parkar,0,20,0,0,0,0
4215,Jassim Khan,20,0,0,0,0,0
4216,MP Siboto,20,0,0,0,0,0
4217,TDA Henry,20,0,0,0,0,0
4218,M Prasidh Krishna,17,0,2,3,1,2
4219,S Kaul,17,2,0,4,1,0
4220,T Panyangara,19,0,0,5,0,0
4221,TL Best,10,9,0,2,2,0
4222,Wasiqur Rahman,17,2,0,3,1,0
4223,HA Evans,19,0,0,3,0,0
4224,Kumar Kushagra,19,0,0,2,1,0
4225,OMB Curtiss,19,0,0,3,0,0
4226,SN Netravalkar,19,0,0,3,0,0
4227,V Masekesa,19,0,0,3,0,0
4228,CP Rizwan,19,0,0,2,0,0
4229,M Dale-Bradley,19,0,0,2,0,0
4230,Marshall Ayub,19,0,0,2,0,0
4231,Mohammad Talha,19,0,0,2,0,0
4232,Neelam Obi,19,0,0,2,0,0
4233,RA Bawa,8,11,0,1,1,0
4234,RD Jacobs,19,0,0,2,0,0
4235,RN Roach,19,0,0,2,0,0
4236,S Reid,19,0,0,2,0,0
4237,SW Eathorne,19,0,0,2,0,0
4238,Swarupam Purkayastha,0,19,0,0,2,0
4239,T Mupariwa,19,0,0,2,0,0
4240,WWWL Lakshan,19,0,0,2,0,0
4241,YYM Jakda,19,0,0,2,0,0
4242,A Bhadauria,19,0,0,1,0,0
4243,Awais Zia,19,0,0,1,0,0
4244,BD McDonough,19,0,0,1,0,0
4245,BKB Corbin,19,0,0,1,0,0
4246,Bonny Chingangbam,19,0,0,1,0,0
4247,C Swart,19,0,0,1,0,0
4248,Dhruv Patel,19,0,0,1,0,0
4249,EMA McLeod,19,0,0,1,0,0
4250,FA Klokker,19,0,0,1,0,0
4251,Hardik Tamore,0,19,0,0,1,0
4252,HJW Gardiner,19,0,0,1,0,0
4253,J de Klerk,19,0,0,1,0,0
4254,JM Bredenkamp,19,0,0,1,0,0
4255,K Sathish,19,0,0,1,0,0
4256,Khalid Ahmadi,19,0,0,1,0,0
4257,KL Coppack,19,0,0,1,0,0
4258,Kyshona A Knight,19,0,0,1,0,0
4259,M Taniyama,19,0,0,1,0,0
4260,P Ray Barman,19,0,0,1,0,0
4261,Rahul Batham,19,0,0,1,0,0
4262,SR Swain,19,0,0,1,0,0
4263,Suhrawadi Shuvo,19,0,0,1,0,0
4264,AS Browning,19,0,0,0,0,0
4265,Ashish Thapa,19,0,0,0,0,0
4266,MB Gauna,19,0,0,0,0,0
4267,Salman Hossain,19,0,0,0,0,0
4268,SB Odedra,19,0,0,0,0,0
4269,B White,18,0,0,5,0,0
4270,Nashra Sandhu,18,0,0,5,0,0
4271,Mujeeb-ur-Rehman,18,0,0,4,0,0
4272,CB Roposo,18,0,0,3,0,0
4273,Divyendra Singh,18,0,0,3,0,0
4274,Nahid Rana,18,0,0,3,0,0
4275,Syazrul Idrus,18,0,0,3,0,0
4276,Syed Faizan Tahir,18,0,0,3,0,0
4277,Tanwir Afzal,18,0,0,3,0,0
4278,Aishwarya Mourya,18,0,0,2,0,0
4279,C Sully,18,0,0,2,0,0
4280,DK Pallekonda,18,0,0,2,0,0
4281,EH Hutchinson,18,0,0,2,0,0
4282,JR Banik,18,0,0,2,0,0
4283,L Neil-Smith,18,0,0,2,0,0
4284,N Brand,18,0,0,2,0,0
4285,RA Mair,18,0,0,2,0,0
4286,S Dhaniram,18,0,0,2,0,0
4287,S Jyoti,18,0,0,2,0,0
4288,UR Yasas,18,0,0,2,0,0
4289,Vijaykumar Vyshak,18,0,0,1,1,0
4290,A Clarke,18,0,0,1,0,0
4291,Assad Borham,18,0,0,1,0,0
4292,Atharva Ankolekar,16,2,0,0,1,0
4293,BG Lister,18,0,0,1,0,0
4294,D Gregory,18,0,0,1,0,0
4295,E Brathwaite,18,0,0,1,0,0
4296,Fawad Ahmed,18,0,0,1,0,0
4297,HK Badani,18,0,0,1,0,0
4298,IC Pandey,18,0,0,1,0,0
4299,JL Hollard,18,0,0,1,0,0
4300,JW Wilson,18,0,0,1,0,0
4301,K Kunwar,18,0,0,1,0,0
4302,L Jack,18,0,0,1,0,0
4303,LS Greenway,18,0,0,1,0,0
4304,Syed Haider,18,0,0,1,0,0
4305,V Kadiresan,18,0,0,1,0,0
4306,Writtick Chatterjee,18,0,0,1,0,0
4307,A Mahata,18,0,0,0,0,0
4308,Gurnoor Brar,18,0,0,0,0,0
4309,KS Airee,18,0,0,0,0,0
4310,M Kadyan,18,0,0,0,0,0
4311,MJ Killeen,18,0,0,0,0,0
4312,SADU Indrasiri,18,0,0,0,0,0
4313,Muhammad Akhlaq,17,0,0,5,0,0
4314,DS Thilakaratne,17,0,0,4,0,0
4315,Mujeeb Ur Rahman,17,0,0,4,0,0
4316,A Nel,17,0,0,3,0,0
4317,Abhishek Bhandari,17,0,0,2,1,0
4318,BP Martin,17,0,0,3,0,0
4319,E Bisht,17,0,0,2,1,0
4320,MM Patel,15,2,0,3,0,0
4321,NW Bracken,14,3,0,2,1,0
4322,RJ Harris,16,1,0,2,1,0
4323,AA Kulkarni,17,0,0,2,0,0
4324,AM Peterson,17,0,0,2,0,0
4325,AM Reddy,17,0,0,2,0,0
4326,Aryan Juyal,17,0,0,2,0,0
4327,BV Kneebone,17,0,0,2,0,0
4328,Dikshanshu Negi,17,0,0,2,0,0
4329,HP Kingston,17,0,0,2,0,0
4330,Kaleemullah,17,0,0,2,0,0
4331,Kolla Sumanth,17,0,0,2,0,0
4332,LF Higham,17,0,0,2,0,0
4333,OT Jackson,17,0,0,2,0,0
4334,PLM Jayaratne,17,0,0,2,0,0
4335,Robiul Islam Robi,17,0,0,2,0,0
4336,RR Chopra,17,0,0,2,0,0
4337,S Thanikaithasan,17,0,0,2,0,0
4338,A Nanda,17,0,0,1,0,0
4339,Anthony Hillman,17,0,0,1,0,0
4340,CD Hinchliffe,17,0,0,1,0,0
4341,CD Wright,17,0,0,1,0,0
4342,Delwar Hossain,17,0,0,1,0,0
4343,DJG Sales,17,0,0,1,0,0
4344,Du Jianhao,17,0,0,1,0,0
4345,E Packard,17,0,0,1,0,0
4346,E Yaver,17,0,0,1,0,0
4347,F Sutherland,17,0,0,1,0,0
4348,Faraaz Mehti Abbas,17,0,0,1,0,0
4349,Kamrul Islam Rabbi,17,0,0,1,0,0
4350,Khalid Usman,17,0,0,1,0,0
4351,L Hands,17,0,0,1,0,0
4352,M Madubashana,17,0,0,1,0,0
4353,Md Shafiqul Haque,17,0,0,1,0,0
4354,Mofassar Saeed,17,0,0,1,0,0
4355,P Wangdi,17,0,0,1,0,0
4356,Rafatullah Mohmand,17,0,0,1,0,0
4357,RJI Udayanga,17,0,0,1,0,0
4358,S Tosic,17,0,0,1,0,0
4359,Sajad Ahmadzai,17,0,0,1,0,0
4360,Sameer Yousuf,17,0,0,1,0,0
4361,Sumon Khan,17,0,0,1,0,0
4362,TP Kanwar,17,0,0,1,0,0
4363,Y Saranonnakkun,17,0,0,1,0,0
4364,A Pusthay,17,0,0,0,0,0
4365,Faisal Hossain,17,0,0,0,0,0
4366,R Sakurano-Thomas,17,0,0,0,0,0
4367,ST Gabriel,15,1,0,6,2,0
4368,CB Mpofu,16,0,0,5,0,0
4369,M Hinkley,16,0,0,4,0,0
4370,KDA Manoj,16,0,0,3,0,0
4371,RL Toole,16,0,0,3,0,0
4372,Bravish Shetty,16,0,0,2,0,0
4373,CA Dry,16,0,0,2,0,0
4374,Haider Ali (3),16,0,0,2,0,0
4375,J Mallikarjun,16,0,0,2,0,0
4376,JJ Lamare,16,0,0,2,0,0
4377,Kasir Ahmed,16,0,0,2,0,0
4378,MJ Fisher,16,0,0,2,0,0
4379,N Wijesekera,16,0,0,2,0,0
4380,A Otwani,16,0,0,1,0,0
4381,Abid Ullah Shah,16,0,0,1,0,0
4382,Basil Thampi,11,3,2,0,1,0
4383,CK Boycott,16,0,0,1,0,0
4384,CMKK Wijerathne,16,0,0,1,0,0
4385,D Manchanayake,16,0,0,1,0,0
4386,D Vrinda,16,0,0,1,0,0
4387,E Kershaw,16,0,0,1,0,0
4388,Elias Sunny,16,0,0,1,0,0
4389,ET Smith,16,0,0,1,0,0
4390,Firas Hussain,16,0,0,1,0,0
4391,Gregory Smith,16,0,0,1,0,0
4392,Hamayun Altaf,16,0,0,1,0,0
4393,Hasan Murad,16,0,0,1,0,0
4394,I Maraj,16,0,0,1,0,0
4395,IR James,16,0,0,1,0,0
4396,Janith Rathnasiri,16,0,0,1,0,0
4397,JH Patel,16,0,0,1,0,0
4398,JPR Lamsam,16,0,0,1,0,0
4399,Kshitij Patel,16,0,0,1,0,0
4400,M Bhaiji,16,0,0,1,0,0
4401,MA Khote,16,0,0,1,0,0
4402,MD du Preez,16,0,0,1,0,0
4403,Mohammad Aadil Alam,16,0,0,1,0,0
4404,Mrittunjoy Chowdhury,16,0,0,1,0,0
4405,MWA van Nierop,16,0,0,1,0,0
4406,Norwira Zazmie,16,0,0,1,0,0
4407,OO Bascome,16,0,0,1,0,0
4408,RA Jones (2),16,0,0,1,0,0
4409,Ravi Teja,16,0,0,1,0,0
4410,Satyajeet Bachhav,16,0,0,1,0,0
4411,Shoaib Mohammed Khan,0,16,0,0,1,0
4412,SN Smidt,16,0,0,1,0,0
4413,TP Kaber,16,0,0,1,0,0
4414,UVS Fernando,16,0,0,1,0,0
4415,Zeeshan Haider,16,0,0,1,0,0
4416,D Lues,16,0,0,0,0,0
4417,DJ Thornely,15,1,0,0,0,0
4418,LA Carseldine,16,0,0,0,0,0
4419,Marcelle Hanekom,16,0,0,0,0,0
4420,MI Slaza,16,0,0,0,0,0
4421,Nitin Tanwar,16,0,0,0,0,0
4422,P Thamaraikannan,0,16,0,0,0,0
4423,VV Weerappuli,16,0,0,0,0,0
4424,DC Goodman,15,0,0,5,0,0
4425,JM Mennie,15,0,0,5,0,0
4426,T Hinds,15,0,0,4,0,0
4427,Jakob Gul,15,0,0,3,0,0
4428,L Mills,15,0,0,3,0,0
4429,S Krishnashriram,15,0,0,3,0,0
4430,A Ghiraiya,15,0,0,2,0,0
4431,AR Caddick,15,0,0,2,0,0
4432,Asif Afridi,15,0,0,2,0,0
4433,Imran Uzzaman,15,0,0,2,0,0
4434,Javeria Khan,15,0,0,2,0,0
4435,JH Plom,15,0,0,2,0,0
4436,JS Sykes,15,0,0,2,0,0
4437,MB Harris,15,0,0,2,0,0
4438,ML Cummins,15,0,0,2,0,0
4439,MW Edwards,15,0,0,2,0,0
4440,PS Airee,15,0,0,2,0,0
4441,RMS Eranga,15,0,0,2,0,0
4442,Robiul Islam,15,0,0,2,0,0
4443,S Anirudha,6,9,0,1,1,0
4444,S Lackay,15,0,0,2,0,0
4445,S Munro,15,0,0,2,0,0
4446,Shaof Hassan,15,0,0,2,0,0
4447,TA Willett,15,0,0,2,0,0
4448,UDU Chandana,15,0,0,2,0,0
4449,A Galan,15,0,0,1,0,0
4450,A Khakimov,15,0,0,1,0,0
4451,A McAuley,15,0,0,1,0,0
4452,AJ Miles,15,0,0,1,0,0
4453,Anuk Fernando,15,0,0,1,0,0
4454,C Nethsara,15,0,0,1,0,0
4455,D O'Sullivan,15,0,0,1,0,0
4456,DB Lakhani,15,0,0,1,0,0
4457,F Damiao Couana,15,0,0,1,0,0
4458,H Srinivasan,15,0,0,1,0,0
4459,H Viljoen,15,0,0,1,0,0
4460,Hisham Sheikh,15,0,0,1,0,0
4461,Issa Al Balushi,15,0,0,1,0,0
4462,J Kila,15,0,0,1,0,0
4463,J Syed Mohammad,6,9,0,0,1,0
4464,JEA Doctora,15,0,0,1,0,0
4465,JH Saroha,15,0,0,1,0,0
4466,JP Maher,15,0,0,1,0,0
4467,JRMVB Sanjaya,15,0,0,1,0,0
4468,JW Chilia,15,0,0,1,0,0
4469,LJ Cush,15,0,0,1,0,0
4470,M van Schoor,15,0,0,1,0,0
4471,Mahmudul Hasan,15,0,0,1,0,0
4472,Muhammad Ajmal,15,0,0,1,0,0
4473,N Salekar,15,0,0,1,0,0
4474,Nikhil,15,0,0,1,0,0
4475,Nimish Lathief,15,0,0,1,0,0
4476,NPF Ranhaluge,15,0,0,1,0,0
4477,OGT Gould,15,0,0,1,0,0
4478,RO Hinds,15,0,0,1,0,0
4479,S Burger,15,0,0,1,0,0
4480,S Tuitoga,15,0,0,1,0,0
4481,SM Meherob,15,0,0,1,0,0
4482,T McKeegan,15,0,0,1,0,0
4483,E Leie,15,0,0,0,0,0
4484,Elias Hasan,15,0,0,0,0,0
4485,H Coetzer,15,0,0,0,0,0
4486,K Venkatraman,15,0,0,0,0,0
4487,O Muzondo,15,0,0,0,0,0
4488,Parvez Aziz,0,15,0,0,0,0
4489,Pulkit Narang,15,0,0,0,0,0
4490,S Shrivastava,15,0,0,0,0,0
4491,Sandeep Sharma,15,0,0,0,0,0
4492,SP Jones,15,0,0,0,0,0
4493,EJ Richardson,14,0,0,3,0,0
4494,KK Ahmed,11,0,3,1,0,2
4495,Abdullah Bayoumy,14,0,0,2,0,0
4496,AR Odedara,14,0,0,2,0,0
4497,E Otieno,14,0,0,2,0,0
4498,IJ Harvey,14,0,0,2,0,0
4499,J Coughlin,14,0,0,2,0,0
4500,J Harrison,14,0,0,2,0,0
4501,Parvez Ahmed,1,13,0,0,2,0
4502,RKJ Dawson,14,0,0,2,0,0
4503,Shaik Basha,14,0,0,2,0,0
4504,Yousif Wali,14,0,0,2,0,0
4505,Abdul Bangalzai,14,0,0,1,0,0
4506,Auqib Nabi,14,0,0,1,0,0
4507,CAJ Brodrick,14,0,0,1,0,0
4508,D Kansonkho,14,0,0,1,0,0
4509,Dharmendrasinh Jadeja,14,0,0,1,0,0
4510,DI Joyce,14,0,0,1,0,0
4511,G Malkan,14,0,0,1,0,0
4512,H Amarasinghe,14,0,0,1,0,0
4513,HR Bernard,14,0,0,1,0,0
4514,Iqbal Hussain,14,0,0,1,0,0
4515,K Hinds,14,0,0,1,0,0
4516,K Upadhyay,14,0,0,1,0,0
4517,Kamran Mahmood,14,0,0,1,0,0
4518,KG Critchell,14,0,0,1,0,0
4519,Khaled Mahmud,14,0,0,1,0,0
4520,Khalid Butt,14,0,0,1,0,0
4521,LR Naylor,14,0,0,1,0,0
4522,N Peter,14,0,0,1,0,0
4523,NB Beard,14,0,0,1,0,0
4524,Peter Francis,14,0,0,1,0,0
4525,PR Adams,14,0,0,1,0,0
4526,Rakibul Hasan (2),14,0,0,1,0,0
4527,S Kimura,14,0,0,1,0,0
4528,S Regmi,14,0,0,1,0,0
4529,Shadnan Khan,14,0,0,1,0,0
4530,SSK Bal,14,0,0,1,0,0
4531,Subashis Roy,14,0,0,1,0,0
4532,T Lamey,14,0,0,1,0,0
4533,T Langa,14,0,0,1,0,0
4534,TM Srivastava,14,0,0,1,0,0
4535,Utkarsh Jain,14,0,0,1,0,0
4536,Zulfiqar Babar,14,0,0,1,0,0
4537,A Bushell,14,0,0,0,0,0
4538,AK Russell,14,0,0,0,0,0
4539,Bhagmender Lather,14,0,0,0,0,0
4540,Bosco Tuyizere,14,0,0,0,0,0
4541,Farmanullah,14,0,0,0,0,0
4542,FJ Hill,14,0,0,0,0,0
4543,Hamid Mahmood,14,0,0,0,0,0
4544,Nawazish Akhtar,14,0,0,0,0,0
4545,T Isaacs,14,0,0,0,0,0
4546,T Lungameni,14,0,0,0,0,0
4547,Mohammad Asif,10,3,0,5,1,0
4548,A Khaka,13,0,0,4,0,0
4549,HJ Chamberlain,13,0,0,3,0,0
4550,P Jayawickrama,13,0,0,3,0,0
4551,SB Bangar,13,0,0,3,0,0
4552,Sufyan Naseeb,13,0,0,3,0,0
4553,AD Chopra,13,0,0,2,0,0
4554,BDH Stevens,13,0,0,2,0,0
4555,DI Allan,13,0,0,2,0,0
4556,IO Okpe,13,0,0,2,0,0
4557,J Smits,13,0,0,2,0,0
4558,JF Jeremiah,13,0,0,2,0,0
4559,JH Brown,13,0,0,2,0,0
4560,N Harvey,13,0,0,2,0,0
4561,N Mlaba,13,0,0,2,0,0
4562,SZ Thakor,13,0,0,2,0,0
4563,A Dalzell,13,0,0,1,0,0
4564,A Goodridge,13,0,0,1,0,0
4565,AL MacDonald,13,0,0,1,0,0
4566,Ankit Dabas,13,0,0,1,0,0
4567,DA Blignaut,13,0,0,1,0,0
4568,DCC Borden,13,0,0,1,0,0
4569,DF Jacobs,13,0,0,1,0,0
4570,FR Davies,13,0,0,1,0,0
4571,G Kansonkho,13,0,0,1,0,0
4572,Jaswinder Singh,13,0,0,1,0,0
4573,Kusal Wijethunga,13,0,0,1,0,0
4574,MK Mahale,13,0,0,1,0,0
4575,Muhammad Jawadullah,13,0,0,1,0,0
4576,O Riley,13,0,0,1,0,0
4577,OS Williams,13,0,0,1,0,0
4578,PA de Silva,13,0,0,1,0,0
4579,PV Vuniwaqa,13,0,0,1,0,0
4580,S Fledermaus,13,0,0,1,0,0
4581,S Mostary,13,0,0,1,0,0
4582,S Stolk,13,0,0,1,0,0
4583,SG Rohilla,13,0,0,1,0,0
4584,Shahid Ahmadzai,13,0,0,1,0,0
4585,Shivam Khurana,13,0,0,1,0,0
4586,T Maruma,13,0,0,1,0,0
4587,TM Ealham,13,0,0,1,0,0
4588,V Jatinder Kumar,13,0,0,1,0,0
4589,Abdul Gaffar Saqlain,13,0,0,0,0,0
4590,Adnan Razzaq,13,0,0,0,0,0
4591,B Balala,13,0,0,0,0,0
4592,E Karimi,13,0,0,0,0,0
4593,E Ochieng,13,0,0,0,0,0
4594,H Birkett,13,0,0,0,0,0
4595,I Manack,13,0,0,0,0,0
4596,KM Awala,13,0,0,0,0,0
4597,MA Algi,13,0,0,0,0,0
4598,Muzahir Raza,13,0,0,0,0,0
4599,Najeeb Amar,13,0,0,0,0,0
4600,NY McLean,13,0,0,0,0,0
4601,RM Siri,13,0,0,0,0,0
4602,S Kubheka,13,0,0,0,0,0
4603,Samjhana Khadka,13,0,0,0,0,0
4604,VM Nyauchi,13,0,0,0,0,0
4605,DJ Hawoe,12,0,0,3,0,0
4606,NR Johns-Wickberg,12,0,0,3,0,0
4607,RA Fackrell,12,0,0,3,0,0
4608,Sachin Mandy,12,0,0,3,0,0
4609,V Baskaran,12,0,0,3,0,0
4610,Zeeshan Goraya,12,0,0,3,0,0
4611,A Leckey,12,0,0,2,0,0
4612,Chen Zhuo Yue,12,0,0,2,0,0
4613,JS Lenton,12,0,0,2,0,0
4614,LR Johns,12,0,0,2,0,0
4615,Muhammad Murad,12,0,0,2,0,0
4616,Mukesh Choudhary,8,4,0,1,1,0
4617,Noman Amjad,12,0,0,2,0,0
4618,NR Narah,12,0,0,2,0,0
4619,OE Westbury,12,0,0,2,0,0
4620,PRP Boissevain,12,0,0,2,0,0
4621,R MacMillan,12,0,0,2,0,0
4622,RA Stevenson,12,0,0,2,0,0
4623,S Bodha,12,0,0,2,0,0
4624,S Nadeem,10,2,0,0,2,0
4625,Sahil Tarakhil,12,0,0,2,0,0
4626,Shafiqullah,12,0,0,2,0,0
4627,SL Verma,12,0,0,2,0,0
4628,TL Greatwood,12,0,0,2,0,0
4629,V Mbazo,12,0,0,2,0,0
4630,Vaibhav Singh Panwar,12,0,0,2,0,0
4631,AK Chahal,12,0,0,1,0,0
4632,AR Kumar,12,0,0,1,0,0
4633,AR Ramjani,12,0,0,1,0,0
4634,AS Hasaranga,12,0,0,1,0,0
4635,Ayyaz Qureshi,12,0,0,1,0,0
4636,D Bohara,12,0,0,1,0,0
4637,D Mahavithana,12,0,0,1,0,0
4638,D Mongia,12,0,0,1,0,0
4639,DC Stovell,12,0,0,1,0,0
4640,DLR Smith,12,0,0,1,0,0
4641,Fayaz Mohammad,12,0,0,1,0,0
4642,H Venkataram,12,0,0,1,0,0
4643,J Groves,12,0,0,1,0,0
4644,Jalaj S Saxena,11,1,0,1,0,0
4645,JB Reva,12,0,0,1,0,0
4646,JC Harding,12,0,0,1,0,0
4647,JHJ Garlick,12,0,0,1,0,0
4648,K Nadeeshan,12,0,0,1,0,0
4649,LN Mosena,12,0,0,1,0,0
4650,Luqman Hussan,12,0,0,1,0,0
4651,ML Kirk,12,0,0,1,0,0
4652,Mohammad Ilyas,12,0,0,1,0,0
4653,NS Prasad,12,0,0,1,0,0
4654,PS Kumar,0,12,0,0,1,0
4655,PSU Fernando,12,0,0,1,0,0
4656,R Boyce,12,0,0,1,0,0
4657,R Telemachus,12,0,0,1,0,0
4658,R Theruvath,12,0,0,1,0,0
4659,S Gulecha,12,0,0,1,0,0
4660,S Pillay,12,0,0,1,0,0
4661,Sarbjot Singh,12,0,0,1,0,0
4662,SKR Mallidi,12,0,0,1,0,0
4663,SN Gunawardana,12,0,0,1,0,0
4664,SZ Mulani,1,11,0,0,1,0
4665,T Vithushan,12,0,0,1,0,0
4666,Tian Senqun,12,0,0,1,0,0
4667,TSB Ekanayake,12,0,0,1,0,0
4668,V Pyke,12,0,0,1,0,0
4669,VS Padhaal,12,0,0,1,0,0
4670,W van Vuuren,12,0,0,1,0,0
4671,Waqas Maqsood,12,0,0,1,0,0
4672,Zeeshan Ali (3),12,0,0,1,0,0
4673,AA Bilakhia,12,0,0,0,0,0
4674,Amjad Sher,12,0,0,0,0,0
4675,Andre Jarju,12,0,0,0,0,0
4676,Asad Mohammad,12,0,0,0,0,0
4677,Ayaz Dadabhai,12,0,0,0,0,0
4678,CB Kulasekara,12,0,0,0,0,0
4679,GT Main,12,0,0,0,0,0
4680,J Madan,12,0,0,0,0,0
4681,K Vislapuu,12,0,0,0,0,0
4682,LE Scott,12,0,0,0,0,0
4683,McKenny Clarke,12,0,0,0,0,0
4684,MJ Nqolo,12,0,0,0,0,0
4685,SJ Cassidy,12,0,0,0,0,0
4686,THS Pettman,12,0,0,0,0,0
4687,TP Doropoulos,12,0,0,0,0,0
4688,V Aritharan,12,0,0,0,0,0
4689,H Kannan,11,0,0,4,0,0
4690,J Manley,11,0,0,4,0,0
4691,KA Bull,11,0,0,4,0,0
4692,OJ Gibson,11,0,0,3,0,0
4693,R Klein,11,0,0,3,0,0
4694,Abdul Hashim,11,0,0,2,0,0
4695,D Matla,11,0,0,2,0,0
4696,Diwesh Pathania,11,0,0,2,0,0
4697,DJ van Wyk,11,0,0,2,0,0
4698,Hassnain Shah,11,0,0,2,0,0
4699,I Asif,11,0,0,2,0,0
4700,Muhammad Arfan,11,0,0,2,0,0
4701,Nageebullah Sultanzai,11,0,0,2,0,0
4702,Saidingliana Sailo,3,8,0,1,1,0
4703,SJ Massiah,11,0,0,2,0,0
4704,TS Sekhukhune,11,0,0,2,0,0
4705,A Soni,11,0,0,1,0,0
4706,Amar Sharma,11,0,0,1,0,0
4707,Amir Sharif,11,0,0,1,0,0
4708,Anshuman Gautam,11,0,0,1,0,0
4709,Arjun Kumal,11,0,0,1,0,0
4710,B Ess,11,0,0,1,0,0
4711,Bibek Diyali,11,0,0,1,0,0
4712,CAR Cooper,11,0,0,1,0,0
4713,E Kearney,11,0,0,1,0,0
4714,EM Bermingham,3,8,0,0,1,0
4715,IMHC Joyce,11,0,0,1,0,0
4716,J Veikauyaki,11,0,0,1,0,0
4717,KJT Roberts,11,0,0,1,0,0
4718,LD Pfeffer,11,0,0,1,0,0
4719,LW Feldman,11,0,0,1,0,0
4720,MJ Mindley,11,0,0,1,0,0
4721,N Premaratne,11,0,0,1,0,0
4722,NA de Groot,11,0,0,1,0,0
4723,Najiha Alvi,11,0,0,1,0,0
4724,Nigar Sultana,11,0,0,1,0,0
4725,P Nirmal,11,0,0,1,0,0
4726,R Hackney,11,0,0,1,0,0
4727,S Gill,11,0,0,1,0,0
4728,Sabbir Hossain,11,0,0,1,0,0
4729,Saif Ullah,11,0,0,1,0,0
4730,Sammar Gajjar,11,0,0,1,0,0
4731,Saqlain Haider,11,0,0,1,0,0
4732,Saransh Jain,11,0,0,1,0,0
4733,SF Tiai,11,0,0,1,0,0
4734,SM Kavanagh,11,0,0,1,0,0
4735,T Singye,11,0,0,1,0,0
4736,WD Sheridan,11,0,0,1,0,0
4737,BA Roy,11,0,0,0,0,0
4738,Chintan Gaja,11,0,0,0,0,0
4739,Iftikhar Anjum,11,0,0,0,0,0
4740,KM Beams,11,0,0,0,0,0
4741,R Drake,11,0,0,0,0,0
4742,RS Pillay,11,0,0,0,0,0
4743,M Kelly,10,0,0,5,0,0
4744,RH Patel,10,0,0,4,0,0
4745,S Baker,10,0,0,4,0,0
4746,A Busing-Volschenk,10,0,0,3,0,0
4747,Imran Khan (2),10,0,0,3,0,0
4748,PA Chatterji,10,0,0,3,0,0
4749,TS Fray,10,0,0,3,0,0
4750,BJ Hatton-Lowe,10,0,0,2,0,0
4751,C Rathore,10,0,0,2,0,0
4752,Dayal Joy,10,0,0,2,0,0
4753,LA Parfitt,10,0,0,2,0,0
4754,N Chantam,0,0,10,0,0,2
4755,OJ Barnes,10,0,0,2,0,0
4756,PKD Chase,10,0,0,2,0,0
4757,R Hadley,10,0,0,2,0,0
4758,Saleem Elahi,10,0,0,2,0,0
4759,Saqlain Mushtaq,10,0,0,2,0,0
4760,Sufiyan Muqeem,10,0,0,2,0,0
4761,T Taylor,10,0,0,2,0,0
4762,A Martel,10,0,0,1,0,0
4763,A Mehdi,10,0,0,1,0,0
4764,Achit Shigwan,10,0,0,1,0,0
4765,ACL Richards,10,0,0,1,0,0
4766,Aryan Lakra,10,0,0,1,0,0
4767,B Gillgrass,10,0,0,1,0,0
4768,BJ Morris,10,0,0,1,0,0
4769,C Sudarsanan,10,0,0,1,0,0
4770,CF Snyman,10,0,0,1,0,0
4771,CJ Bodenstein,10,0,0,1,0,0
4772,D Hazell,7,3,0,1,0,0
4773,D Jamyansuren,10,0,0,1,0,0
4774,Danyal Raja,10,0,0,1,0,0
4775,DG Nalkande,10,0,0,1,0,0
4776,Dipendra Rawat,10,0,0,1,0,0
4777,DR Deshmukh,10,0,0,1,0,0
4778,E Schiferli,10,0,0,1,0,0
4779,Faisal Mehmood,10,0,0,1,0,0
4780,Gayan Munaweera,10,0,0,1,0,0
4781,H Rashid,10,0,0,1,0,0
4782,Hazrat Luqman,10,0,0,1,0,0
4783,HH Banner,10,0,0,1,0,0
4784,Jashimuddin,10,0,0,1,0,0
4785,K Kumarasinghe,10,0,0,1,0,0
4786,K Sonavale,10,0,0,1,0,0
4787,KJ Cottoy,10,0,0,1,0,0
4788,Krish Bhagat,3,7,0,0,1,0
4789,LG Smith,10,0,0,1,0,0
4790,M McColl,10,0,0,1,0,0
4791,Mohammed Awais,10,0,0,1,0,0
4792,Mosharraf Hossain,10,0,0,1,0,0
4793,Nakul Sharma,10,0,0,1,0,0
4794,Nooruddin Mujadady,10,0,0,1,0,0
4795,Poonam Yadav,0,3,7,0,0,1
4796,Pratik Desai,10,0,0,1,0,0
4797,R Ahir,10,0,0,1,0,0
4798,R King,10,0,0,1,0,0
4799,Rachintha de Silva,10,0,0,1,0,0
4800,RH Motwani,10,0,0,1,0,0
4801,S Deshapriya,10,0,0,1,0,0
4802,S Gupta,10,0,0,1,0,0
4803,S Kharvi,10,0,0,1,0,0
4804,S Srikanth,10,0,0,1,0,0
4805,Salman Fayyaz,10,0,0,1,0,0
4806,Tafseer Ali,10,0,0,1,0,0
4807,W Maximo,10,0,0,1,0,0
4808,W Viraliliu,10,0,0,1,0,0
4809,Zou Kui,10,0,0,1,0,0
4810,AG Weligamage,10,0,0,0,0,0
4811,Amos Rai,10,0,0,0,0,0
4812,B Ivanov,10,0,0,0,0,0
4813,C Taylor,10,0,0,0,0,0
4814,CM Mbebe,10,0,0,0,0,0
4815,Faris Al Balushi,10,0,0,0,0,0
4816,KA Tomlinson,10,0,0,0,0,0
4817,MS Johal,10,0,0,0,0,0
4818,Parikshit Valsangkar,10,0,0,0,0,0
4819,Ritesh Negi,10,0,0,0,0,0
4820,RO Gordon,10,0,0,0,0,0
4821,Tuba Hassan,10,0,0,0,0,0
4822,Vaishnavi Sharma,10,0,0,0,0,0
4823,AJ Staal,9,0,0,5,0,0
4824,A Sheikh,9,0,0,3,0,0
4825,AA Mulla,9,0,0,3,0,0
4826,DD Kasat,9,0,0,3,0,0
4827,SB Patel,9,0,0,3,0,0
4828,Shohidul Islam,9,0,0,3,0,0
4829,Syed Rasel,9,0,0,3,0,0
4830,B Masaba,9,0,0,2,0,0
4831,B Regmi,9,0,0,2,0,0
4832,C Tommy,9,0,0,2,0,0
4833,GW Aldridge,9,0,0,2,0,0
4834,JO Ngoche,9,0,0,2,0,0
4835,K Kartikeya,9,0,0,2,0,0
4836,Lalhruai Ralte,3,6,0,1,1,0
4837,P Silas,9,0,0,2,0,0
4838,R Minz,8,1,0,2,0,0
4839,Salma Khatun,9,0,0,1,0,1
4840,SW Tait,9,0,0,2,0,0
4841,TA Dithole,9,0,0,2,0,0
4842,Waqar Younis,9,0,0,2,0,0
4843,Zawar Farid,9,0,0,2,0,0
4844,A Patmore,9,0,0,1,0,0
4845,Ajay Mandal,9,0,0,1,0,0
4846,Akif Javed,9,0,0,1,0,0
4847,AM Samad,9,0,0,1,0,0
4848,Anwar Rahman,9,0,0,1,0,0
4849,C Bevin,9,0,0,1,0,0
4850,CJ Koski,9,0,0,1,0,0
4851,CJPF Kalugamage,9,0,0,1,0,0
4852,D Mullan,9,0,0,1,0,0
4853,D Murray,9,0,0,1,0,0
4854,D Rabha,9,0,0,1,0,0
4855,D Sabir,9,0,0,1,0,0
4856,D Sutherland,9,0,0,1,0,0
4857,Devender Singh,9,0,0,1,0,0
4858,Ehsan Nawaz,9,0,0,1,0,0
4859,FC Leydon-Davis,9,0,0,1,0,0
4860,HDJ Siegers,9,0,0,1,0,0
4861,IJ Carlisle,9,0,0,1,0,0
4862,J Barnes,9,0,0,1,0,0
4863,J Dean,9,0,0,1,0,0
4864,J Horrocks,9,0,0,1,0,0
4865,J Subramanyan,9,0,0,1,0,0
4866,JJC Lawson,9,0,0,1,0,0
4867,JN Hamilton,9,0,0,1,0,0
4868,KDM Maduranga,9,0,0,1,0,0
4869,Kim Daeyeon,9,0,0,1,0,0
4870,Koojana Perera,9,0,0,1,0,0
4871,L Marillier,9,0,0,1,0,0
4872,LA Charlesworth,9,0,0,1,0,0
4873,LC Hatcher,9,0,0,1,0,0
4874,LK Ebsary,9,0,0,1,0,0
4875,M Faraz Akram,9,0,0,1,0,0
4876,Mohammad Ghazanfar,9,0,0,1,0,0
4877,Monu Kumar,9,0,0,1,0,0
4878,MT Foster,9,0,0,1,0,0
4879,N Ifill,9,0,0,1,0,0
4880,N Pokana,9,0,0,1,0,0
4881,Naeem Islam Jr.,9,0,0,1,0,0
4882,Nazril Rahman,9,0,0,1,0,0
4883,NN Sen Chowdhary,9,0,0,1,0,0
4884,Parth Chauhan,9,0,0,1,0,0
4885,Pradipta Pramanik,9,0,0,1,0,0
4886,PWDM Badalge,9,0,0,1,0,0
4887,R Baaleri,9,0,0,1,0,0
4888,R Herrmann,9,0,0,1,0,0
4889,R Smaran,9,0,0,1,0,0
4890,Rahmat Ali,9,0,0,1,0,0
4891,RDM Leverock,9,0,0,1,0,0
4892,Rishikesh Das,9,0,0,1,0,0
4893,S Pradhan,9,0,0,1,0,0
4894,Sadia Iqbal,9,0,0,1,0,0
4895,Sazzad Hosen,9,0,0,1,0,0
4896,SD Outerbridge,9,0,0,1,0,0
4897,SJ Cameron,9,0,0,1,0,0
4898,Tenzin Wangchuk jnr,9,0,0,1,0,0
4899,TJ Bishop,9,0,0,1,0,0
4900,TMK Mawoyo,9,0,0,1,0,0
4901,UA Morais,9,0,0,1,0,0
4902,V Panwar,9,0,0,1,0,0
4903,WD Balaji Rao,0,9,0,0,1,0
4904,AC Cummins,9,0,0,0,0,0
4905,Arif Yaqoob,9,0,0,0,0,0
4906,BO van Rooi,9,0,0,0,0,0
4907,CV Milind,9,0,0,0,0,0
4908,D Penrhyn Jones,9,0,0,0,0,0
4909,DL Brangman,9,0,0,0,0,0
4910,G Bakiweyem,9,0,0,0,0,0
4911,Huzaif Yousuf,9,0,0,0,0,0
4912,Jagmeet Singh,9,0,0,0,0,0
4913,JAJ Nussbaumer,9,0,0,0,0,0
4914,LA Simango,9,0,0,0,0,0
4915,Lata Mondal,9,0,0,0,0,0
4916,Lee Kangmin,9,0,0,0,0,0
4917,MS Akhil,9,0,0,0,0,0
4918,SS Majumder,9,0,0,0,0,0
4919,JE Poysden,8,0,0,6,0,0
4920,PT Collins,8,0,0,5,0,0
4921,GJ McCarter,8,0,0,4,0,0
4922,Kartik Tyagi,8,0,0,2,1,0
4923,MJ Robbins,8,0,0,3,0,0
4924,D Nath,8,0,0,2,0,0
4925,EG Fazackerley,8,0,0,2,0,0
4926,Enamul Haque jnr,8,0,0,2,0,0
4927,Fitri Sham,8,0,0,2,0,0
4928,J Singye,8,0,0,2,0,0
4929,K Wijesiri,8,0,0,2,0,0
4930,Mohammad Ali (2),8,0,0,2,0,0
4931,NE Farrant,8,0,0,2,0,0
4932,NM Kwant,8,0,0,2,0,0
4933,Pritam Das,0,8,0,1,1,0
4934,S Sankar,8,0,0,2,0,0
4935,S van Staden,8,0,0,2,0,0
4936,SR Welsh,8,0,0,2,0,0
4937,TJ Hart,8,0,0,2,0,0
4938,Yasir Ali,8,0,0,2,0,0
4939,A Sidhu,8,0,0,1,0,0
4940,Abdullah Shahid,8,0,0,1,0,0
4941,Abhilash Gogoi,0,8,0,0,1,0
4942,Adeel Raja,8,0,0,1,0,0
4943,Ahmed Wardak,8,0,0,1,0,0
4944,AM Kimote,8,0,0,1,0,0
4945,Arjun Tendulkar,5,3,0,0,1,0
4946,BD Glover,8,0,0,1,0,0
4947,CM Edwards,8,0,0,1,0,0
4948,D Joshi,8,0,0,1,0,0
4949,DA Griffiths,8,0,0,1,0,0
4950,DJ Hall,8,0,0,1,0,0
4951,DK Jacobs,8,0,0,1,0,0
4952,Dolar Mahmud,8,0,0,1,0,0
4953,EJ Carson,8,0,0,1,0,0
4954,Hasan Yanar,8,0,0,1,0,0
4955,HE Jones,8,0,0,1,0,0
4956,HGKD Dhanushka,8,0,0,1,0,0
4957,HH Ramanayake,8,0,0,1,0,0
4958,HS Baidwan,0,8,0,0,1,0
4959,IE O'Brien,8,0,0,1,0,0
4960,IKEG Artawan,8,0,0,1,0,0
4961,IL Blackwell,8,0,0,1,0,0
4962,J Dzulfikar,8,0,0,1,0,0
4963,J Reb,8,0,0,1,0,0
4964,J Robinson,8,0,0,1,0,0
4965,JM Holland,8,0,0,1,0,0
4966,K Cotani,8,0,0,1,0,0
4967,K Dilhara,8,0,0,1,0,0
4968,K L Shrijith,8,0,0,1,0,0
4969,KHJ de Silva,8,0,0,1,0,0
4970,LN Malinga,8,0,0,1,0,0
4971,M Joseph,8,0,0,1,0,0
4972,MA Sherry,8,0,0,1,0,0
4973,MN Piedt,8,0,0,1,0,0
4974,MO Jones,8,0,0,1,0,0
4975,MS Kashyap,0,8,0,0,1,0
4976,N Brown,8,0,0,1,0,0
4977,N Timmers,8,0,0,1,0,0
4978,NB Budayair,8,0,0,1,0,0
4979,ND Buchanan,8,0,0,1,0,0
4980,Nilesh Lamichaney,8,0,0,1,0,0
4981,O Porter,8,0,0,1,0,0
4982,OH Agbomadzie,8,0,0,1,0,0
4983,P Malav,8,0,0,1,0,0
4984,Palzor Tamang,8,0,0,1,0,0
4985,Ranjeet Nikam,8,0,0,1,0,0
4986,RM Scott,8,0,0,1,0,0
4987,Rohit Kumar,8,0,0,1,0,0
4988,RR Joshi,8,0,0,1,0,0
4989,S Ishaque,0,8,0,0,1,0
4990,S Sola,8,0,0,1,0,0
4991,Saghir Khan,8,0,0,1,0,0
4992,Sajid Cheema,8,0,0,1,0,0
4993,STS Senarathne,8,0,0,1,0,0
4994,T Horpinitch,8,0,0,1,0,0
4995,T Johnson,8,0,0,1,0,0
4996,U Dorji,8,0,0,1,0,0
4997,WA Simpson,8,0,0,1,0,0
4998,Akash Madhwal,4,4,0,0,0,0
4999,AM Ghazanfar,6,2,0,0,0,0
5000,B Mavuta,8,0,0,0,0,0